data,ibov
2026-09-01,179723.0
2026-09-02,185205.0
2026-09-03,185188.0
2026-09-04,185147.0
2026-09-08,187367.0
2026-09-09,185629.0
2026-09-10,188269.0
2026-09-11,187207.0
2026-09-14,185501.0
2026-09-15,186503.0
2026-09-16,185548.0
2026-09-17,185992.0
2026-09-18,185229.0
2026-09-21,186596.0
2026-09-22,187423.0
2026-09-23,185814.0
2026-09-24,183966.0
2026-09-25,183477.0
2026-09-28,182991.0
2026-09-29,183828.0
2026-09-30,186340.0
2026-10-01,187198.0
2026-10-02,192115.0
2026-10-05,206912.0
2026-10-06,205835.0
2026-10-07,204302.0
2026-10-08,206220.0
