seg,data,fonte,cdb,lci_lca,tit_publicos,credito_privado,coe,acoes,fundos_rf,fundos_mm,fundos_acoes,fundos_555,fii,fidc,fip,etf,estruturados,poupanca,previdencia,caixa,total
private,201312,anexo boletim,21697.7,90592.5,18099.6,63207.6,0.0,83004.3,63721.6,155927.2,25956.6,246193.1,8382.3,843.4,17503.5,,26729.2,2251.2,37434.8,,589913.4
private,201412,anexo boletim,15066.0,127036.7,16651.5,71110.8,0.0,90316.3,74030.5,160693.9,22589.4,258859.6,7952.4,1198.8,20682.5,,29833.7,1882.0,47824.2,,659276.3
private,201512,anexo boletim,13230.2,146347.4,25989.2,85301.3,1291.1,78058.0,84243.0,150483.3,14976.9,251127.9,8469.5,2657.7,17673.9,,28801.1,1484.3,60901.4,,692813.1
private,201612,anexo boletim,17878.4,204482.5,51884.2,112718.2,1232.2,109538.8,120349.0,215388.2,18719.6,355071.9,12152.5,2740.8,28748.7,,43642.1,2496.1,102354.3,,1001719.8
private,201712,anexo boletim,21877.7,135569.4,43591.6,82480.5,2231.0,137041.1,104972.3,297785.0,40865.1,444035.4,10128.7,1145.8,16560.2,,27834.7,1521.0,96173.0,,992703.6
private,201810,estatística mensal,32367.8,133529.0,34326.9,87454.5,3525.9,150971.2,,,,483886.2,11896.6,1418.9,13114.6,,26486.9,1879.2,112161.1,1954.2,1071481.1
private,201812,anexo boletim,32299.7,132722.0,52066.3,84419.7,3213.3,147057.3,112437.7,338132.5,65763.8,517083.5,11525.4,1377.0,10917.9,,23820.2,1877.6,114750.4,,1109628.9
private,201902,estatística mensal,32498.2,134501.7,25663.6,79036.9,3559.7,159698.1,,,,530040.6,13208.1,1335.3,10726.0,,25341.1,1834.2,117466.6,2089.1,1114896.3
private,201903,estatística mensal,33185.2,135425.5,25629.0,80424.0,3551.4,154464.6,,,,541474.9,12821.9,998.5,10420.5,,24318.9,1838.5,119030.0,2308.7,1125884.2
private,201904,estatística mensal,32714.5,136315.9,25854.8,81081.0,3535.5,157195.6,,,,545099.2,12625.2,1297.2,11716.6,,25715.5,1903.8,120762.2,2355.7,1135474.3
private,201906,estatística mensal,33198.2,134909.8,25655.9,84066.3,3965.3,170319.0,,,,563570.5,12966.6,1549.0,11809.6,,26434.9,1902.7,125854.4,2065.2,1176295.0
private,201912,anexo boletim,33606.8,123766.1,24320.9,96776.7,4085.0,223624.8,113526.5,415111.4,103947.4,632975.2,16376.6,3651.1,11244.6,,31272.3,1937.6,138263.3,,1310867.8
private,202012,anexo boletim,64557.4,105969.4,29161.7,115848.5,4024.5,426810.1,89242.1,476210.4,130561.1,696697.5,17757.9,3774.0,12609.6,,34141.5,2681.8,152269.2,,1632294.5
private,202106,estatística mensal,66113.5,96364.5,29021.0,118084.4,4051.1,512365.8,,,,749385.3,15404.3,3597.4,10381.6,,29888.3,2377.9,149734.6,6588.1,1768350.2
private,202112,anexo boletim,76254.6,124146.3,34814.3,153299.6,4343.9,452190.3,93670.1,488175.4,147288.7,729887.1,16368.2,3985.9,12463.5,,32817.6,7555.4,168021.8,,1783372.3
private,202202,estatística mensal,72269.7,133168.4,32541.8,150152.6,4146.8,439899.8,,,,728903.8,15408.7,3843.8,13175.7,,32970.5,7534.3,169710.6,5059.7,1779608.2
private,202208,estatística mensal,74070.3,160869.4,31982.3,181411.4,4282.5,430794.0,,,,733933.9,15812.6,3208.4,15603.4,,35026.3,7103.8,176815.8,5861.5,1845441.6
private,202209,estatística mensal,74325.3,166249.1,31910.2,184652.8,4251.2,439676.2,,,,742848.3,15992.2,3223.8,15604.0,,35230.1,7029.6,179219.4,4853.1,1873560.4
private,202212,anexo boletim,73765.8,181097.0,31534.5,202670.5,4269.1,424238.9,113173.0,469407.1,135831.5,719221.2,15672.2,3075.3,17541.2,,36288.7,7182.9,182830.0,,1863492.2
private,202301,estatística mensal,75820.1,189500.5,30635.6,195109.2,4327.6,427374.1,,,,726064.3,15472.7,3356.2,16973.7,,36200.0,7340.8,184390.2,4559.2,1885087.2
private,202309,estatística mensal,86684.9,241863.3,31078.3,220140.5,3951.7,440511.0,,,,737877.6,16272.6,3886.6,19406.8,,40016.5,6917.4,202280.4,4376.2,2019471.1
private,202312,anexo boletim,89129.7,264202.0,31178.0,234815.8,3838.7,482559.7,121277.3,460463.9,163360.4,747645.4,15595.7,4826.3,19251.4,,39673.4,6885.1,211936.3,,2112618.8
private,202401,estatística mensal,91510.6,276539.1,32687.0,235716.3,3977.6,447564.7,,,,738284.7,15980.0,5334.7,18196.0,,39996.9,6919.9,212027.9,5120.7,2094301.3
private,202405,estatística mensal,100955.6,281743.4,34289.1,243143.4,3902.3,446711.7,,,,744145.4,18378.1,3799.4,25373.1,2286.3,50276.0,7111.7,222746.3,6116.7,2141512.5
private,202410,estatística mensal,104483.0,312158.1,37804.7,251182.6,4502.9,552254.4,,,,758104.1,19390.4,4514.8,24505.3,2837.9,51661.4,7587.6,235291.2,6246.1,2321561.2
private,202412,anexo boletim,107029.6,323978.8,38618.0,259753.6,4612.7,524375.4,214405.4,382146.5,144300.8,744588.0,19144.5,4945.8,22929.8,,47020.1,7411.8,238493.6,,2296164.0
private,202507,estatística mensal,111127.1,376006.7,46009.2,254140.2,7006.4,505861.1,,,,774627.7,21252.3,5931.8,26498.5,4103.2,58118.3,6372.8,257071.5,6506.3,2403087.8
private,202510,estatística mensal,114813.6,384499.5,49561.7,252999.4,6934.2,519501.1,,,,825180.1,22357.7,6443.7,28567.6,4354.8,62091.4,6435.4,264201.3,6109.7,2492429.0
private,202512,anexo boletim,140954.6,402710.4,55446.4,264307.3,7302.1,553406.8,311073.6,382275.9,171028.5,870522.2,24999.4,6205.5,30312.3,,61517.2,6576.8,274189.6,,2637037.3
private,202608,estatística mensal,161242.5,432468.5,91715.2,252188.4,15141.3,565861.8,,,,924638.9,33057.7,7058.7,41088.5,7446.5,89308.6,6497.4,300155.6,7066.8,2846297.4
varejo_alta_renda,201312,anexo boletim,83206.9,63183.1,3431.3,34053.4,0.0,17052.8,132750.8,21819.9,7168.6,163466.2,3801.4,0.0,0.2,,3801.6,0.0,0.0,,368244.3
varejo_alta_renda,201412,anexo boletim,75166.6,87513.9,5435.7,41556.5,0.0,16482.9,163313.6,17139.8,4948.1,186482.9,3957.0,35.3,1.0,,3993.3,84194.5,0.0,,500906.2
varejo_alta_renda,201512,anexo boletim,75239.5,124708.6,11097.3,59345.6,5328.9,16038.9,192531.6,17510.5,3968.1,216637.9,5901.9,36.7,1.2,,5939.9,71801.7,0.0,,586212.5
varejo_alta_renda,201612,anexo boletim,84718.6,130839.4,19894.5,64797.9,7447.9,23566.0,246373.9,25360.9,4916.3,278901.1,6610.6,37.6,1.5,,6649.6,77086.2,0.0,,693963.6
varejo_alta_renda,201703,estatística mensal,87570.5,122586.9,22227.4,60580.8,7670.7,27863.5,268559.5,36092.6,5490.1,312079.1,7014.1,33.9,2.3,270.8,7321.1,78428.8,,,726388.2
varejo_alta_renda,201709,estatística mensal,95184.0,112309.1,24742.4,52195.4,7152.6,34111.5,297228.1,53779.6,6756.7,359655.5,8345.7,30.7,1.7,333.5,8711.6,82016.1,,,776118.6
varejo_alta_renda,201712,anexo boletim,90497.8,105967.1,22715.6,46979.7,8437.2,31462.4,302192.1,60811.7,8082.2,373575.6,8054.4,28.7,1.9,,8085.0,90496.1,0.0,,778255.0
varejo_alta_renda,201803,estatística mensal,92890.3,101428.5,23295.8,45439.1,9345.7,37621.6,305244.9,71057.6,10467.9,389152.0,8990.1,31.4,2.9,435.9,9460.3,96328.2,,,804986.6
varejo_alta_renda,201809,estatística mensal,105063.7,100246.1,26201.5,43450.8,9867.6,41317.8,310155.4,77592.7,10855.4,402021.2,9862.8,28.9,4.0,468.4,10364.1,106414.6,,,844963.7
varejo_alta_renda,201812,anexo boletim,108579.5,100199.0,28447.1,41222.5,10621.5,48244.1,312850.4,83404.0,12837.6,412489.8,11311.0,45.1,4.8,,11360.9,111409.7,0.0,,872590.0
varejo_alta_renda,201912,anexo boletim,108784.0,103245.9,34041.7,31741.7,10720.3,70939.4,330107.6,107580.0,36549.1,478777.3,26235.2,35.7,13.9,,26284.8,123315.4,0.0,,987867.9
varejo_alta_renda,202012,anexo boletim,222021.6,95822.5,35462.7,35895.5,13106.0,122060.5,238063.8,138190.2,40077.8,422751.0,33989.3,1871.6,3459.5,,39320.5,142392.1,0.0,,1128843.0
varejo_alta_renda,202106,estatística mensal,236507.2,100366.2,35442.8,47536.9,16351.7,143932.4,224813.6,158962.4,50190.7,438180.1,37117.2,1724.6,3786.4,3328.9,45957.1,158548.5,,,1222823.1
varejo_alta_renda,202112,anexo boletim,250376.2,115393.8,47474.2,56364.8,22396.2,126837.0,221257.8,144480.8,37779.8,410840.1,40211.4,2128.5,3713.6,,46053.5,151024.1,0.0,,1226759.9
varejo_alta_renda,202209,estatística mensal,305210.2,170439.3,62836.6,81436.2,30449.2,128934.1,235025.7,125396.0,24313.7,389102.8,47071.3,1448.1,3641.8,3129.5,55290.7,132852.5,,,1356554.6
varejo_alta_renda,202212,anexo boletim,313463.4,180372.1,64740.3,88925.3,32110.8,117350.9,250654.8,127628.6,60949.9,447255.3,46939.2,1367.4,2001.0,,50307.6,131131.5,0.0,,1425661.2
varejo_alta_renda,202301,estatística mensal,315172.6,186868.0,65579.1,90046.9,33130.0,124648.1,249915.8,125331.3,60946.2,441142.7,46544.0,1386.8,2024.5,3146.8,53102.0,129151.9,,,1438867.5
varejo_alta_renda,202303,estatística mensal,337723.0,205334.0,72904.5,95566.8,35977.3,123330.0,254175.7,128656.9,57648.4,444814.9,46426.3,1423.6,2114.0,3175.5,53139.4,127731.5,,,1496553.5
varejo_alta_renda,202309,estatística mensal,356145.1,225054.2,79030.2,113631.1,44085.7,134449.6,280542.7,118620.1,57792.9,461438.2,56481.1,1794.3,2697.8,3432.1,64405.3,123040.1,,,1601301.4
varejo_alta_renda,202310,estatística mensal,356866.6,227820.3,80578.9,117547.0,45200.3,132922.2,292150.6,116602.5,56911.9,470337.8,56951.2,1821.2,2338.2,3477.6,64588.2,122714.6,,,1618589.0
varejo_alta_renda,202312,anexo boletim,353045.0,227074.7,74344.9,107249.4,43945.1,134842.8,297618.8,109789.5,57712.3,473394.7,52617.2,5456.0,2337.9,,60411.1,125123.3,629016.1,,2228460.4
varejo_alta_renda,202408,estatística mensal,389632.8,225834.4,84545.7,150282.4,58676.9,148807.8,373294.5,111807.4,57872.3,547528.0,68671.1,5323.9,2424.8,4573.7,80993.5,119133.4,703336.8,,2508771.6
varejo_alta_renda,202412,anexo boletim,408984.3,241154.7,88846.5,156199.6,66187.6,132236.5,386124.4,110904.6,56292.3,562657.8,60054.1,9858.8,2770.2,,72683.1,122069.5,729614.0,,2580640.2
varejo_alta_renda,202502,estatística mensal,442492.3,254169.6,92899.2,162085.4,71515.4,131175.6,390746.4,108525.4,55393.2,558999.4,58165.8,10785.5,2481.7,5033.7,76466.7,133786.1,760402.9,,2683999.5
varejo_alta_renda,202507,estatística mensal,493133.7,288829.0,108633.9,179070.0,78785.3,138670.7,416541.6,105899.3,54830.9,581356.0,62116.2,12176.6,2853.5,5664.6,82810.9,135641.1,806786.7,,2893718.0
varejo_alta_renda,202512,anexo boletim,556917.3,298364.2,124683.3,185141.6,82774.4,151001.0,469564.9,105268.1,55518.0,642130.3,75351.8,17422.6,2602.2,,95376.6,140697.0,851265.9,,3128352.4
varejo_alta_renda,202608,estatística mensal,650411.8,301981.2,167085.9,185784.2,88140.3,164559.3,554673.7,107464.8,55807.1,723311.7,84373.6,21562.6,3041.8,10806.1,119784.1,152864.8,932630.8,,3486554.0
varejo_tradicional,201312,anexo boletim,66886.0,43634.1,1262.6,14555.7,0.0,5147.4,69711.8,3336.1,3649.2,80268.2,848.9,0.0,0.0,,849.0,0.0,0.0,,212609.0
varejo_tradicional,201412,anexo boletim,55466.2,77326.8,2375.4,18056.9,0.0,7790.2,80623.6,2056.1,2243.2,87027.1,998.2,6.6,3.1,,1007.8,526091.7,0.0,,775143.2
varejo_tradicional,201512,anexo boletim,54440.6,105201.7,4075.3,21045.3,43.5,6046.3,94792.9,3119.2,1701.8,101370.7,1283.1,7.0,4.4,,1294.4,532120.3,0.0,,825638.0
varejo_tradicional,201612,anexo boletim,67366.3,96172.6,7560.7,20070.4,89.7,8764.0,106664.6,6581.5,2353.9,118145.5,1319.8,5.5,3.7,,1329.0,533587.0,0.0,,853085.1
varejo_tradicional,201703,estatística mensal,72524.3,91463.8,8142.2,17902.5,151.3,9485.2,117434.1,7661.9,2564.7,130030.2,1301.9,4.9,3.5,93.0,1403.3,526140.5,,,857243.3
varejo_tradicional,201709,estatística mensal,79414.7,80167.0,8629.5,14428.4,349.6,10414.1,134164.2,8465.2,3072.2,148136.3,1396.2,4.5,3.8,100.9,1505.4,550392.4,,,893437.5
varejo_tradicional,201712,anexo boletim,79960.7,73686.5,8719.6,12988.8,655.2,9953.6,140152.8,8550.9,3276.1,154828.2,1494.7,4.0,3.4,,1502.1,573655.5,0.0,,915950.2
varejo_tradicional,201803,estatística mensal,81373.1,70294.3,8713.5,11929.1,868.3,11562.5,149894.8,10406.0,4282.0,167793.4,1689.9,11.2,2.8,147.7,1851.7,574522.3,,,928908.0
varejo_tradicional,201809,estatística mensal,87006.8,61586.5,8044.1,8918.6,1198.9,9527.7,150128.7,10624.1,4185.3,168708.3,1455.7,5.7,1.9,121.2,1584.5,602378.8,,,948954.1
varejo_tradicional,201812,anexo boletim,87196.0,53464.7,8386.1,7071.0,1188.0,10017.3,153977.8,8827.0,4346.3,170634.7,1423.4,4.7,1.4,,1429.5,619315.8,0.0,,958703.3
varejo_tradicional,201912,anexo boletim,85982.1,43558.5,9709.3,4149.3,1453.6,13328.4,121693.8,13448.5,7880.8,146385.1,3806.3,3.7,1.9,,3811.9,659910.0,0.0,,968288.3
varejo_tradicional,202012,anexo boletim,205663.1,58717.6,20968.9,12982.0,2785.3,70322.5,129006.3,47624.3,24983.2,207217.8,17954.9,5619.0,3614.3,,27188.3,841467.8,0.0,,1447313.3
varejo_tradicional,202106,estatística mensal,220520.1,56772.4,20984.0,15581.3,3406.1,71066.4,129425.6,39382.5,25216.8,198824.8,19924.7,606.5,893.1,1828.0,23252.3,821953.2,,,1432360.6
varejo_tradicional,202112,anexo boletim,243610.2,70527.5,26516.6,22032.9,4478.4,67227.9,138800.7,54099.7,23886.6,223268.7,24316.3,5242.7,5000.0,,34558.9,824803.3,0.0,,1517024.3
varejo_tradicional,202209,estatística mensal,311159.3,134958.4,36880.5,33664.1,6021.6,76400.3,149018.4,62156.2,18680.4,234485.8,29019.0,4615.7,4640.4,1953.4,40228.5,802959.6,,,1676757.9
varejo_tradicional,202212,anexo boletim,324899.1,162764.8,38343.3,35802.1,6582.6,73309.7,145134.7,61313.6,17046.2,230402.9,29285.1,4084.6,4457.1,,37826.7,806879.4,0.0,,1716810.6
varejo_tradicional,202301,estatística mensal,321182.0,170131.8,38047.3,34850.0,6373.8,74036.5,145856.2,67351.4,17673.2,235970.2,27982.9,4118.0,4473.8,1867.3,38442.1,781591.5,,,1700625.1
varejo_tradicional,202303,estatística mensal,340936.1,190122.0,44628.1,37670.0,6966.1,73645.7,145744.7,66815.9,15791.6,232746.6,31015.7,4151.1,4878.7,2197.6,42243.1,769720.6,,,1738678.2
varejo_tradicional,202309,estatística mensal,376953.6,226636.7,47891.9,50461.1,8296.0,87688.9,155644.6,66735.2,16910.6,244022.6,36906.5,1402.9,5150.4,2316.0,45775.8,778522.8,,,1866249.3
varejo_tradicional,202310,estatística mensal,375745.8,231081.7,49134.7,51622.3,8416.5,84715.3,161241.6,65572.8,16645.3,248285.2,38002.6,1360.5,5499.3,2448.5,47310.9,774613.2,,,1870925.6
varejo_tradicional,202312,anexo boletim,420468.8,248123.1,44404.9,55151.1,8031.4,85668.6,159570.9,61934.2,19168.2,248327.9,24248.7,1893.3,6192.0,,32334.1,793612.7,199504.9,,2135627.4
varejo_tradicional,202408,estatística mensal,503850.7,256923.2,51732.5,65724.9,11762.3,90187.5,184430.6,71316.4,19569.4,280365.2,24944.3,3932.2,8839.4,3618.8,41334.7,835362.5,252319.6,,2389563.0
varejo_tradicional,202412,anexo boletim,526409.6,271392.6,56385.3,69373.1,12836.9,79567.1,190195.8,53215.9,17755.5,270035.4,23012.7,8493.2,8849.6,,40355.5,842278.8,391029.1,,2559663.5
varejo_tradicional,202502,estatística mensal,521860.0,287501.3,58072.7,71122.7,11878.1,84897.7,196061.2,52029.0,17015.7,269353.6,23920.5,10598.7,9941.6,4477.3,48938.1,807810.1,254908.7,,2416342.9
varejo_tradicional,202507,estatística mensal,565224.5,318873.6,67506.9,78503.3,12792.6,92351.4,205776.6,51504.5,17168.9,278517.2,29314.1,20412.8,9979.9,5589.9,65296.7,817480.3,410877.9,,2707424.4
varejo_tradicional,202512,anexo boletim,633248.0,291409.5,83462.6,85603.0,13208.7,102862.7,233376.2,48484.2,17513.5,310523.9,28099.5,28277.9,12588.8,,68966.1,814134.7,420355.5,,2823774.7
varejo_tradicional,202608,estatística mensal,672163.3,298554.1,112396.2,90285.5,12661.8,120889.2,273496.4,49582.5,19756.2,349754.9,44911.4,37783.2,16966.2,10489.1,110150.0,800051.6,454372.6,,3021279.2
