seg,data,fonte,total,fundos_rf,fundos_mm,cdb,lci_lca,acoes,poupanca,demais,fundos_555,fundos_acoes,debentures,previdencia
varejo_tradicional,201706,coletiva pdf (% x total),878500.0,128261.0,8785.0,76429.5,86093.0,8785.0,540277.5,30747.5,137046.0,,,
varejo_tradicional,201806,coletiva pdf (% x total),919300.0,144330.1,10112.3,84575.6,63431.7,8273.7,581916.9,26659.7,154442.4,,,
varejo_tradicional,201906,coletiva pdf (% x total),912700.0,123214.5,9127.0,85793.8,45635.0,10952.4,612421.7,24642.9,132341.5,,,
varejo_tradicional,202006,coletiva pdf (% x total),1065600.0,118281.6,13852.8,100166.4,56476.8,14918.4,733132.8,28771.2,132134.4,,,
varejo_alta_renda,201706,coletiva pdf (% x total),742700.0,286682.2,40105.8,92094.8,116603.9,28222.6,80211.6,99521.8,326788.0,,,
varejo_alta_renda,201806,coletiva pdf (% x total),821500.0,307241.0,76399.5,98580.0,101866.0,36967.5,101044.5,99401.5,383640.5,,,
varejo_alta_renda,201906,coletiva pdf (% x total),968700.0,349700.7,94932.6,112369.2,109463.1,63934.2,117212.7,120118.8,444633.3,,,
varejo_alta_renda,202006,coletiva pdf (% x total),995700.0,269834.7,109527.0,161303.4,93595.8,80651.7,137406.6,141389.4,379361.7,,,
private,201606,coletiva pdf (% x total),764400.0,86377.2,190335.6,14523.6,147529.2,91728.0,,135298.8,295822.8,19110.0,10701.6,68031.6
private,201706,coletiva pdf (% x total),892300.0,109752.9,241813.3,19630.6,137414.2,112429.8,,151691.0,371196.8,19630.6,13384.5,85660.8
private,201806,coletiva pdf (% x total),1010000.0,110090.0,324210.0,27270.0,133320.0,124230.0,,116150.0,486820.0,52520.0,17170.0,106050.0
private,201906,coletiva pdf (% x total),1176300.0,118806.3,365829.3,32936.4,135274.5,172916.1,,115277.4,563447.7,78812.1,23526.0,125864.1
private,202006,coletiva pdf (% x total),1306100.0,94039.2,420564.2,50937.9,116242.9,225955.3,,129303.9,613867.0,99263.6,28734.2,141058.8
