seg,data,poupanca,previdencia,total,cdb,lci_lca,tit_publicos,cred_privado,coe,acoes,fundos_rf,fundos_mm_acoes,estruturados,outros,fundos,caixa
varejo,202106,980.5016892878964,,2655.1836950164284,457.02732252115084,157.13859313841698,56.42680103091775,46.79794770609861,19.757859710189884,214.99889133319374,354.2392336139213,282.7656429779865,69.20944250124178,16.32027119541438,,
varejo,202303,897.45210732468,,3235.2316868884204,678.65905462066,395.45595988983996,117.53267479182998,113.44899788395001,42.943374731700004,196.97574262746,399.92045017295993,277.64098732317,95.38243840771004,19.78781166879,,
varejo,202310,897.3277928997401,,3489.51459009794,732.6124450969401,458.90202047036007,129.7135671787,145.72552274465997,53.61681079732,217.6374589312,453.39222956860004,265.23080302664,111.89913199189999,23.44370160291,,
varejo,202408,954.49587089643,955.65639254462,4898.33460169965,893.4834745035499,482.75755384382006,136.27818695019,190.61628992789,70.43918949511001,238.99526408516,557.7250631836,270.16810690434,122.32823242078997,25.390976944150008,,
varejo,202502,941.5962188948,1015.31158283839,5100.3424075108105,964.3522510691799,541.67097439084,150.97195970368,206.69020005694,83.39346845751,216.07326127315005,586.8076319159001,241.54544060514,125.40473186659,26.517860804160005,,
varejo,202507,953.1213949649,1217.6645963779001,5601.14244654519,1058.3581797405,607.7026249575999,176.14082562654,230.59848984563,91.5778965736,231.02211375144,622.3181547862,237.55507798597998,148.10760270607,26.97477821561,,
varejo,202608,952.91639880753,1387.00344782755,6507.8331966927,1322.57508514124,600.53536791587,279.48203551811,247.76946466262996,100.80210380231,285.44846301033,828.17007200254,244.89651872802003,229.93404331285,28.30019596372,,
private,201810,,112.16111449929,1071.4811324718603,32.36782320972,133.5290293378051,34.326857759839996,76.8762519201,3.525869416641589,150.9712454598502,,,26.48691135703431,,510.3730641977246,3.8334503729500002
private,201812,,114.60611730885,1080.8255737648365,32.33225155377,132.62459082517512,33.781107758740006,77.77017987439598,3.2132579195104123,152.6507432754166,,,28.565854232303284,,517.0031855665433,3.61038837943
private,201903,,119.03004609506,1125.8842416494351,33.185240608627716,135.42553446145817,25.62902181524,70.48403082259925,3.551419720052146,154.46463174315477,,,24.31889825377921,,565.7938334255191,4.14719206543
private,201904,,120.76223575240998,1135.4743055763865,32.71448267287276,136.31590575092204,25.8547715832186,71.04779177925069,3.5355471762035444,157.19563262522232,,,25.715474048255462,,570.814673568215,4.25949380894
private,201906,,125.85438020206,1176.2949995976944,33.198179797145905,134.9097998288624,25.655892284527685,73.10042596722896,3.965270008661442,170.31899031930794,,,26.43494105811397,,590.005471520926,3.96796305786
private,202106,,152.2692062182829,1625.1645349516527,64.49967291277332,125.04080526525527,28.305894297825002,83.44248201044853,4.002858282247986,423.65702270680157,,,34.40911827592462,,729.8629545985656,7.31488253384
private,202401,,212.3900499633,2117.0624674858136,89.37734970667994,354.972140932106,31.593613992481433,138.76398931573564,3.934330896040222,481.1966000739001,,,40.53448564635162,,787.336886281442,10.89914753108962
private,202405,,222.74631004903,2141.512461866103,100.95556054887986,374.77643359949235,34.28912416999125,145.54485676276082,3.902261328371327,446.7117233292272,,,50.27602064203647,,744.1453983331198,13.228342478479975
private,202507,,257.0715172981,2403.087790447778,111.12710348627002,462.14106241487,46.009152016106995,163.006777245977,7.006388875364999,505.8611349872899,,,58.118318084500004,,774.627668738836,12.87904607661
private,202510,,264.2013211199,2492.429041111997,114.81357659139299,466.2809155116539,49.561725681445004,163.570816677376,6.934177773537,519.5010650103249,,,62.09136055473801,,825.180078382633,12.545152481151002
private,202608,,300.1556170967701,2846.297416868505,161.24250764541398,507.74699197549694,91.715170015585,166.59564054990201,15.141325219297,565.861801500448,,,89.308564026926,,924.6389177186172,13.564247571980001
