data,di_mediana,di_media,di_n,di_ate2a_mediana,di_ate2a_media,di_ate2a_n,di_2a4a_mediana,di_2a4a_media,di_2a4a_n,di_acima4a_mediana,di_acima4a_media,di_acima4a_n,ipca_taxa_mediana,ipca_taxa_media,ipca_n,ipca_spread_ntnb_mediana,ipca_spread_ntnb_media,ipca_spread_n,duration_di_mediana_anos
2026-09-28,0.941,1.396,573,1.071,1.586,199,0.832,1.335,324,0.935,1.039,50,7.995,8.318,629,0.334,0.669,629,2.44
2026-09-29,0.942,1.392,573,1.074,1.572,201,0.831,1.334,322,0.933,1.039,50,7.935,8.25,629,0.273,0.601,629,2.44
2026-09-30,0.94,1.393,573,1.07,1.57,201,0.838,1.337,322,0.929,1.037,50,7.951,8.316,629,0.308,0.667,629,2.43
2026-10-01,0.943,1.398,573,1.084,1.57,203,0.828,1.345,320,0.931,1.042,50,8.006,8.366,629,0.363,0.717,629,2.43
2026-10-02,0.94,1.413,561,1.148,1.615,188,0.833,1.351,323,0.934,1.052,50,7.954,8.312,628,0.307,0.663,628,2.45
2026-10-05,0.913,1.392,561,1.12,1.589,187,0.816,1.338,316,0.854,1.048,58,7.431,7.814,628,-0.223,0.165,628,2.47
2026-10-06,0.921,1.378,565,1.114,1.578,188,0.825,1.319,319,0.85,1.05,58,7.374,7.772,628,-0.276,0.124,628,2.47
2026-10-07,0.92,1.379,564,1.14,1.564,188,0.842,1.328,319,0.914,1.049,57,7.339,7.733,628,-0.297,0.085,628,2.47
2026-10-08,0.929,1.377,565,1.15,1.565,189,0.836,1.326,318,0.852,1.047,58,7.278,7.642,628,-0.375,-0.006,628,2.47
