seg,ano,acoes,cdb,coe,compromissada,cra,cri,debentures,fidc,fii,fip,fundos_acoes,fundos_mm,fundos_outros,fundos_rf,lam,lc,lca,lci,lf,lh,lig,outros,poupanca,previdencia,tit_publicos,total,lci_lca,credito_privado,fundos_555,estruturados
pf_total,2013,,,,,,,,,,,,,,,,,,,,,,,,,,1171505.1,0.0,0.0,0.0,0.0
pf_total,2014,,,,,,,,,,,,,,,,,,,,,,,,,,1936684.3,0.0,0.0,0.0,0.0
pf_total,2015,,,,,,,,,,,,,,,,,,,,,,,,,,2104663.7,0.0,0.0,0.0,0.0
pf_total,2016,,,,,,,,,,,,,,,,,,,,,,,,,,2548768.5,0.0,0.0,0.0,0.0
pf_total,2017,,,,,,,,,,,,,,,,,,,,,,,,,,2686908.7,0.0,0.0,0.0,0.0
pf_total,2018,,,,,,,,,,,,,,,,,,,,,,,,,,2940922.1,0.0,0.0,0.0,0.0
pf_total,2019,,,,,,,,,,,,,,,,,,,,,,,,,,3267024.0,0.0,0.0,0.0,0.0
pf_total,2020,,,,,,,,,,,,,,,,,,,,,,,,,,4208450.8,0.0,0.0,0.0,0.0
pf_total,2021,,,,,,,,,,,,,,,,,,,,,,,,,,4527156.4,0.0,0.0,0.0,0.0
pf_total,2022,,,,,,,,,,,,,,,,,,,,,,,,,,5005964.0,0.0,0.0,0.0,0.0
pf_total,2023,,,,,,,,,,,,,,,,,,,,,,,,,,6476706.7,0.0,0.0,0.0,0.0
pf_total,2024,,,,,,,,,,,,,,,,,,,,,,,,,,7436467.7,0.0,0.0,0.0,0.0
pf_total,2025,,,,,,,,,,,,,,,,,,,,,,,,,,8589164.4,0.0,0.0,0.0,0.0
private,2013,83004.3,21697.7,0.0,28129.0,0.0,7651.4,8743.5,843.4,8382.3,17503.5,25956.6,155927.2,587.6,63721.6,0.0,0.0,61389.9,29202.6,13914.4,703.4,0.0,4769.3,2251.2,37434.8,18099.6,589913.4,90592.5,63207.6,246193.1,26729.2
private,2014,90316.3,15066.0,0.0,27504.3,0.0,7811.8,15786.6,1198.8,7952.4,20682.5,22589.4,160693.9,1545.8,74030.5,0.0,0.0,83282.8,43753.8,14491.6,695.8,0.0,5516.4,1882.0,47824.2,16651.5,659276.3,127036.7,71110.8,258859.6,29833.7
private,2015,78058.0,13230.2,1291.1,31649.3,0.0,6329.7,19834.0,2657.7,8469.5,17673.9,14976.9,150483.3,1424.7,84243.0,0.0,0.0,96878.9,49468.6,18362.0,281.1,0.0,9126.3,1484.3,60901.4,25989.2,692813.1,146347.4,85301.3,251127.9,28801.1
private,2016,109538.8,17878.4,1232.2,32891.2,13980.1,8185.1,27713.6,2740.8,12152.5,28748.7,18719.6,215388.2,615.1,120349.0,0.0,0.0,156762.6,47719.9,21558.3,421.0,0.0,8390.0,2496.1,102354.3,51884.2,1001719.8,204482.5,112718.2,355071.9,43642.1
private,2017,137041.1,21877.7,2231.0,13069.7,21342.5,9177.9,16713.2,1145.8,10128.7,16560.2,40865.1,297785.0,413.0,104972.3,0.0,0.0,90121.9,45447.5,15814.9,348.2,0.0,6362.4,1521.0,96173.0,43591.6,992703.6,135569.4,82480.5,444035.4,27834.7
private,2018,147057.3,32299.7,3213.3,4230.2,26467.2,10682.2,23000.2,1377.0,11525.4,10917.9,65763.8,338132.5,749.5,112437.7,0.0,0.0,89596.9,43125.1,13135.5,318.8,0.0,6904.4,1877.6,114750.4,52066.3,1109628.9,132722.0,84419.7,517083.5,23820.2
private,2019,223624.8,33606.8,4085.0,730.9,27001.5,11940.4,30497.7,3651.1,16376.6,11244.6,103947.4,415111.4,389.8,113526.5,740.2,45.7,87311.5,36454.5,11298.5,239.1,10687.4,3834.5,1937.6,138263.3,24320.9,1310867.8,123766.1,96776.7,632975.2,31272.3
private,2020,426810.1,64557.4,4024.5,1113.3,26799.2,11983.6,39426.2,3774.0,17757.9,12609.6,130561.1,476210.4,684.0,89242.1,195.7,83.9,76714.0,29255.4,9980.6,133.1,19085.9,7180.1,2681.8,152269.2,29161.7,1632294.5,105969.4,115848.5,696697.5,34141.5
private,2021,452190.3,76254.6,4343.9,1217.0,31539.9,14977.3,45772.3,3985.9,16368.2,12463.5,147288.7,488175.4,752.8,93670.1,44.1,51.8,82171.8,41974.5,9601.3,41.4,42615.1,7480.9,7555.4,168021.8,34814.3,1783372.3,124146.3,153299.6,729887.1,32817.6
private,2022,424238.9,73765.8,4269.1,992.5,36419.2,21867.3,52571.3,3075.3,15672.2,17541.2,135831.5,469407.1,809.5,113173.0,49.7,28.6,109802.2,71294.9,9876.7,393.7,74663.9,6201.1,7182.9,182830.0,31534.5,1863492.2,181097.0,202670.5,719221.2,36288.7
private,2023,482559.7,89129.7,3838.7,892.5,40259.6,31806.8,55470.4,4826.3,15595.7,19251.4,163360.4,460463.9,2543.8,121277.3,31.5,12.7,144851.2,119350.7,9806.8,754.7,90444.1,6091.4,6885.1,211936.3,31178.0,2112618.8,264202.0,234815.8,747645.4,39673.4
private,2024,524375.4,107029.6,4612.7,2480.9,44352.0,37415.0,62539.7,4945.8,19144.5,22929.8,144300.8,382146.5,3735.3,214405.4,0.0,2.5,175752.7,148226.0,9541.6,282.4,95404.9,8017.1,7411.8,238493.6,38618.0,2296164.0,323978.8,259753.6,744588.0,47020.1
private,2025,553406.8,140954.6,7302.1,6010.7,48660.9,41275.6,67553.3,6205.5,24999.4,30312.3,171028.5,382275.9,6144.2,311073.6,0.0,466.5,201257.6,201452.8,10051.5,104.0,79129.8,11159.0,6576.8,274189.6,55446.4,2637037.3,402710.4,264307.3,870522.2,61517.2
varejo_alta_renda,2013,17052.8,83206.9,0.0,31424.1,0.0,0.0,1808.6,0.0,3801.4,0.2,7168.6,21819.9,1727.0,132750.8,0.0,0.0,31296.7,31886.5,820.8,48.8,0.0,0.0,0.0,0.0,3431.3,368244.3,63183.1,34053.4,163466.2,3801.6
varejo_alta_renda,2014,16482.9,75166.6,0.0,37922.6,0.0,0.0,2373.4,35.3,3957.0,1.0,4948.1,17139.8,1081.4,163313.6,0.0,0.0,34318.1,53195.8,1260.4,79.7,0.0,0.0,84194.5,0.0,5435.7,500906.2,87513.9,41556.5,186482.9,3993.3
varejo_alta_renda,2015,16038.9,75239.5,5328.9,44427.0,996.8,752.8,4707.9,36.7,5901.9,1.2,3968.1,17510.5,2627.7,192531.6,0.0,0.0,52241.1,72467.6,2281.5,74.2,0.0,6179.6,71801.7,0.0,11097.3,586212.5,124708.6,59345.6,216637.9,5939.9
varejo_alta_renda,2016,23566.0,84718.6,7447.9,44352.2,2410.2,1614.2,6867.2,37.6,6610.6,1.5,4916.3,25360.9,2250.0,246373.9,0.0,0.0,53797.9,77041.5,3625.2,62.3,0.0,5928.8,77086.2,0.0,19894.5,693963.6,130839.4,64797.9,278901.1,6649.6
varejo_alta_renda,2017,31462.4,90497.8,8437.2,24168.4,3677.4,1669.0,8655.3,28.7,8054.4,1.9,8082.2,60811.7,2489.6,302192.1,0.0,0.0,33728.4,72238.7,2964.3,38.5,0.0,5845.3,90496.1,0.0,22715.6,778255.0,105967.1,46979.7,373575.6,8085.0
varejo_alta_renda,2018,48244.1,108579.5,10621.5,14484.5,6066.5,2810.0,8126.9,45.1,11311.0,4.8,12837.6,83404.0,3397.8,312850.4,0.0,0.0,35287.7,64911.3,2341.9,15.9,0.0,7392.7,111409.7,0.0,28447.1,872590.0,100199.0,41222.5,412489.8,11360.9
varejo_alta_renda,2019,70939.4,108784.0,10720.3,6921.2,7247.8,3117.7,8585.3,35.7,26235.2,13.9,36549.1,107580.0,4540.7,330107.6,0.0,0.0,42214.1,61031.9,1733.5,17.4,0.0,4136.2,123315.4,0.0,34041.7,987867.9,103245.9,31741.7,478777.3,26284.8
varejo_alta_renda,2020,122060.5,222021.6,13106.0,5173.8,9676.5,3299.8,12285.9,1871.6,33989.3,3459.5,40077.8,138190.2,6419.2,238063.8,128.7,1306.6,49753.0,46069.4,2220.8,10.5,709.4,1094.0,142392.1,0.0,35462.7,1128843.0,95822.5,35895.5,422751.0,39320.5
varejo_alta_renda,2021,126837.0,250376.2,22396.2,4675.5,16551.8,5896.5,18920.8,2128.5,40211.4,3713.6,37779.8,144480.8,7321.7,221257.8,26.6,1069.9,67389.7,48004.1,5427.0,0.0,3525.3,271.4,151024.1,0.0,47474.2,1226759.9,115393.8,56364.8,410840.1,46053.5
varejo_alta_renda,2022,117350.9,313463.4,32110.8,3875.4,24376.5,12697.5,28622.9,1367.4,46939.2,2001.0,60949.9,127628.6,8022.1,250654.8,1.2,865.6,122519.5,57852.5,6650.1,3.9,11437.4,398.8,131131.5,0.0,64740.3,1425661.2,180372.1,88925.3,447255.3,50307.6
varejo_alta_renda,2023,134842.8,353045.0,43945.1,3168.6,30596.5,19997.6,28813.4,5456.0,52617.2,2337.9,57712.3,109789.5,8274.1,297618.8,2.4,444.1,158995.6,68079.1,6243.4,13.4,17712.6,270.7,125123.3,629016.1,74344.9,2228460.4,227074.7,107249.4,473394.7,60411.1
varejo_alta_renda,2024,132236.5,408984.3,66187.6,2386.2,47935.5,33129.0,43711.3,9858.8,60054.1,2770.2,56292.3,110904.6,9336.4,386124.4,0.0,165.4,165686.1,75468.6,7208.4,6.7,19662.1,2001.7,122069.5,729614.0,88846.5,2580640.2,241154.7,156199.6,562657.8,72683.1
varejo_alta_renda,2025,151001.0,556917.3,82774.4,2701.9,55903.8,40337.4,55650.3,17422.6,75351.8,2602.2,55518.0,105268.1,11779.4,469564.9,7.7,125.2,194638.6,103725.6,8852.3,0.8,19278.2,2284.7,140697.0,851265.9,124683.3,3128352.4,298364.2,185141.6,642130.3,95376.6
varejo_tradicional,2013,5147.4,66886.0,0.0,14453.8,0.0,0.0,48.0,0.0,848.9,0.0,3649.2,3336.1,3571.1,69711.8,0.0,0.0,13339.8,30294.3,53.9,6.0,0.0,0.0,0.0,0.0,1262.6,212609.0,43634.1,14555.7,80268.2,849.0
varejo_tradicional,2014,7790.2,55466.2,0.0,17894.7,0.0,0.0,79.3,6.6,998.2,3.1,2243.2,2056.1,2104.2,80623.6,0.0,0.0,21095.9,56231.0,83.0,1.1,0.0,0.0,526091.7,0.0,2375.4,775143.2,77326.8,18056.9,87027.1,1007.8
varejo_tradicional,2015,6046.3,54440.6,43.5,20210.9,81.2,73.6,286.2,7.0,1283.1,4.4,1701.8,3119.2,1756.8,94792.9,0.0,0.0,31850.4,73351.3,225.6,0.0,0.0,167.8,532120.3,0.0,4075.3,825638.0,105201.7,21045.3,101370.7,1294.4
varejo_tradicional,2016,8764.0,67366.3,89.7,18787.5,153.1,103.0,516.9,5.5,1319.8,3.7,2353.9,6581.5,2545.5,106664.6,0.0,0.0,27535.0,68637.6,310.2,0.0,0.0,199.7,533587.0,0.0,7560.7,853085.1,96172.6,20070.4,118145.5,1329.0
varejo_tradicional,2017,9953.6,79960.7,655.2,11293.2,253.9,284.6,612.0,4.0,1494.7,3.4,3276.1,8550.9,2848.4,140152.8,0.0,0.0,14905.9,58780.6,231.4,0.0,0.0,313.7,573655.5,0.0,8719.6,915950.2,73686.5,12988.8,154828.2,1502.1
varejo_tradicional,2018,10017.3,87196.0,1188.0,5336.0,176.5,357.1,598.2,4.7,1423.4,1.4,4346.3,8827.0,3483.6,153977.8,0.0,0.0,14315.2,39149.5,232.5,0.0,0.0,370.6,619315.8,0.0,8386.1,958703.3,53464.7,7071.0,170634.7,1429.5
varejo_tradicional,2019,13328.4,85982.1,1453.6,2069.5,412.9,296.3,760.9,3.7,3806.3,1.9,7880.8,13448.5,3362.0,121693.8,0.0,0.0,11515.5,32043.0,229.4,0.0,0.0,380.4,659910.0,0.0,9709.3,968288.3,43558.5,4149.3,146385.1,3811.9
varejo_tradicional,2020,70322.5,205663.1,2785.3,887.4,2320.8,2596.0,4038.7,5619.0,17954.9,3614.3,24983.2,47624.3,5604.0,129006.3,0.9,1985.6,18612.4,40105.2,752.5,0.0,28.3,371.9,841467.8,0.0,20968.9,1447313.3,58717.6,12982.0,207217.8,27188.3
varejo_tradicional,2021,67227.9,243610.2,4478.4,135.6,5596.7,3417.8,9714.5,5242.7,24316.3,5000.0,23886.6,54099.7,6481.7,138800.7,0.0,1669.0,30905.1,39622.4,1188.1,0.0,26.7,284.5,824803.3,0.0,26516.6,1517024.3,70527.5,22032.9,223268.7,34558.9
varejo_tradicional,2022,73309.7,324899.1,6582.6,57.2,11400.0,6310.2,13914.1,4084.6,29285.1,4457.1,17046.2,61313.6,6908.3,145134.7,0.4,1183.4,75717.4,87047.4,2168.6,0.0,549.1,219.1,806879.4,0.0,38343.3,1716810.6,162764.8,35802.1,230402.9,37826.7
varejo_tradicional,2023,85668.6,420468.8,8031.4,65.0,22179.9,10862.1,16894.5,1893.3,24248.7,6192.0,19168.2,61934.2,7654.6,159570.9,1.1,681.3,114392.8,133730.3,2977.9,0.0,693.1,796.2,793612.7,199504.9,44404.9,2135627.4,248123.1,55151.1,248327.9,32334.1
varejo_tradicional,2024,79567.1,526409.6,12836.9,61.6,26288.7,15198.6,21461.9,8493.2,23012.7,8849.6,17755.5,53215.9,8868.3,190195.8,0.0,299.9,132817.8,138574.8,4113.6,0.0,1078.6,870.2,842278.8,391029.1,56385.3,2559663.5,271392.6,69373.1,270035.4,40355.5
varejo_tradicional,2025,102862.7,633248.0,13208.7,191.5,32206.4,18614.2,26447.2,28277.9,28099.5,12588.8,17513.5,48484.2,11150.0,233376.2,0.0,228.5,142878.8,148530.7,5464.5,0.0,1942.3,508.5,814134.7,420355.5,83462.6,2823774.7,291409.5,85603.0,310523.9,68966.1
