seg,ano,classe,valor
varejo_tradicional,2013,fundos_rf,69711.7831441864
varejo_tradicional,2013,fundos_mm,3336.0669163936363
varejo_tradicional,2013,fundos_acoes,3649.194051068964
varejo_tradicional,2013,fip,0.024454880000000002
varejo_tradicional,2013,fidc,0.0
varejo_tradicional,2013,fii,848.9433767714904
varejo_tradicional,2013,fundos_outros,3571.142754406259
varejo_tradicional,2013,tit_publicos,1262.602590083799
varejo_tradicional,2013,cdb,66885.99434413007
varejo_tradicional,2013,lf,53.91562149000001
varejo_tradicional,2013,compromissada,14453.784229240002
varejo_tradicional,2013,debentures,48.04649035999999
varejo_tradicional,2013,cri,0.0
varejo_tradicional,2013,lci,30294.34445811001
varejo_tradicional,2013,lh,5.96079123
varejo_tradicional,2013,lig,0.0
varejo_tradicional,2013,lca,13339.774520310011
varejo_tradicional,2013,cra,0.0
varejo_tradicional,2013,lam,0.0
varejo_tradicional,2013,lc,0.0
varejo_tradicional,2013,coe,0.0
varejo_tradicional,2013,acoes,5147.372326989754
varejo_tradicional,2013,poupanca,0.0
varejo_tradicional,2013,outros,0.0
varejo_tradicional,2013,previdencia,0.0
varejo_tradicional,2013,total,212608.95006965043
varejo_tradicional,2014,fundos_rf,80623.56497526374
varejo_tradicional,2014,fundos_mm,2056.0598904600006
varejo_tradicional,2014,fundos_acoes,2243.243048319998
varejo_tradicional,2014,fip,3.0596466700000007
varejo_tradicional,2014,fidc,6.587
varejo_tradicional,2014,fii,998.1500901600001
varejo_tradicional,2014,fundos_outros,2104.1896410699997
varejo_tradicional,2014,tit_publicos,2375.3642678771994
varejo_tradicional,2014,cdb,55466.23102901055
varejo_tradicional,2014,lf,82.96739449
varejo_tradicional,2014,compromissada,17894.667670339997
varejo_tradicional,2014,debentures,79.25910448
varejo_tradicional,2014,cri,0.0
varejo_tradicional,2014,lci,56230.958605410044
varejo_tradicional,2014,lh,1.1285471299999998
varejo_tradicional,2014,lig,0.0
varejo_tradicional,2014,lca,21095.854559099997
varejo_tradicional,2014,cra,0.0
varejo_tradicional,2014,lam,0.0
varejo_tradicional,2014,lc,0.0
varejo_tradicional,2014,coe,0.0
varejo_tradicional,2014,acoes,7790.207521840905
varejo_tradicional,2014,poupanca,526091.7026287285
varejo_tradicional,2014,outros,0.0
varejo_tradicional,2014,previdencia,0.0
varejo_tradicional,2014,total,775143.1956203509
varejo_tradicional,2015,fundos_rf,94792.92875049727
varejo_tradicional,2015,fundos_mm,3119.2464788743414
varejo_tradicional,2015,fundos_acoes,1701.7528953018787
varejo_tradicional,2015,fip,4.37854823
varejo_tradicional,2015,fidc,6.955594629999999
varejo_tradicional,2015,fii,1283.05086002
varejo_tradicional,2015,fundos_outros,1756.7573827254275
varejo_tradicional,2015,tit_publicos,4075.261420903934
varejo_tradicional,2015,cdb,54440.62735420578
varejo_tradicional,2015,lf,225.61244883560997
varejo_tradicional,2015,compromissada,20210.902405070003
varejo_tradicional,2015,debentures,286.1613142300179
varejo_tradicional,2015,cri,73.64153875395299
varejo_tradicional,2015,lci,73351.27336592902
varejo_tradicional,2015,lh,0.0
varejo_tradicional,2015,lig,0.0
varejo_tradicional,2015,lca,31850.439378754014
varejo_tradicional,2015,cra,81.21029135614899
varejo_tradicional,2015,lam,0.0
varejo_tradicional,2015,lc,0.0
varejo_tradicional,2015,coe,43.50256728
varejo_tradicional,2015,acoes,6046.266178142733
varejo_tradicional,2015,poupanca,532120.2600806984
varejo_tradicional,2015,outros,167.797149480169
varejo_tradicional,2015,previdencia,0.0
varejo_tradicional,2015,total,825638.0260039187
varejo_tradicional,2016,fundos_rf,106664.58548065077
varejo_tradicional,2016,fundos_mm,6581.510817207104
varejo_tradicional,2016,fundos_acoes,2353.8925835650257
varejo_tradicional,2016,fip,3.6850228499999997
varejo_tradicional,2016,fidc,5.5326496800000005
varejo_tradicional,2016,fii,1319.76598592
varejo_tradicional,2016,fundos_outros,2545.4934152051446
varejo_tradicional,2016,tit_publicos,7560.711881752485
varejo_tradicional,2016,cdb,67366.26619227364
varejo_tradicional,2016,lf,310.15781284225295
varejo_tradicional,2016,compromissada,18787.529687140002
varejo_tradicional,2016,debentures,516.908816540403
varejo_tradicional,2016,cri,102.989574637119
varejo_tradicional,2016,lci,68637.5567494709
varejo_tradicional,2016,lh,0.0
varejo_tradicional,2016,lig,0.0
varejo_tradicional,2016,lca,27534.997935416726
varejo_tradicional,2016,cra,153.149778635958
varejo_tradicional,2016,lam,0.0
varejo_tradicional,2016,lc,0.0
varejo_tradicional,2016,coe,89.72769527
varejo_tradicional,2016,acoes,8763.999550821802
varejo_tradicional,2016,poupanca,533586.9855850849
varejo_tradicional,2016,outros,199.65263463350598
varejo_tradicional,2016,previdencia,0.0
varejo_tradicional,2016,total,853085.0998495976
varejo_tradicional,2017,fundos_rf,140152.8013020511
varejo_tradicional,2017,fundos_mm,8550.88354395758
varejo_tradicional,2017,fundos_acoes,3276.064576795656
varejo_tradicional,2017,fip,3.4097179999999994
varejo_tradicional,2017,fidc,3.9854522800000005
varejo_tradicional,2017,fii,1494.67248787
varejo_tradicional,2017,fundos_outros,2848.434264842017
varejo_tradicional,2017,tit_publicos,8719.644812448189
varejo_tradicional,2017,cdb,79960.71321876638
varejo_tradicional,2017,lf,231.37003089733898
varejo_tradicional,2017,compromissada,11293.23668055
varejo_tradicional,2017,debentures,611.9808671488671
varejo_tradicional,2017,cri,284.583338223849
varejo_tradicional,2017,lci,58780.55009303221
varejo_tradicional,2017,lh,0.0
varejo_tradicional,2017,lig,0.0
varejo_tradicional,2017,lca,14905.932206058886
varejo_tradicional,2017,cra,253.92632553622704
varejo_tradicional,2017,lam,0.0
varejo_tradicional,2017,lc,0.0
varejo_tradicional,2017,coe,655.189399831947
varejo_tradicional,2017,acoes,9953.595327355366
varejo_tradicional,2017,poupanca,573655.5026207484
varejo_tradicional,2017,outros,313.6944854684079
varejo_tradicional,2017,previdencia,0.0
varejo_tradicional,2017,total,915950.1707518623
varejo_tradicional,2018,fundos_rf,153977.83423660512
varejo_tradicional,2018,fundos_mm,8827.033226127183
varejo_tradicional,2018,fundos_acoes,4346.256183127764
varejo_tradicional,2018,fip,1.38308035
varejo_tradicional,2018,fidc,4.725891800000001
varejo_tradicional,2018,fii,1423.3983508000001
varejo_tradicional,2018,fundos_outros,3483.6182641918995
varejo_tradicional,2018,tit_publicos,8386.148279161385
varejo_tradicional,2018,cdb,87195.97917255074
varejo_tradicional,2018,lf,232.50315550869072
varejo_tradicional,2018,compromissada,5336.029293810001
varejo_tradicional,2018,debentures,598.203842164257
varejo_tradicional,2018,cri,357.1127204499382
varejo_tradicional,2018,lci,39149.47574855477
varejo_tradicional,2018,lh,0.0
varejo_tradicional,2018,lig,0.0
varejo_tradicional,2018,lca,14315.225329654675
varejo_tradicional,2018,cra,176.52530956103357
varejo_tradicional,2018,lam,0.0
varejo_tradicional,2018,lc,0.0
varejo_tradicional,2018,coe,1188.0139343207995
varejo_tradicional,2018,acoes,10017.338488887717
varejo_tradicional,2018,poupanca,619315.83542373
varejo_tradicional,2018,outros,370.6111870727185
varejo_tradicional,2018,previdencia,0.0
varejo_tradicional,2018,total,958703.2511184288
varejo_tradicional,2019,fundos_rf,121693.84447920145
varejo_tradicional,2019,fundos_mm,13448.496109528794
varejo_tradicional,2019,fundos_acoes,7880.814759147406
varejo_tradicional,2019,fip,1.88616399
varejo_tradicional,2019,fidc,3.7158025899999996
varejo_tradicional,2019,fii,3806.316568641
varejo_tradicional,2019,fundos_outros,3361.970398256301
varejo_tradicional,2019,tit_publicos,9709.305609056497
varejo_tradicional,2019,cdb,85982.06718786612
varejo_tradicional,2019,lf,229.37901335030003
varejo_tradicional,2019,compromissada,2069.49437165
varejo_tradicional,2019,debentures,760.9192358833002
varejo_tradicional,2019,cri,296.26614902039995
varejo_tradicional,2019,lci,32043.0432009578
varejo_tradicional,2019,lh,0.0
varejo_tradicional,2019,lig,0.0
varejo_tradicional,2019,lca,11515.4556605055
varejo_tradicional,2019,cra,412.8568071746
varejo_tradicional,2019,lam,0.0
varejo_tradicional,2019,lc,0.0
varejo_tradicional,2019,coe,1453.6061613721
varejo_tradicional,2019,acoes,13328.449603229012
varejo_tradicional,2019,poupanca,659910.0281424201
varejo_tradicional,2019,outros,380.39806964999997
varejo_tradicional,2019,previdencia,0.0
varejo_tradicional,2019,total,968288.3134934908
varejo_tradicional,2020,fundos_rf,129006.25432914888
varejo_tradicional,2020,fundos_mm,47624.27840531675
varejo_tradicional,2020,fundos_acoes,24983.20881698665
varejo_tradicional,2020,fip,3614.264658567467
varejo_tradicional,2020,fidc,5619.047247937278
varejo_tradicional,2020,fii,17954.948601349104
varejo_tradicional,2020,fundos_outros,5604.010020285798
varejo_tradicional,2020,tit_publicos,20968.853877629685
varejo_tradicional,2020,cdb,205663.0857233866
varejo_tradicional,2020,lf,752.544493905102
varejo_tradicional,2020,compromissada,887.3667991506095
varejo_tradicional,2020,debentures,4038.7454871868936
varejo_tradicional,2020,cri,2595.954025498135
varejo_tradicional,2020,lci,40105.181387095916
varejo_tradicional,2020,lh,0.0
varejo_tradicional,2020,lig,28.2651251
varejo_tradicional,2020,lca,18612.438997272384
varejo_tradicional,2020,cra,2320.8198606769793
varejo_tradicional,2020,lam,0.8699487200000001
varejo_tradicional,2020,lc,1985.5811841920738
varejo_tradicional,2020,coe,2785.3354705109246
varejo_tradicional,2020,acoes,70322.48320427517
varejo_tradicional,2020,poupanca,841467.8452295584
varejo_tradicional,2020,outros,371.8992876213175
varejo_tradicional,2020,previdencia,0.0
varejo_tradicional,2020,total,1447313.282181372
varejo_tradicional,2021,fundos_rf,138800.6800878546
varejo_tradicional,2021,fundos_mm,54099.6901547374
varejo_tradicional,2021,fundos_acoes,23886.631659293413
varejo_tradicional,2021,fip,5000.014358232387
varejo_tradicional,2021,fidc,5242.659877843457
varejo_tradicional,2021,fii,24316.261476281634
varejo_tradicional,2021,fundos_outros,6481.703274011914
varejo_tradicional,2021,tit_publicos,26516.58676710483
varejo_tradicional,2021,cdb,243610.18993733567
varejo_tradicional,2021,lf,1188.0540714444448
varejo_tradicional,2021,compromissada,135.564041411465
varejo_tradicional,2021,debentures,9714.526495970907
varejo_tradicional,2021,cri,3417.787105273193
varejo_tradicional,2021,lci,39622.41485903398
varejo_tradicional,2021,lh,0.0
varejo_tradicional,2021,lig,26.651694680000002
varejo_tradicional,2021,lca,30905.086503982562
varejo_tradicional,2021,cra,5596.685084183239
varejo_tradicional,2021,lam,0.0
varejo_tradicional,2021,lc,1669.0336378662146
varejo_tradicional,2021,coe,4478.401634460318
varejo_tradicional,2021,acoes,67227.86173581958
varejo_tradicional,2021,poupanca,824803.2576802067
varejo_tradicional,2021,outros,284.5496059608526
varejo_tradicional,2021,previdencia,0.0
varejo_tradicional,2021,total,1517024.2917429889
varejo_tradicional,2022,fundos_rf,145134.73875870998
varejo_tradicional,2022,fundos_mm,61313.61838538002
varejo_tradicional,2022,fundos_acoes,17046.19615141
varejo_tradicional,2022,fip,4457.05693201
varejo_tradicional,2022,fidc,4084.55508475
varejo_tradicional,2022,fii,29285.069309849998
varejo_tradicional,2022,fundos_outros,6908.3438938599975
varejo_tradicional,2022,tit_publicos,38343.33278003999
varejo_tradicional,2022,cdb,324899.14028993994
varejo_tradicional,2022,lf,2168.5553226200004
varejo_tradicional,2022,compromissada,57.164366439999995
varejo_tradicional,2022,debentures,13914.103719579998
varejo_tradicional,2022,cri,6310.244656990002
varejo_tradicional,2022,lci,87047.41249569999
varejo_tradicional,2022,lh,0.0
varejo_tradicional,2022,lig,549.1279509299999
varejo_tradicional,2022,lca,75717.35063218
varejo_tradicional,2022,cra,11399.964941089997
varejo_tradicional,2022,lam,0.37683971
varejo_tradicional,2022,lc,1183.4278830199999
varejo_tradicional,2022,coe,6582.569583650001
varejo_tradicional,2022,acoes,73309.74814313001
varejo_tradicional,2022,poupanca,806879.42913695
varejo_tradicional,2022,outros,219.09666258999997
varejo_tradicional,2022,previdencia,0.0
varejo_tradicional,2022,total,1716810.62392053
varejo_tradicional,2023,fundos_rf,159570.90070963994
varejo_tradicional,2023,fundos_mm,61934.16578078
varejo_tradicional,2023,fundos_acoes,19168.224340340003
varejo_tradicional,2023,fip,6192.04113907
varejo_tradicional,2023,fidc,1893.34517079
varejo_tradicional,2023,fii,24248.675205839998
varejo_tradicional,2023,fundos_outros,7654.592233930002
varejo_tradicional,2023,tit_publicos,44404.86092799002
varejo_tradicional,2023,cdb,420468.82180249994
varejo_tradicional,2023,lf,2977.878351539999
varejo_tradicional,2023,compromissada,64.98751358
varejo_tradicional,2023,debentures,16894.54692888
varejo_tradicional,2023,cri,10862.10098919
varejo_tradicional,2023,lci,133730.28066674003
varejo_tradicional,2023,lh,0.0
varejo_tradicional,2023,lig,693.0854332500002
varejo_tradicional,2023,lca,114392.84394548001
varejo_tradicional,2023,cra,22179.93514475
varejo_tradicional,2023,lam,1.1120426
varejo_tradicional,2023,lc,681.2500538
varejo_tradicional,2023,coe,8031.355578479999
varejo_tradicional,2023,acoes,85668.56991854
varejo_tradicional,2023,poupanca,793612.7038514102
varejo_tradicional,2023,outros,796.18188668
varejo_tradicional,2023,previdencia,199504.93528072996
varejo_tradicional,2023,total,2135627.39489653
varejo_tradicional,2024,fundos_rf,190195.7855094199
varejo_tradicional,2024,fundos_mm,53215.86659712
varejo_tradicional,2024,fundos_acoes,17755.489160780002
varejo_tradicional,2024,fip,8849.608465700001
varejo_tradicional,2024,fidc,8493.16200535
varejo_tradicional,2024,fii,23012.729301059997
varejo_tradicional,2024,fundos_outros,8868.268280380002
varejo_tradicional,2024,tit_publicos,56385.34110115001
varejo_tradicional,2024,cdb,526409.6116939301
varejo_tradicional,2024,lf,4113.56621581
varejo_tradicional,2024,compromissada,61.574089349999994
varejo_tradicional,2024,debentures,21461.932175840004
varejo_tradicional,2024,cri,15198.607499160002
varejo_tradicional,2024,lci,138574.79134412005
varejo_tradicional,2024,lh,0.0
varejo_tradicional,2024,lig,1078.5926625000002
varejo_tradicional,2024,lca,132817.81749994002
varejo_tradicional,2024,cra,26288.733527279994
varejo_tradicional,2024,lam,0.0
varejo_tradicional,2024,lc,299.9334884
varejo_tradicional,2024,coe,12836.90347344
varejo_tradicional,2024,acoes,79567.09450111001
varejo_tradicional,2024,poupanca,842278.8028644901
varejo_tradicional,2024,outros,870.17981278
varejo_tradicional,2024,previdencia,391029.0956638701
varejo_tradicional,2024,total,2559663.4869329804
varejo_tradicional,2025,fundos_rf,233376.19780912
varejo_tradicional,2025,fundos_mm,48484.17295497002
varejo_tradicional,2025,fundos_acoes,17513.52804328
varejo_tradicional,2025,fip,12588.78698821
varejo_tradicional,2025,fidc,28277.879836639997
varejo_tradicional,2025,fii,28099.473380220006
varejo_tradicional,2025,fundos_outros,11150.008942699998
varejo_tradicional,2025,tit_publicos,83462.61270151999
varejo_tradicional,2025,cdb,633248.0072902101
varejo_tradicional,2025,lf,5464.456461740001
varejo_tradicional,2025,compromissada,191.49334087000003
varejo_tradicional,2025,debentures,26447.160486059995
varejo_tradicional,2025,cri,18614.19462794
varejo_tradicional,2025,lci,148530.66284648003
varejo_tradicional,2025,lh,0.0
varejo_tradicional,2025,lig,1942.29460177
varejo_tradicional,2025,lca,142878.79405618997
varejo_tradicional,2025,cra,32206.433290340006
varejo_tradicional,2025,lam,0.0
varejo_tradicional,2025,lc,228.45254455999998
varejo_tradicional,2025,coe,13208.681421270001
varejo_tradicional,2025,acoes,102862.6693924
varejo_tradicional,2025,poupanca,814134.7329502201
varejo_tradicional,2025,outros,508.53353089
varejo_tradicional,2025,previdencia,420355.49276329007
varejo_tradicional,2025,total,2823774.7202608897
varejo_alta_renda,2013,fundos_rf,132750.7821608541
varejo_alta_renda,2013,fundos_mm,21819.865174897855
varejo_alta_renda,2013,fundos_acoes,7168.5547036923645
varejo_alta_renda,2013,fip,0.18153584999999997
varejo_alta_renda,2013,fidc,0.0
varejo_alta_renda,2013,fii,3801.44559160275
varejo_alta_renda,2013,fundos_outros,1726.965821980226
varejo_alta_renda,2013,tit_publicos,3431.3494439093
varejo_alta_renda,2013,cdb,83206.946202917
varejo_alta_renda,2013,lf,820.79792545
varejo_alta_renda,2013,compromissada,31424.07005322
varejo_alta_renda,2013,debentures,1808.5801805500003
varejo_alta_renda,2013,cri,0.0
varejo_alta_renda,2013,lci,31886.45315480001
varejo_alta_renda,2013,lh,48.83109287
varejo_alta_renda,2013,lig,0.0
varejo_alta_renda,2013,lca,31296.65167980005
varejo_alta_renda,2013,cra,0.0
varejo_alta_renda,2013,lam,0.0
varejo_alta_renda,2013,lc,0.0
varejo_alta_renda,2013,coe,0.0
varejo_alta_renda,2013,acoes,17052.806972767357
varejo_alta_renda,2013,poupanca,0.0
varejo_alta_renda,2013,outros,0.0
varejo_alta_renda,2013,previdencia,0.0
varejo_alta_renda,2013,total,368244.28169516096
varejo_alta_renda,2014,fundos_rf,163313.6373580657
varejo_alta_renda,2014,fundos_mm,17139.84450854999
varejo_alta_renda,2014,fundos_acoes,4948.112676929999
varejo_alta_renda,2014,fip,1.00791747
varejo_alta_renda,2014,fidc,35.316
varejo_alta_renda,2014,fii,3957.022439839999
varejo_alta_renda,2014,fundos_outros,1081.353094010001
varejo_alta_renda,2014,tit_publicos,5435.7170838926995
varejo_alta_renda,2014,cdb,75166.62220968548
varejo_alta_renda,2014,lf,1260.38452947
varejo_alta_renda,2014,compromissada,37922.64700447993
varejo_alta_renda,2014,debentures,2373.4397145899998
varejo_alta_renda,2014,cri,0.0
varejo_alta_renda,2014,lci,53195.83316289
varejo_alta_renda,2014,lh,79.66614548
varejo_alta_renda,2014,lig,0.0
varejo_alta_renda,2014,lca,34318.08763470003
varejo_alta_renda,2014,cra,0.0
varejo_alta_renda,2014,lam,0.0
varejo_alta_renda,2014,lc,0.0
varejo_alta_renda,2014,coe,0.0
varejo_alta_renda,2014,acoes,16482.92895970319
varejo_alta_renda,2014,poupanca,84194.54908534998
varejo_alta_renda,2014,outros,0.0
varejo_alta_renda,2014,previdencia,0.0
varejo_alta_renda,2014,total,500906.169525107
varejo_alta_renda,2015,fundos_rf,192531.64534593132
varejo_alta_renda,2015,fundos_mm,17510.504268519995
varejo_alta_renda,2015,fundos_acoes,3968.0602973700024
varejo_alta_renda,2015,fip,1.2406073199999998
varejo_alta_renda,2015,fidc,36.71383464
varejo_alta_renda,2015,fii,5901.940053549998
varejo_alta_renda,2015,fundos_outros,2627.67467923
varejo_alta_renda,2015,tit_publicos,11097.296531742113
varejo_alta_renda,2015,cdb,75239.49178432964
varejo_alta_renda,2015,lf,2281.4667167212538
varejo_alta_renda,2015,compromissada,44426.98801553999
varejo_alta_renda,2015,debentures,4707.860127601127
varejo_alta_renda,2015,cri,752.8493034965459
varejo_alta_renda,2015,lci,72467.56577336765
varejo_alta_renda,2015,lh,74.21835000000002
varejo_alta_renda,2015,lig,0.0
varejo_alta_renda,2015,lca,52241.079070167914
varejo_alta_renda,2015,cra,996.8497164984528
varejo_alta_renda,2015,lam,0.0
varejo_alta_renda,2015,lc,0.0
varejo_alta_renda,2015,coe,5328.93842389
varejo_alta_renda,2015,acoes,16038.889869423643
varejo_alta_renda,2015,poupanca,71801.65229356001
varejo_alta_renda,2015,outros,6179.570208530245
varejo_alta_renda,2015,previdencia,0.0
varejo_alta_renda,2015,total,586212.4952714299
varejo_alta_renda,2016,fundos_rf,246373.93868219366
varejo_alta_renda,2016,fundos_mm,25360.89897103967
varejo_alta_renda,2016,fundos_acoes,4916.335292799999
varejo_alta_renda,2016,fip,1.4690823
varejo_alta_renda,2016,fidc,37.55415396
varejo_alta_renda,2016,fii,6610.58153771
varejo_alta_renda,2016,fundos_outros,2249.971614019999
varejo_alta_renda,2016,tit_publicos,19894.540127334847
varejo_alta_renda,2016,cdb,84718.57475252896
varejo_alta_renda,2016,lf,3625.194930655944
varejo_alta_renda,2016,compromissada,44352.240983420015
varejo_alta_renda,2016,debentures,6867.230978048758
varejo_alta_renda,2016,cri,1614.2208072737208
varejo_alta_renda,2016,lci,77041.48211190169
varejo_alta_renda,2016,lh,62.296749999999996
varejo_alta_renda,2016,lig,0.0
varejo_alta_renda,2016,lca,53797.885278910435
varejo_alta_renda,2016,cra,2410.2247113599265
varejo_alta_renda,2016,lam,0.0
varejo_alta_renda,2016,lc,0.0
varejo_alta_renda,2016,coe,7447.904513039999
varejo_alta_renda,2016,acoes,23565.997869174465
varejo_alta_renda,2016,poupanca,77086.24624528001
varejo_alta_renda,2016,outros,5928.823772263211
varejo_alta_renda,2016,previdencia,0.0
varejo_alta_renda,2016,total,693963.6131652152
varejo_alta_renda,2017,fundos_rf,302192.1119802195
varejo_alta_renda,2017,fundos_mm,60811.68290799488
varejo_alta_renda,2017,fundos_acoes,8082.18774659
varejo_alta_renda,2017,fip,1.88579984
varejo_alta_renda,2017,fidc,28.72901663
varejo_alta_renda,2017,fii,8054.3964139400005
varejo_alta_renda,2017,fundos_outros,2489.605516510001
varejo_alta_renda,2017,tit_publicos,22715.57782581429
varejo_alta_renda,2017,cdb,90497.830251076
varejo_alta_renda,2017,lf,2964.2918972183124
varejo_alta_renda,2017,compromissada,24168.3658953
varejo_alta_renda,2017,debentures,8655.347175299137
varejo_alta_renda,2017,cri,1668.990057358604
varejo_alta_renda,2017,lci,72238.6835546737
varejo_alta_renda,2017,lh,38.52000999999999
varejo_alta_renda,2017,lig,0.0
varejo_alta_renda,2017,lca,33728.44648467892
varejo_alta_renda,2017,cra,3677.42181288036
varejo_alta_renda,2017,lam,0.0
varejo_alta_renda,2017,lc,0.0
varejo_alta_renda,2017,coe,8437.150518505554
varejo_alta_renda,2017,acoes,31462.387972703473
varejo_alta_renda,2017,poupanca,90496.11576026
varejo_alta_renda,2017,outros,5845.26878875681
varejo_alta_renda,2017,previdencia,0.0
varejo_alta_renda,2017,total,778254.9973862495
varejo_alta_renda,2018,fundos_rf,312850.3857167174
varejo_alta_renda,2018,fundos_mm,83403.96913272684
varejo_alta_renda,2018,fundos_acoes,12837.598061965218
varejo_alta_renda,2018,fip,4.76962037
varejo_alta_renda,2018,fidc,45.05836446
varejo_alta_renda,2018,fii,11311.042256027951
varejo_alta_renda,2018,fundos_outros,3397.810883519999
varejo_alta_renda,2018,tit_publicos,28447.137105755104
varejo_alta_renda,2018,cdb,108579.4917527052
varejo_alta_renda,2018,lf,2341.9320566024894
varejo_alta_renda,2018,compromissada,14484.527591990001
varejo_alta_renda,2018,debentures,8126.92143608883
varejo_alta_renda,2018,cri,2809.957721508334
varejo_alta_renda,2018,lci,64911.287397361855
varejo_alta_renda,2018,lh,15.905432600000001
varejo_alta_renda,2018,lig,0.0
varejo_alta_renda,2018,lca,35287.6792062515
varejo_alta_renda,2018,cra,6066.521687710353
varejo_alta_renda,2018,lam,0.0
varejo_alta_renda,2018,lc,0.0
varejo_alta_renda,2018,coe,10621.533171011242
varejo_alta_renda,2018,acoes,48244.082832545755
varejo_alta_renda,2018,poupanca,111409.669991
varejo_alta_renda,2018,outros,7392.683793334757
varejo_alta_renda,2018,previdencia,0.0
varejo_alta_renda,2018,total,872589.9652122526
varejo_alta_renda,2019,fundos_rf,330107.61814896145
varejo_alta_renda,2019,fundos_mm,107579.9501878779
varejo_alta_renda,2019,fundos_acoes,36549.090375545195
varejo_alta_renda,2019,fip,13.94476514
varejo_alta_renda,2019,fidc,35.684469039999996
varejo_alta_renda,2019,fii,26235.177376204618
varejo_alta_renda,2019,fundos_outros,4540.667806430003
varejo_alta_renda,2019,tit_publicos,34041.714134992915
varejo_alta_renda,2019,cdb,108783.96696959701
varejo_alta_renda,2019,lf,1733.4740975447362
varejo_alta_renda,2019,compromissada,6921.220279160001
varejo_alta_renda,2019,debentures,8585.349753360893
varejo_alta_renda,2019,cri,3117.7226036783395
varejo_alta_renda,2019,lci,61031.85448603263
varejo_alta_renda,2019,lh,17.378456841718002
varejo_alta_renda,2019,lig,0.0
varejo_alta_renda,2019,lca,42214.06138241786
varejo_alta_renda,2019,cra,7247.761459951986
varejo_alta_renda,2019,lam,0.0
varejo_alta_renda,2019,lc,0.0
varejo_alta_renda,2019,coe,10720.251423469668
varejo_alta_renda,2019,acoes,70939.371232877
varejo_alta_renda,2019,poupanca,123315.37794021
varejo_alta_renda,2019,outros,4136.217060706648
varejo_alta_renda,2019,previdencia,0.0
varejo_alta_renda,2019,total,987867.8544100407
varejo_alta_renda,2020,fundos_rf,238063.79787731907
varejo_alta_renda,2020,fundos_mm,138190.23533867183
varejo_alta_renda,2020,fundos_acoes,40077.8022095238
varejo_alta_renda,2020,fip,3459.5499627200334
varejo_alta_renda,2020,fidc,1871.5650418726061
varejo_alta_renda,2020,fii,33989.33530411637
varejo_alta_renda,2020,fundos_outros,6419.193995864793
varejo_alta_renda,2020,tit_publicos,35462.66246607396
varejo_alta_renda,2020,cdb,222021.63637350465
varejo_alta_renda,2020,lf,2220.757864468668
varejo_alta_renda,2020,compromissada,5173.801652549979
varejo_alta_renda,2020,debentures,12285.88303407203
varejo_alta_renda,2020,cri,3299.8207495230613
varejo_alta_renda,2020,lci,46069.43226418853
varejo_alta_renda,2020,lh,10.542509107284001
varejo_alta_renda,2020,lig,709.4282899199999
varejo_alta_renda,2020,lca,49753.03783026862
varejo_alta_renda,2020,cra,9676.536646355453
varejo_alta_renda,2020,lam,128.68980693530477
varejo_alta_renda,2020,lc,1306.6116744281644
varejo_alta_renda,2020,coe,13106.030586841189
varejo_alta_renda,2020,acoes,122060.53704288688
varejo_alta_renda,2020,poupanca,142392.13837097972
varejo_alta_renda,2020,outros,1094.0153468079998
varejo_alta_renda,2020,previdencia,0.0
varejo_alta_renda,2020,total,1128843.0422389996
varejo_alta_renda,2021,fundos_rf,221257.78148241297
varejo_alta_renda,2021,fundos_mm,144480.78481077953
varejo_alta_renda,2021,fundos_acoes,37779.81778317981
varejo_alta_renda,2021,fip,3713.5988905810914
varejo_alta_renda,2021,fidc,2128.4630264188613
varejo_alta_renda,2021,fii,40211.418058724856
varejo_alta_renda,2021,fundos_outros,7321.680474894003
varejo_alta_renda,2021,tit_publicos,47474.22885362221
varejo_alta_renda,2021,cdb,250376.2095256673
varejo_alta_renda,2021,lf,5427.0193358640045
varejo_alta_renda,2021,compromissada,4675.49815812001
varejo_alta_renda,2021,debentures,18920.802815366882
varejo_alta_renda,2021,cri,5896.51087292717
varejo_alta_renda,2021,lci,48004.13238469128
varejo_alta_renda,2021,lh,0.0
varejo_alta_renda,2021,lig,3525.3436336800005
varejo_alta_renda,2021,lca,67389.67528019584
varejo_alta_renda,2021,cra,16551.7755395867
varejo_alta_renda,2021,lam,26.63009653241229
varejo_alta_renda,2021,lc,1069.8503250900205
varejo_alta_renda,2021,coe,22396.2261718465
varejo_alta_renda,2021,acoes,126837.00742259985
varejo_alta_renda,2021,poupanca,151024.0560459514
varejo_alta_renda,2021,outros,271.36751527111335
varejo_alta_renda,2021,previdencia,0.0
varejo_alta_renda,2021,total,1226759.8785040036
varejo_alta_renda,2022,fundos_rf,250654.84471850004
varejo_alta_renda,2022,fundos_mm,127628.57207455998
varejo_alta_renda,2022,fundos_acoes,60949.86149341999
varejo_alta_renda,2022,fip,2000.95969049
varejo_alta_renda,2022,fidc,1367.4101590600003
varejo_alta_renda,2022,fii,46939.239501309996
varejo_alta_renda,2022,fundos_outros,8022.05520191
varejo_alta_renda,2022,tit_publicos,64740.30096892
varejo_alta_renda,2022,cdb,313463.3818443599
varejo_alta_renda,2022,lf,6650.1200404599995
varejo_alta_renda,2022,compromissada,3875.3734948
varejo_alta_renda,2022,debentures,28622.91240472001
varejo_alta_renda,2022,cri,12697.4632121
varejo_alta_renda,2022,lci,57852.52568423
varejo_alta_renda,2022,lh,3.94889959
varejo_alta_renda,2022,lig,11437.391524619996
varejo_alta_renda,2022,lca,122519.52440206
varejo_alta_renda,2022,cra,24376.470816840003
varejo_alta_renda,2022,lam,1.2166184800000002
varejo_alta_renda,2022,lc,865.5605720299999
varejo_alta_renda,2022,coe,32110.786563379996
varejo_alta_renda,2022,acoes,117350.91202819001
varejo_alta_renda,2022,poupanca,131131.49361104003
varejo_alta_renda,2022,outros,398.83393455999993
varejo_alta_renda,2022,previdencia,0.0
varejo_alta_renda,2022,total,1425661.1594596296
varejo_alta_renda,2023,fundos_rf,297618.7968181299
varejo_alta_renda,2023,fundos_mm,109789.47016070997
varejo_alta_renda,2023,fundos_acoes,57712.290220800016
varejo_alta_renda,2023,fip,2337.9243353900006
varejo_alta_renda,2023,fidc,5455.992697050001
varejo_alta_renda,2023,fii,52617.188470500005
varejo_alta_renda,2023,fundos_outros,8274.12985089
varejo_alta_renda,2023,tit_publicos,74344.85899009004
varejo_alta_renda,2023,cdb,353045.02968163
varejo_alta_renda,2023,lf,6243.42832306
varejo_alta_renda,2023,compromissada,3168.60386195
varejo_alta_renda,2023,debentures,28813.403598479996
varejo_alta_renda,2023,cri,19997.64379838
varejo_alta_renda,2023,lci,68079.0588411
varejo_alta_renda,2023,lh,13.37738128
varejo_alta_renda,2023,lig,17712.599348279993
varejo_alta_renda,2023,lca,158995.60972859
varejo_alta_renda,2023,cra,30596.51836433
varejo_alta_renda,2023,lam,2.4027138400000005
varejo_alta_renda,2023,lc,444.1485008299999
varejo_alta_renda,2023,coe,43945.0882508
varejo_alta_renda,2023,acoes,134842.78395642
varejo_alta_renda,2023,poupanca,125123.26702569998
varejo_alta_renda,2023,outros,270.6756571199999
varejo_alta_renda,2023,previdencia,629016.1342794001
varejo_alta_renda,2023,total,2228460.42485475
varejo_alta_renda,2024,fundos_rf,386124.39253564004
varejo_alta_renda,2024,fundos_mm,110904.61727732999
varejo_alta_renda,2024,fundos_acoes,56292.32720472001
varejo_alta_renda,2024,fip,2770.1980665
varejo_alta_renda,2024,fidc,9858.819905079994
varejo_alta_renda,2024,fii,60054.066021169994
varejo_alta_renda,2024,fundos_outros,9336.424926229998
varejo_alta_renda,2024,tit_publicos,88846.48113037007
varejo_alta_renda,2024,cdb,408984.25291577994
varejo_alta_renda,2024,lf,7208.44096687
varejo_alta_renda,2024,compromissada,2386.2254684800005
varejo_alta_renda,2024,debentures,43711.29594518999
varejo_alta_renda,2024,cri,33128.972322240006
varejo_alta_renda,2024,lci,75468.62710274
varejo_alta_renda,2024,lh,6.68917078
varejo_alta_renda,2024,lig,19662.052311299994
varejo_alta_renda,2024,lca,165686.08159724006
varejo_alta_renda,2024,cra,47935.52799668
varejo_alta_renda,2024,lam,0.0
varejo_alta_renda,2024,lc,165.38823374000003
varejo_alta_renda,2024,coe,66187.62172584
varejo_alta_renda,2024,acoes,132236.5083307
varejo_alta_renda,2024,poupanca,122069.49777629996
varejo_alta_renda,2024,outros,2001.6887509200003
varejo_alta_renda,2024,previdencia,729614.01882274
varejo_alta_renda,2024,total,2580640.21650458
varejo_alta_renda,2025,fundos_rf,469564.8764037501
varejo_alta_renda,2025,fundos_mm,105268.08956842
varejo_alta_renda,2025,fundos_acoes,55518.01293159
varejo_alta_renda,2025,fip,2602.21225423
varejo_alta_renda,2025,fidc,17422.60498522
varejo_alta_renda,2025,fii,75351.79401650999
varejo_alta_renda,2025,fundos_outros,11779.360754949994
varejo_alta_renda,2025,tit_publicos,124683.30244344998
varejo_alta_renda,2025,cdb,556917.2749094401
varejo_alta_renda,2025,lf,8852.27319766
varejo_alta_renda,2025,compromissada,2701.92106274
varejo_alta_renda,2025,debentures,55650.29136815999
varejo_alta_renda,2025,cri,40337.39294861
varejo_alta_renda,2025,lci,103725.58190587
varejo_alta_renda,2025,lh,0.75308042
varejo_alta_renda,2025,lig,19278.211921729995
varejo_alta_renda,2025,lca,194638.64720406002
varejo_alta_renda,2025,cra,55903.83322538002
varejo_alta_renda,2025,lam,7.69781142
varejo_alta_renda,2025,lc,125.24257317
varejo_alta_renda,2025,coe,82774.42770668
varejo_alta_renda,2025,acoes,151000.99130537
varejo_alta_renda,2025,poupanca,140696.99133751003
varejo_alta_renda,2025,outros,2284.70267529
varejo_alta_renda,2025,previdencia,851265.8901433599
varejo_alta_renda,2025,total,3128352.37773499
private,2013,fundos_rf,63721.639689911
private,2013,fundos_mm,155927.243177073
private,2013,fundos_acoes,25956.592268557
private,2013,fip,17503.54920177
private,2013,fidc,843.3835664999999
private,2013,fii,8382.268789188
private,2013,fundos_outros,587.5954820300001
private,2013,tit_publicos,18099.595683143998
private,2013,cdb,21697.72155136
private,2013,lf,13914.370770160001
private,2013,compromissada,28129.00517837
private,2013,debentures,8743.46691049
private,2013,cri,7651.398705361999
private,2013,lci,29202.557678449
private,2013,lh,703.4270391700001
private,2013,lig,0.0
private,2013,lca,61389.893167566
private,2013,cra,0.0
private,2013,lam,0.0
private,2013,lc,0.0
private,2013,coe,0.0
private,2013,acoes,83004.328485089
private,2013,poupanca,2251.24827127
private,2013,outros,4769.316440109999
private,2013,previdencia,37434.750024623
private,2013,total,589913.3520801918
private,2014,fundos_rf,74030.48333895802
private,2014,fundos_mm,160693.929444963
private,2014,fundos_acoes,22589.417518028
private,2014,fip,20682.54694773
private,2014,fidc,1198.78384971
private,2014,fii,7952.39103276
private,2014,fundos_outros,1545.7575814
private,2014,tit_publicos,16651.45178269
private,2014,cdb,15065.958744990001
private,2014,lf,14491.62503635
private,2014,compromissada,27504.288397649998
private,2014,debentures,15786.597723668
private,2014,cri,7811.849426865
private,2014,lci,43753.819208133
private,2014,lh,695.78644779
private,2014,lig,0.0
private,2014,lca,83282.848707019
private,2014,cra,0.0
private,2014,lam,0.0
private,2014,lc,0.0
private,2014,coe,0.0
private,2014,acoes,90316.26549398701
private,2014,poupanca,1881.9518506499999
private,2014,outros,5516.419370259
private,2014,previdencia,47824.16765136999
private,2014,total,659276.3395549699
private,2015,fundos_rf,84242.95565099001
private,2015,fundos_mm,150483.33686039
private,2015,fundos_acoes,14976.89390036
private,2015,fip,17673.88391113
private,2015,fidc,2657.66573172
private,2015,fii,8469.506016450001
private,2015,fundos_outros,1424.67539139
private,2015,tit_publicos,25989.2275463
private,2015,cdb,13230.22341906
private,2015,lf,18362.01833915
private,2015,compromissada,31649.34325844
private,2015,debentures,19833.95871774
private,2015,cri,6329.658620642
private,2015,lci,49468.55366457
private,2015,lh,281.11733678
private,2015,lig,0.0
private,2015,lca,96878.88130678999
private,2015,cra,0.0
private,2015,lam,0.0
private,2015,lc,0.0
private,2015,coe,1291.13126629
private,2015,acoes,78058.049172124
private,2015,poupanca,1484.33477594
private,2015,outros,9126.336977650002
private,2015,previdencia,60901.3871677
private,2015,total,692813.1390316059
private,2016,fundos_rf,120348.952339787
private,2016,fundos_mm,215388.23235799003
private,2016,fundos_acoes,18719.59076145
private,2016,fip,28748.74925776
private,2016,fidc,2740.78566034
private,2016,fii,12152.5264012
private,2016,fundos_outros,615.11035977
private,2016,tit_publicos,51884.17016842
private,2016,cdb,17878.43468873
private,2016,lf,21558.321843363
private,2016,compromissada,32891.1585684
private,2016,debentures,27713.60656692
private,2016,cri,8185.103901071
private,2016,lci,47719.88268776
private,2016,lh,421.04473265999997
private,2016,lig,0.0
private,2016,lca,156762.61322071002
private,2016,cra,13980.053903659998
private,2016,lam,0.0
private,2016,lc,0.0
private,2016,coe,1232.19660215
private,2016,acoes,109538.80406200301
private,2016,poupanca,2496.14908578
private,2016,outros,8390.00142117
private,2016,previdencia,102354.31874648
private,2016,total,1001719.8073375742
private,2017,fundos_rf,104972.32962893599
private,2017,fundos_mm,297784.96466771205
private,2017,fundos_acoes,40865.069507004
private,2017,fip,16560.177971009998
private,2017,fidc,1145.7679708100002
private,2017,fii,10128.71579547
private,2017,fundos_outros,413.021493959
private,2017,tit_publicos,43591.5915591
private,2017,cdb,21877.739932474
private,2017,lf,15814.852068827
private,2017,compromissada,13069.690936114
private,2017,debentures,16713.178351931
private,2017,cri,9177.921027526001
private,2017,lci,45447.515915757
private,2017,lh,348.16165279
private,2017,lig,0.0
private,2017,lca,90121.920812363
private,2017,cra,21342.46526496
private,2017,lam,0.0
private,2017,lc,0.0
private,2017,coe,2231.02341823
private,2017,acoes,137041.141728777
private,2017,poupanca,1520.9586375
private,2017,outros,6362.400602711
private,2017,previdencia,96172.951555194
private,2017,total,992703.5604991552
private,2018,fundos_rf,112437.68392278001
private,2018,fundos_mm,338132.5048104
private,2018,fundos_acoes,65763.80603461001
private,2018,fip,10917.86236535
private,2018,fidc,1377.02419337
private,2018,fii,11525.354503093
private,2018,fundos_outros,749.5497401299999
private,2018,tit_publicos,52066.34359748
private,2018,cdb,32299.69031377
private,2018,lf,13135.51067894
private,2018,compromissada,4230.23811784
private,2018,debentures,23000.212558323004
private,2018,cri,10682.195112379999
private,2018,lci,43125.115526226
private,2018,lh,318.75083295
private,2018,lig,0.0
private,2018,lca,89596.85822476099
private,2018,cra,26467.212243675
private,2018,lam,0.0
private,2018,lc,0.0
private,2018,coe,3213.2579195099997
private,2018,acoes,147057.311268341
private,2018,poupanca,1877.61140549
private,2018,outros,6904.370260150001
private,2018,previdencia,114750.40141885
private,2018,total,1109628.8650484192
private,2019,fundos_rf,113526.53859755001
private,2019,fundos_mm,415111.42833320005
private,2019,fundos_acoes,103947.41596197
private,2019,fip,11244.58531717
private,2019,fidc,3651.08128244
private,2019,fii,16376.611416405
private,2019,fundos_outros,389.81105632
private,2019,tit_publicos,24320.881583352002
private,2019,cdb,33606.833479117995
private,2019,lf,11298.503143803
private,2019,compromissada,730.85609591
private,2019,debentures,30497.656670006
private,2019,cri,11940.40736884
private,2019,lci,36454.529909446
private,2019,lh,239.056877755
private,2019,lig,10687.42787249
private,2019,lca,87311.530634935
private,2019,cra,27001.487256578
private,2019,lam,740.188267586
private,2019,lc,45.733014673999996
private,2019,coe,4084.9879601989996
private,2019,acoes,223624.806019429
private,2019,poupanca,1937.62949807
private,2019,outros,3834.465941702
private,2019,previdencia,138263.34013828
private,2019,total,1310867.7936972282
private,2020,fundos_rf,89242.10573601299
private,2020,fundos_mm,476210.389579085
private,2020,fundos_acoes,130561.061219467
private,2020,fip,12609.58134988
private,2020,fidc,3774.0007224499996
private,2020,fii,17757.868149165002
private,2020,fundos_outros,683.977379865
private,2020,tit_publicos,29161.662628691
private,2020,cdb,64557.355123783
private,2020,lf,9980.608337591
private,2020,compromissada,1113.260860261
private,2020,debentures,39426.214777604
private,2020,cri,11983.638065466
private,2020,lci,29255.428033203
private,2020,lh,133.06044379
private,2020,lig,19085.917504999998
private,2020,lca,76713.982994382
private,2020,cra,26799.181236517998
private,2020,lam,195.718037065
private,2020,lc,83.853391301
private,2020,coe,4024.471742638
private,2020,acoes,426810.08320488204
private,2020,poupanca,2681.79951881
private,2020,outros,7180.0672006879995
private,2020,previdencia,152269.20621828298
private,2020,total,1632294.4934558808
private,2021,fundos_rf,93670.11843164501
private,2021,fundos_mm,488175.42416421196
private,2021,fundos_acoes,147288.69821263303
private,2021,fip,12463.49743805
private,2021,fidc,3985.864009369
private,2021,fii,16368.193587579999
private,2021,fundos_outros,752.820832564
private,2021,tit_publicos,34814.319215710995
private,2021,cdb,76254.64002899501
private,2021,lf,9601.339596309
private,2021,compromissada,1216.951194263
private,2021,debentures,45772.33135948201
private,2021,cri,14977.250097638
private,2021,lci,41974.485372457
private,2021,lh,41.41928178
private,2021,lig,42615.08529617
private,2021,lca,82171.8310325
private,2021,cra,31539.902845458
private,2021,lam,44.100964139000006
private,2021,lc,51.796501937
private,2021,coe,4343.907966305
private,2021,acoes,452190.29360901396
private,2021,poupanca,7555.36064821
private,2021,outros,7480.874039621
private,2021,previdencia,168021.770310588
private,2021,total,1783372.27603663
private,2022,fundos_rf,113173.002012635
private,2022,fundos_mm,469407.141968043
private,2022,fundos_acoes,135831.525653952
private,2022,fip,17541.22078281
private,2022,fidc,3075.324551967
private,2022,fii,15672.163824852001
private,2022,fundos_outros,809.534732812
private,2022,tit_publicos,31534.541308645
private,2022,cdb,73765.752221277
private,2022,lf,9876.724465452
private,2022,compromissada,992.5128827789999
private,2022,debentures,52571.319378228
private,2022,cri,21867.296414662
private,2022,lci,71294.853009714
private,2022,lh,393.657031921
private,2022,lig,74663.93308708601
private,2022,lca,109802.157161468
private,2022,cra,36419.233728515996
private,2022,lam,49.702336591
private,2022,lc,28.601759305999998
private,2022,coe,4269.136660617
private,2022,acoes,424238.91482304304
private,2022,poupanca,7182.85437487
private,2022,outros,6201.146241972
private,2022,previdencia,182829.99487665002
private,2022,total,1863492.245289868
private,2023,fundos_rf,121277.31930801312
private,2023,fundos_mm,460463.9115856379
private,2023,fundos_acoes,163360.37095008502
private,2023,fip,19251.442471069
private,2023,fidc,4826.262436648
private,2023,fii,15595.689322538998
private,2023,fundos_outros,2543.8390558979986
private,2023,tit_publicos,31177.978331408005
private,2023,cdb,89129.693863979
private,2023,lf,9806.826952955002
private,2023,compromissada,892.540409648
private,2023,debentures,55470.38893890001
private,2023,cri,31806.801789127
private,2023,lci,119350.744737889
private,2023,lh,754.724546597
private,2023,lig,90444.124941585
private,2023,lca,144851.224683887
private,2023,cra,40259.597501197
private,2023,lam,31.45595
private,2023,lc,12.655887046999998
private,2023,coe,3838.7316373450008
private,2023,acoes,482559.70467397594
private,2023,poupanca,6885.080673779
private,2023,outros,6091.418655707001
private,2023,previdencia,211936.303303489
private,2023,total,2112618.8326084046
private,2024,fundos_rf,214405.37718728205
private,2024,fundos_mm,382146.49639086885
private,2024,fundos_acoes,144300.83184551902
private,2024,fip,22929.791680802995
private,2024,fidc,4945.811923989001
private,2024,fii,19144.511344237002
private,2024,fundos_outros,3735.3224595480006
private,2024,tit_publicos,38617.958482694
private,2024,cdb,107029.615628316
private,2024,lf,9541.601613153
private,2024,compromissada,2480.871126146
private,2024,debentures,62539.65101612299
private,2024,cri,37414.99831630001
private,2024,lci,148226.04896722702
private,2024,lh,282.404616653
private,2024,lig,95404.86979643296
private,2024,lca,175752.70129098202
private,2024,cra,44351.956214798
private,2024,lam,0.0
private,2024,lc,2.511051126
private,2024,coe,4612.702247114
private,2024,acoes,524375.412317962
private,2024,poupanca,7411.814583889998
private,2024,outros,8017.122459534001
private,2024,previdencia,238493.593239582
private,2024,total,2296163.97580028
private,2025,fundos_rf,311073.57193246396
private,2025,fundos_mm,382275.8529901509
private,2025,fundos_acoes,171028.53171061203
private,2025,fip,30312.282728649992
private,2025,fidc,6205.4786730099995
private,2025,fii,24999.392942129994
private,2025,fundos_outros,6144.249718220001
private,2025,tit_publicos,55446.378566498985
private,2025,cdb,140954.580916071
private,2025,lf,10051.491896434
private,2025,compromissada,6010.701618140001
private,2025,debentures,67553.286194836
private,2025,cri,41275.624277165
private,2025,lci,201452.803507147
private,2025,lh,103.962170312
private,2025,lig,79129.81009429999
private,2025,lca,201257.62611720597
private,2025,cra,48660.876896906
private,2025,lam,0.0
private,2025,lc,466.459911686
private,2025,coe,7302.119724534
private,2025,acoes,553406.787374334
private,2025,poupanca,6576.806610003
private,2025,outros,11159.031544612999
private,2025,previdencia,274189.56450147997
private,2025,total,2637037.2726169024
pf_total,2013,total,1171505.1158497117
pf_total,2014,total,1936684.315914087
pf_total,2015,total,2104663.6603069557
pf_total,2016,total,2548768.520352387
pf_total,2017,total,2686908.7286372674
pf_total,2018,total,2940922.0813790997
pf_total,2019,total,3267023.961600758
pf_total,2020,total,4208450.817876251
pf_total,2021,total,4527156.446283623
pf_total,2022,total,5005964.028670028
pf_total,2023,total,6476706.652359689
pf_total,2024,total,7436467.67923784
pf_total,2025,total,8589164.370612781
