seg,classe,valor,data
private,acoes,150971.2454598502,201810
private,caixa,3833.4503729499997,201810
private,cdb,32367.82320972,201810
private,coe,3525.869416641589,201810
private,credito_privado,76876.25192010001,201810
private,estruturados,26486.91135703431,201810
private,fundos_555,510373.0641977246,201810
private,lci_lca,133529.02933780508,201810
private,previdencia,112161.11449929,201810
private,tit_publicos,34326.85775984,201810
private,total,1071481.1324718604,201810
private,acoes,152650.7432754166,201812
private,caixa,3610.38837943,201812
private,cdb,32332.25155377,201812
private,coe,3213.257919510412,201812
private,credito_privado,77770.17987439598,201812
private,estruturados,28565.854232303285,201812
private,fundos_555,517003.18556654325,201812
private,lci_lca,132624.5908251751,201812
private,previdencia,114606.11730885,201812
private,tit_publicos,33781.10775874001,201812
private,total,1080825.5737648364,201812
private,acoes,154464.63174315478,201903
private,caixa,4147.192065429999,201903
private,cdb,33185.240608627726,201903
private,coe,3551.419720052146,201903
private,credito_privado,70484.03082259925,201903
private,estruturados,24318.89825377921,201903
private,fundos_555,565793.833425519,201903
private,lci_lca,135425.53446145818,201903
private,previdencia,119030.04609506,201903
private,tit_publicos,25629.02181524,201903
private,total,1125884.2416494351,201903
private,acoes,157195.63262522232,201904
private,caixa,4259.49380894,201904
private,cdb,32714.482672872764,201904
private,coe,3535.5471762035445,201904
private,credito_privado,71047.79177925069,201904
private,estruturados,25715.474048255463,201904
private,fundos_555,570814.673568215,201904
private,lci_lca,136315.90575092204,201904
private,previdencia,120762.23575240998,201904
private,tit_publicos,25854.7715832186,201904
private,total,1135474.3055763864,201904
private,acoes,170318.99031930795,201906
private,caixa,3967.96305786,201906
private,cdb,33198.1797971459,201906
private,coe,3965.2700086614423,201906
private,credito_privado,73100.42596722896,201906
private,estruturados,26434.94105811397,201906
private,fundos_555,590005.471520926,201906
private,lci_lca,134909.7998288624,201906
private,previdencia,125854.38020206,201906
private,tit_publicos,25655.892284527683,201906
private,total,1176294.9995976945,201906
private,acoes,423657.02270680165,202106
private,caixa,7314.882533839999,202106
private,cdb,64499.67291277332,202106
private,coe,4002.8582822479857,202106
private,credito_privado,83442.48201044853,202106
private,estruturados,34409.11827592462,202106
private,fundos_555,729862.9545985656,202106
private,lci_lca,125040.80526525529,202106
private,previdencia,152269.2062182829,202106
private,tit_publicos,28305.894297824998,202106
private,total,1625164.5349516526,202106
private,acoes,481196.6000739001,202401
private,caixa,10899.14753108962,202401
private,cdb,89377.34970667993,202401
private,coe,3934.3308960402223,202401
private,credito_privado,138763.98931573564,202401
private,estruturados,40534.48564635162,202401
private,fundos_555,787336.886281442,202401
private,lci_lca,354972.140932106,202401
private,previdencia,212390.0499633,202401
private,tit_publicos,31593.613992481438,202401
private,total,2117062.4674858134,202401
private,acoes,446711.7233292272,202405
private,caixa,13228.342478479975,202405
private,cdb,100955.56054887986,202405
private,coe,3902.261328371327,202405
private,credito_privado,145544.8567627608,202405
private,estruturados,50276.02064203647,202405
private,fundos_555,744145.3983331198,202405
private,lci_lca,374776.4335994924,202405
private,previdencia,222746.31004903,202405
private,tit_publicos,34289.12416999125,202405
private,total,2141512.461866103,202405
private,acoes,505861.1349872899,202507
private,caixa,12879.04607661,202507
private,cdb,111127.10348627002,202507
private,coe,7006.388875365,202507
private,credito_privado,163006.777245977,202507
private,estruturados,58118.318084499995,202507
private,fundos_555,774627.668738836,202507
private,lci_lca,462141.06241487,202507
private,previdencia,257071.5172981,202507
private,tit_publicos,46009.152016107,202507
private,total,2403087.790447778,202507
private,acoes,519501.0650103249,202510
private,caixa,12545.152481151,202510
private,cdb,114813.57659139301,202510
private,coe,6934.177773537,202510
private,credito_privado,163570.816677376,202510
private,estruturados,62091.36055473801,202510
private,fundos_555,825180.078382633,202510
private,lci_lca,466280.91551165393,202510
private,previdencia,264201.3211199,202510
private,tit_publicos,49561.725681445,202510
private,total,2492429.041111997,202510
private,acoes,565861.801500448,202608
private,caixa,13564.247571979999,202608
private,cdb,161242.50764541398,202608
private,coe,15141.325219297,202608
private,credito_privado,166595.640549902,202608
private,estruturados,89308.564026926,202608
private,fundos_555,924638.9177186172,202608
private,lci_lca,507746.99197549693,202608
private,previdencia,300155.6170967701,202608
private,tit_publicos,91715.170015585,202608
private,total,2846297.416868505,202608
varejo_alta_renda,acoes,143932.44185460338,202106
varejo_alta_renda,cdb,236507.24177486214,202106
varejo_alta_renda,coe,16351.734590362026,202106
varejo_alta_renda,compromissada,4748.54803769,202106
varejo_alta_renda,cra,12482.29522330983,202106
varejo_alta_renda,cri,3778.3106553641883,202106
varejo_alta_renda,deb_incentivadas,11482.162596340388,202106
varejo_alta_renda,deb_tradicionais,3428.4419145444494,202106
varejo_alta_renda,debentures,14910.604510884838,202106
varejo_alta_renda,estruturados,45957.14174870127,202106
varejo_alta_renda,etf,3328.8796536955633,202106
varejo_alta_renda,etf_rf,227.311835734052,202106
varejo_alta_renda,etf_rv,3101.5678179615115,202106
varejo_alta_renda,fidc,1724.6403288317767,202106
varejo_alta_renda,fii,37117.18146873356,202106
varejo_alta_renda,fip,3786.4402974403815,202106
varejo_alta_renda,fmp,2707.9648279900002,202106
varejo_alta_renda,fundos_555,438180.06136509846,202106
varejo_alta_renda,fundos_acoes,50190.6918604901,202106
varejo_alta_renda,fundos_cambial,1505.3762358566153,202106
varejo_alta_renda,fundos_mm,158962.40403133899,202106
varejo_alta_renda,fundos_rf,224813.62440942274,202106
varejo_alta_renda,fundos_rf_baixa_dur,143845.2198021344,202106
varejo_alta_renda,fundos_rf_exceto_bd,80968.40460728835,202106
varejo_alta_renda,lc,1217.1232355304942,202106
varejo_alta_renda,lca,52642.44430857507,202106
varejo_alta_renda,lci,47723.79344752558,202106
varejo_alta_renda,lf,3406.8883454140528,202106
varejo_alta_renda,lig,2027.2131802400004,202106
varejo_alta_renda,poupanca,158548.47968274038,202106
varejo_alta_renda,tit_privados,384410.4134215241,202106
varejo_alta_renda,tit_publicos,35442.82301880827,202106
varejo_alta_renda,total,1222823.0956818378,202106
varejo_alta_renda,tp_hibrido,20506.01420435062,202106
varejo_alta_renda,tp_pos,8397.470082519134,202106
varejo_alta_renda,tp_pre,6539.338731938516,202106
varejo_alta_renda,tvm,580137.4128852978,202106
varejo_alta_renda,tvm_outros,4873.702947443751,202106
varejo_alta_renda,tvm_rf,419853.2364403324,202106
varejo_alta_renda,tvm_rv,143932.44185460338,202106
varejo_alta_renda,acoes,123330.01145548998,202303
varejo_alta_renda,cdb,337722.98022441,202303
varejo_alta_renda,coe,35977.25458978,202303
varejo_alta_renda,compromissada,3603.208117049999,202303
varejo_alta_renda,cra,26800.701826120003,202303
varejo_alta_renda,cri,13810.90557248,202303
varejo_alta_renda,deb_incentivadas,18472.68735145,202303
varejo_alta_renda,deb_tradicionais,11707.61581167,202303
varejo_alta_renda,debentures,30180.30316312,202303
varejo_alta_renda,estruturados,53139.37867485001,202303
varejo_alta_renda,etf,3175.45339335,202303
varejo_alta_renda,etf_rf,183.96136136,202303
varejo_alta_renda,etf_rv,2991.49203199,202303
varejo_alta_renda,fidc,1423.61191489,202303
varejo_alta_renda,fii,46426.30889192001,202303
varejo_alta_renda,fip,2114.0044746900007,202303
varejo_alta_renda,fmp,3057.4195194999998,202303
varejo_alta_renda,fundos_555,444814.87975237,202303
varejo_alta_renda,fundos_acoes,57648.37632048002,202303
varejo_alta_renda,fundos_cambial,1276.47167757,202303
varejo_alta_renda,fundos_mm,128656.87011010997,202303
varejo_alta_renda,fundos_rf,254175.74212471,202303
varejo_alta_renda,fundos_rf_baixa_dur,148060.14046213002,202303
varejo_alta_renda,fundos_rf_exceto_bd,106115.60166258,202303
varejo_alta_renda,lc,831.88291603,202303
varejo_alta_renda,lca,142000.26678366,202303
varejo_alta_renda,lci,63333.729527749994,202303
varejo_alta_renda,lf,6910.55682286,202303
varejo_alta_renda,lig,13032.570559070002,202303
varejo_alta_renda,poupanca,127731.51763994001,202303
varejo_alta_renda,tit_privados,638655.8795516503,202303
varejo_alta_renda,tit_publicos,72904.54916408,202303
varejo_alta_renda,total,1496553.4708281604,202303
varejo_alta_renda,tp_hibrido,44172.09417349,202303
varejo_alta_renda,tp_pos,19961.776942459997,202303
varejo_alta_renda,tp_pre,8770.678048130001,202303
varejo_alta_renda,tvm,870867.6947610003,202303
varejo_alta_renda,tvm_outros,172.15139597999996,202303
varejo_alta_renda,tvm_rf,711560.4287157303,202303
varejo_alta_renda,tvm_rv,123330.01145548998,202303
varejo_alta_renda,acoes,132922.17549551,202310
varejo_alta_renda,cdb,356866.61293918005,202310
varejo_alta_renda,coe,45200.34756334,202310
varejo_alta_renda,compromissada,3104.61717652,202310
varejo_alta_renda,cra,35475.73296609,202310
varejo_alta_renda,cri,19638.98289218,202310
varejo_alta_renda,deb_incentivadas,19257.799175039996,202310
varejo_alta_renda,deb_tradicionais,14806.658194929998,202310
varejo_alta_renda,debentures,34064.45736997,202310
varejo_alta_renda,estruturados,64588.209156270015,202310
varejo_alta_renda,etf,3477.5824748200007,202310
varejo_alta_renda,etf_rf,218.40750146999997,202310
varejo_alta_renda,etf_rv,3259.1749733500005,202310
varejo_alta_renda,fidc,1821.24122897,202310
varejo_alta_renda,fii,56951.158843630015,202310
varejo_alta_renda,fip,2338.2266088499996,202310
varejo_alta_renda,fmp,3335.15515204,202310
varejo_alta_renda,fundos_555,470337.78456751996,202310
varejo_alta_renda,fundos_acoes,56911.854924499996,202310
varejo_alta_renda,fundos_cambial,1337.64234247,202310
varejo_alta_renda,fundos_mm,116602.5246788,202310
varejo_alta_renda,fundos_rf,292150.60746971,202310
varejo_alta_renda,fundos_rf_baixa_dur,166092.03311442997,202310
varejo_alta_renda,fundos_rf_exceto_bd,126058.57435528001,202310
varejo_alta_renda,lc,566.4008156500001,202310
varejo_alta_renda,lca,155003.53266372,202310
varejo_alta_renda,lci,72816.81665758,202310
varejo_alta_renda,lf,7297.444015260001,202310
varejo_alta_renda,lig,16976.63078937,202310
varejo_alta_renda,poupanca,122714.60916746,202310
varejo_alta_renda,tit_privados,702247.01852129,202310
varejo_alta_renda,tit_publicos,80578.85247013,202310
varejo_alta_renda,total,1618588.99694152,202310
varejo_alta_renda,tp_hibrido,46362.73575792,202310
varejo_alta_renda,tp_pos,24126.65889123,202310
varejo_alta_renda,tp_pre,10089.45782098,202310
varejo_alta_renda,tvm,960948.39405027,202310
varejo_alta_renda,tvm_outros,141.73497705000003,202310
varejo_alta_renda,tvm_rf,782825.87099142,202310
varejo_alta_renda,tvm_rv,132922.17549551,202310
varejo_alta_renda,acoes,148807.77038701,202408
varejo_alta_renda,cdb,389632.81133114,202408
varejo_alta_renda,coe,58676.90968117001,202408
varejo_alta_renda,compromissada,2458.73790093,202408
varejo_alta_renda,cra,47867.000839,202408
varejo_alta_renda,cri,31561.330274059997,202408
varejo_alta_renda,deb_incentivadas,22533.724602060003,202408
varejo_alta_renda,deb_tradicionais,18138.56926772,202408
varejo_alta_renda,debentures,40672.29386978,202408
varejo_alta_renda,estruturados,80993.51174090999,202408
varejo_alta_renda,etf,4573.72350076,202408
varejo_alta_renda,etf_rf,326.74692226,202408
varejo_alta_renda,etf_rv,4246.9765785,202408
varejo_alta_renda,fidc,5323.92115013,202408
varejo_alta_renda,fii,68671.06085282999,202408
varejo_alta_renda,fip,2424.80623719,202408
varejo_alta_renda,fmp,3621.9177590199997,202408
varejo_alta_renda,fundos_555,547528.0014264401,202408
varejo_alta_renda,fundos_acoes,57872.28654038,202408
varejo_alta_renda,fundos_cambial,931.9510023700001,202408
varejo_alta_renda,fundos_mm,111807.36538824001,202408
varejo_alta_renda,fundos_rf,373294.48073643004,202408
varejo_alta_renda,fundos_rf_baixa_dur,202491.37131827,202408
varejo_alta_renda,fundos_rf_exceto_bd,170803.10941816002,202408
varejo_alta_renda,lc,401.80893524,202408
varejo_alta_renda,lca,159593.80603297998,202408
varejo_alta_renda,lci,66240.56089377,202408
varejo_alta_renda,lf,7059.96880649,202408
varejo_alta_renda,lig,18620.045586470005,202408
varejo_alta_renda,poupanca,119133.36349042998,202408
varejo_alta_renda,previdencia,703336.8137221299,202408
varejo_alta_renda,tit_privados,765749.55431846,202408
varejo_alta_renda,tit_publicos,84545.70476006,202408
varejo_alta_renda,total,2508771.62952661,202408
varejo_alta_renda,tp_hibrido,48358.54857113,202408
varejo_alta_renda,tp_pos,26473.531357249998,202408
varejo_alta_renda,tp_pre,9713.62483168,202408
varejo_alta_renda,tvm,1057779.9391467,202408
varejo_alta_renda,tvm_outros,1607.8577619700002,202408
varejo_alta_renda,tvm_rf,850295.2590785201,202408
varejo_alta_renda,tvm_rv,148807.77038701,202408
varejo_alta_renda,acoes,131175.60902131003,202502
varejo_alta_renda,cdb,442492.2632631799,202502
varejo_alta_renda,coe,71515.41302767,202502
varejo_alta_renda,compromissada,2401.44481042,202502
varejo_alta_renda,cra,48808.13266444999,202502
varejo_alta_renda,cri,35814.02192969999,202502
varejo_alta_renda,deb_incentivadas,25585.550775960008,202502
varejo_alta_renda,deb_tradicionais,20296.55450574,202502
varejo_alta_renda,debentures,45882.10528170001,202502
varejo_alta_renda,estruturados,76466.6737336,202502
varejo_alta_renda,etf,5033.6835175999995,202502
varejo_alta_renda,etf_rf,326.23824383999994,202502
varejo_alta_renda,etf_rv,4707.4452737599995,202502
varejo_alta_renda,fidc,10785.46133024,202502
varejo_alta_renda,fii,58165.84038384,202502
varejo_alta_renda,fip,2481.6885019199995,202502
varejo_alta_renda,fmp,3414.68231763,202502
varejo_alta_renda,fundos_555,558999.44216151,202502
varejo_alta_renda,fundos_acoes,55393.21839147001,202502
varejo_alta_renda,fundos_cambial,919.69648661,202502
varejo_alta_renda,fundos_mm,108525.40494626,202502
varejo_alta_renda,fundos_rf,390746.44001954,202502
varejo_alta_renda,fundos_rf_baixa_dur,209264.69732438002,202502
varejo_alta_renda,fundos_rf_exceto_bd,181481.74269516,202502
varejo_alta_renda,lc,85.00423531,202502
varejo_alta_renda,lca,173634.59442033,202502
varejo_alta_renda,lci,80535.03682478,202502
varejo_alta_renda,lf,7466.0460489199995,202502
varejo_alta_renda,lig,19618.339974720006,202502
varejo_alta_renda,poupanca,133786.13173219,202502
varejo_alta_renda,previdencia,760402.93264068,202502
varejo_alta_renda,tit_privados,858754.0708245601,202502
varejo_alta_renda,tit_publicos,92899.23708456999,202502
varejo_alta_renda,total,2683999.51022609,202502
varejo_alta_renda,tp_hibrido,52718.902296930006,202502
varejo_alta_renda,tp_pos,29812.00474687,202502
varejo_alta_renda,tp_pre,10368.330040769997,202502
varejo_alta_renda,tvm,1154344.3299581101,202502
varejo_alta_renda,tvm_outros,1985.6647414799997,202502
varejo_alta_renda,tvm_rf,951653.3079091301,202502
varejo_alta_renda,tvm_rv,131175.60902131003,202502
varejo_alta_renda,acoes,138670.73754196,202507
varejo_alta_renda,cdb,493133.67441539996,202507
varejo_alta_renda,coe,78785.28012321002,202507
varejo_alta_renda,compromissada,2595.6070381600002,202507
varejo_alta_renda,cra,52473.55256978001,202507
varejo_alta_renda,cri,39405.323408970005,202507
varejo_alta_renda,deb_incentivadas,31496.523943759996,202507
varejo_alta_renda,deb_tradicionais,22588.602337949997,202507
varejo_alta_renda,debentures,54085.12628170999,202507
varejo_alta_renda,estruturados,82810.93562216,202507
varejo_alta_renda,etf,5664.6456218700005,202507
varejo_alta_renda,etf_rf,392.95244075000005,202507
varejo_alta_renda,etf_rv,5271.69318112,202507
varejo_alta_renda,fidc,12176.616273079999,202507
varejo_alta_renda,fii,62116.17908228999,202507
varejo_alta_renda,fip,2853.49464492,202507
varejo_alta_renda,fmp,3182.3930448600004,202507
varejo_alta_renda,fundos_555,581355.99235976,202507
varejo_alta_renda,fundos_acoes,54830.875994250004,202507
varejo_alta_renda,fundos_cambial,901.82107057,202507
varejo_alta_renda,fundos_mm,105899.29886124,202507
varejo_alta_renda,fundos_rf,416541.60338884,202507
varejo_alta_renda,fundos_rf_baixa_dur,214090.31540100995,202507
varejo_alta_renda,fundos_rf_exceto_bd,202451.28798783,202507
varejo_alta_renda,lc,128.81078549,202507
varejo_alta_renda,lca,194600.0749813,202507
varejo_alta_renda,lci,94228.93414498,202507
varejo_alta_renda,lf,8195.39375473,202507
varejo_alta_renda,lig,20027.742105110003,202507
varejo_alta_renda,poupanca,135641.1435825,202507
varejo_alta_renda,previdencia,806786.6774343,202507
varejo_alta_renda,tit_privados,961033.3936154601,202507
varejo_alta_renda,tit_publicos,108633.88105078001,202507
varejo_alta_renda,total,2893718.0413301303,202507
varejo_alta_renda,tp_hibrido,61260.53626595,202507
varejo_alta_renda,tp_pos,34205.5630613,202507
varejo_alta_renda,tp_pre,13167.781723529999,202507
varejo_alta_renda,tvm,1287123.2923314103,202507
varejo_alta_renda,tvm_outros,2120.75491101,202507
varejo_alta_renda,tvm_rf,1069667.2746662402,202507
varejo_alta_renda,tvm_rv,138670.73754196,202507
varejo_alta_renda,acoes,164559.29368622,202608
varejo_alta_renda,cdb,650411.8051533899,202608
varejo_alta_renda,coe,88140.27814276001,202608
varejo_alta_renda,compromissada,2850.75045951,202608
varejo_alta_renda,cra,53823.95225067999,202608
varejo_alta_renda,cri,41366.70437211,202608
varejo_alta_renda,deb_incentivadas,35725.44237172,202608
varejo_alta_renda,deb_tradicionais,21736.75656807,202608
varejo_alta_renda,debentures,57462.198939789996,202608
varejo_alta_renda,estruturados,119784.07729224,202608
varejo_alta_renda,etf,10806.05468863,202608
varejo_alta_renda,etf_rf,1668.3782458499998,202608
varejo_alta_renda,etf_rv,9137.67644278,202608
varejo_alta_renda,fidc,21562.607510820002,202608
varejo_alta_renda,fii,84373.60115567001,202608
varejo_alta_renda,fip,3041.81393712,202608
varejo_alta_renda,fmp,4542.848915240001,202608
varejo_alta_renda,fundos_555,723311.6720869101,202608
varejo_alta_renda,fundos_acoes,55807.14011759001,202608
varejo_alta_renda,fundos_cambial,823.21795733,202608
varejo_alta_renda,fundos_mm,107464.76181952,202608
varejo_alta_renda,fundos_rf,554673.70327723,202608
varejo_alta_renda,fundos_rf_baixa_dur,238295.01942869,202608
varejo_alta_renda,fundos_rf_exceto_bd,316378.68384854,202608
varejo_alta_renda,lc,105.13495474,202608
varejo_alta_renda,lca,181229.03369272998,202608
varejo_alta_renda,lci,120752.18788809,202608
varejo_alta_renda,lf,8731.861714249999,202608
varejo_alta_renda,lig,17906.754667029996,202608
varejo_alta_renda,poupanca,152864.77019071003,202608
varejo_alta_renda,previdencia,932630.8360823701,202608
varejo_alta_renda,tit_privados,1138177.2275820898,202608
varejo_alta_renda,tit_publicos,167085.868349,202608
varejo_alta_renda,total,3486554.0234123003,202608
varejo_alta_renda,tp_hibrido,86872.11577290001,202608
varejo_alta_renda,tp_pos,58065.62015332001,202608
varejo_alta_renda,tp_pre,22148.132422779996,202608
varejo_alta_renda,tvm,1557962.66776007,202608
varejo_alta_renda,tvm_outros,3506.66292668,202608
varejo_alta_renda,tvm_rf,1305263.09593109,202608
varejo_alta_renda,tvm_rv,164559.29368622,202608
varejo_total,acoes,214998.89133319378,202106
varejo_total,cdb,457027.3225211508,202106
varejo_total,coe,19757.859710189885,202106
varejo_total,compromissada,4991.1744080742665,202106
varejo_total,cra,15990.508133565287,202106
varejo_total,cri,6012.522705185382,202106
varejo_total,deb_incentivadas,16467.63813214575,202106
varejo_total,deb_tradicionais,4275.3812505863025,202106
varejo_total,debentures,20743.01938273205,202106
varejo_total,estruturados,69209.44250124178,202106
varejo_total,etf,5156.893375722121,202106
varejo_total,etf_rf,261.3593426262292,202106
varejo_total,etf_rv,4895.534033095892,202106
varejo_total,fidc,2331.1779660049688,202106
varejo_total,fii,57041.87590005367,202106
varejo_total,fip,4679.495259461026,202106
varejo_total,fmp,7006.317033751095,202106
varejo_total,fundos_555,637004.8765919078,202106
varejo_total,fundos_acoes,75407.48264977479,202106
varejo_total,fundos_cambial,2006.9830868952122,202106
varejo_total,fundos_mm,198344.8602075654,202106
varejo_total,fundos_rf,354239.2336139213,202106
varejo_total,fundos_rf_baixa_dur,242000.7283762936,202106
varejo_total,fundos_rf_exceto_bd,112238.50523762764,202106
varejo_total,lc,3062.395208339658,202106
varejo_total,lca,74775.04537403441,202106
varejo_total,lci,82363.54776438259,202106
varejo_total,lf,4051.89748461589,202106
varejo_total,lig,2045.2528971800004,202106
varejo_total,poupanca,980501.6892878964,202106
varejo_total,tit_privados,677284.1345610808,202106
varejo_total,tit_publicos,56426.80103091775,202106
varejo_total,total,2655183.6950164284,202106
varejo_total,tp_hibrido,26273.59239763896,202106
varejo_total,tp_pos,19532.86412931531,202106
varejo_total,tp_pre,10620.344503963477,202106
varejo_total,tvm,968467.6866353822,202106
varejo_total,tvm_outros,6107.119967916304,202106
varejo_total,tvm_rf,733710.9355919985,202106
varejo_total,tvm_rv,214998.89133319378,202106
varejo_total,acoes,196975.74262746,202303
varejo_total,cdb,678659.0546206599,202303
varejo_total,coe,42943.3747317,202303
varejo_total,compromissada,3676.4620867899994,202303
varejo_total,cra,39586.713290340005,202303
varejo_total,cri,20632.76904418,202303
varejo_total,deb_incentivadas,30154.47848863,202303
varejo_total,deb_tradicionais,14313.88386929,202303
varejo_total,debentures,44468.36235792,202303
varejo_total,estruturados,95382.43840771003,202303
varejo_total,etf,5373.02028427,202303
varejo_total,etf_rf,245.52622702,202303
varejo_total,etf_rv,5127.49405725,202303
varejo_total,fidc,5574.72891059,202303
varejo_total,fii,77441.97500241,202303
varejo_total,fip,6992.714210440001,202303
varejo_total,fmp,6930.745753040001,202303
varejo_total,fundos_555,677561.43749613,202303
varejo_total,fundos_acoes,73439.97105563001,202303
varejo_total,fundos_cambial,1797.49471145,202303
varejo_total,fundos_mm,195472.77580304997,202303
varejo_total,fundos_rf,399920.45017296,202303
varejo_total,fundos_rf_baixa_dur,246324.41232965002,202303
varejo_total,fundos_rf_exceto_bd,153596.03784330998,202303
varejo_total,lc,1955.51097455,202303
varejo_total,lca,232668.36240768,202303
varejo_total,lci,162787.59748215997,202303
varejo_total,lf,8761.153191509999,202303
varejo_total,lig,13515.145653630001,202303
varejo_total,poupanca,897452.10732468,202303
varejo_total,tit_privados,1207383.9115089104,202303
varejo_total,tit_publicos,117532.67479182998,202303
varejo_total,total,3235231.6868884205,202303
varejo_total,tp_hibrido,58804.602861319996,202303
varejo_total,tp_pos,43731.07862939999,202303
varejo_total,tp_pre,14996.99330111,202303
varejo_total,tvm,1564835.7036599005,202303
varejo_total,tvm_outros,335.40209682999995,202303
varejo_total,tvm_rf,1324916.5863007403,202303
varejo_total,tvm_rv,196975.74262746,202303
varejo_total,acoes,217637.45893119997,202310
varejo_total,cdb,732612.44509694,202310
varejo_total,coe,53616.81079732,202310
varejo_total,compromissada,3169.75515769,202310
varejo_total,cra,55314.271370689996,202310
varejo_total,cri,28984.61335238,202310
varejo_total,deb_incentivadas,33697.413803979995,202310
varejo_total,deb_tradicionais,17361.411629169997,202310
varejo_total,debentures,51058.82543314999,202310
varejo_total,estruturados,111899.13199190001,202310
varejo_total,etf,5926.07621441,202310
varejo_total,etf_rf,331.52338166,202310
varejo_total,etf_rv,5594.55283275,202310
varejo_total,fidc,3181.71882699,202310
varejo_total,fii,94953.77057158001,202310
varejo_total,fip,7837.566378920001,202310
varejo_total,fmp,7609.678718219999,202310
varejo_total,fundos_555,718623.0325952399,202310
varejo_total,fundos_acoes,73557.17019218,202310
varejo_total,fundos_cambial,1888.59204214,202310
varejo_total,fundos_mm,182175.3620741,202310
varejo_total,fundos_rf,453392.22956859996,202310
varejo_total,fundos_rf_baixa_dur,271872.56732231996,202310
varejo_total,fundos_rf_exceto_bd,181519.66224628,202310
varejo_total,lc,1359.4594032200002,202310
varejo_total,lca,264489.72750872996,202310
varejo_total,lci,194412.29296163004,202310
varejo_total,lf,10367.81258844,202310
varejo_total,lig,17621.4241023,202310
varejo_total,poupanca,897327.79289974,202310
varejo_total,tit_privados,1360696.79570384,202310
varejo_total,tit_publicos,129713.5671787,202310
varejo_total,total,3489514.59009794,202310
varejo_total,tp_hibrido,60372.46061321,202310
varejo_total,tp_pos,52223.54513251,202310
varejo_total,tp_pre,17117.56143298,202310
varejo_total,tvm,1761664.63261106,202310
varejo_total,tvm_outros,937.95995467,202310
varejo_total,tvm_rf,1490410.36288254,202310
varejo_total,tvm_rv,217637.45893119997,202310
varejo_total,acoes,238995.26408516002,202408
varejo_total,cdb,893483.47450355,202408
varejo_total,coe,70439.18949511001,202408
varejo_total,compromissada,2512.1077925199997,202408
varejo_total,cra,73811.01210568,202408
varejo_total,cri,45362.75607443,202408
varejo_total,deb_incentivadas,39627.22538322001,202408
varejo_total,deb_tradicionais,21129.687424159998,202408
varejo_total,debentures,60756.912807379995,202408
varejo_total,estruturados,122328.23242078998,202408
varejo_total,etf,8192.53383954,202408
varejo_total,etf_rf,575.0362231199999,202408
varejo_total,etf_rv,7617.49761642,202408
varejo_total,fidc,9256.12018301,202408
varejo_total,fii,93615.38107625999,202408
varejo_total,fip,11264.19732198,202408
varejo_total,fmp,8287.15004837,202408
varejo_total,fundos_555,827893.1700879401,202408
varejo_total,fundos_acoes,77441.70406498,202408
varejo_total,fundos_cambial,1315.48487414,202408
varejo_total,fundos_mm,183123.76791685002,202408
varejo_total,fundos_rf,557725.0631836001,202408
varejo_total,fundos_rf_baixa_dur,316963.17507735,202408
varejo_total,fundos_rf_exceto_bd,240761.88810625003,202408
varejo_total,lc,844.98992401,202408
varejo_total,lca,283213.91942215996,202408
varejo_total,lci,199543.63442166004,202408
varejo_total,lf,10685.608940400001,202408
varejo_total,lig,19471.669433370007,202408
varejo_total,poupanca,954495.8708964299,202408
varejo_total,previdencia,955656.39254462,202408
varejo_total,tit_privados,1592248.2952194102,202408
varejo_total,tit_publicos,136278.18695019,202408
varejo_total,total,4898334.60169965,202408
varejo_total,tp_hibrido,63985.83219325,202408
varejo_total,tp_pos,56044.14684473,202408
varejo_total,tp_pre,16248.20791221,202408
varejo_total,tvm,2037960.9357498703,202408
varejo_total,tvm_outros,2525.5731330000003,202408
varejo_total,tvm_rf,1728526.4821696002,202408
varejo_total,tvm_rv,238995.26408516002,202408
varejo_total,acoes,216073.26127315004,202502
varejo_total,cdb,964352.25106918,202502
varejo_total,coe,83393.46845751,202502
varejo_total,compromissada,2464.88411094,202502
varejo_total,cra,75236.22800742,202502
varejo_total,cri,51016.20839092999,202502
varejo_total,deb_incentivadas,44770.005120400005,202502
varejo_total,deb_tradicionais,23640.42126519,202502
varejo_total,debentures,68410.42638559,202502
varejo_total,estruturados,125404.73186659,202502
varejo_total,etf,9511.01944117,202502
varejo_total,etf_rf,658.0178204899998,202502
varejo_total,etf_rv,8853.00162068,202502
varejo_total,fidc,21384.12824998,202502
varejo_total,fii,82086.34567267,202502
varejo_total,fip,12423.238502769998,202502
varejo_total,fmp,7187.920309020001,202502
varejo_total,fundos_555,828353.07252104,202502
varejo_total,fundos_acoes,72408.91549069001,202502
varejo_total,fundos_cambial,1394.15431537,202502
varejo_total,fundos_mm,160554.45049006,202502
varejo_total,fundos_rf,586807.6319159,202502
varejo_total,fundos_rf_baixa_dur,326254.84664768004,202502
varejo_total,fundos_rf_exceto_bd,260552.78526822,202502
varejo_total,lc,235.80098001,202502
varejo_total,lca,311945.09603245,202502
varejo_total,lci,229725.87835839,202502
varejo_total,lf,12027.337273,202502
varejo_total,lig,20852.490542330004,202502
varejo_total,poupanca,941596.2188947999,202502
varejo_total,previdencia,1015311.58283839,202502
varejo_total,tit_privados,1739238.1119556502,202502
varejo_total,tit_publicos,150971.95970368,202502
varejo_total,total,5100342.4075108105,202502
varejo_total,tp_hibrido,71155.14062974,202502
varejo_total,tp_pos,62272.52855693,202502
varejo_total,tp_pre,17544.29051701,202502
varejo_total,tvm,2189676.8013899904,202502
varejo_total,tvm_outros,2939.84347584,202502
varejo_total,tvm_rf,1890210.0716593303,202502
varejo_total,tvm_rv,216073.26127315004,202502
varejo_total,acoes,231022.11375144,202507
varejo_total,cdb,1058358.1797405,202507
varejo_total,coe,91577.89657360001,202507
varejo_total,compromissada,2644.19162248,202507
varejo_total,cra,81665.56524101002,202507
varejo_total,cri,56451.23709909001,202507
varejo_total,deb_incentivadas,53253.38778454,202507
varejo_total,deb_tradicionais,26300.846149369998,202507
varejo_total,debentures,79554.23393391,202507
varejo_total,estruturados,148107.60270607,202507
varejo_total,etf,11254.53779328,202507
varejo_total,etf_rf,837.04495077,202507
varejo_total,etf_rv,10417.49284251,202507
varejo_total,fidc,32589.434473639998,202507
varejo_total,fii,91430.25017208999,202507
varejo_total,fip,12833.380267059998,202507
varejo_total,fmp,6805.4093490800005,202507
varejo_total,fundos_555,859873.23277218,202507
varejo_total,fundos_acoes,71999.73889551,202507
varejo_total,fundos_cambial,1346.10062563,202507
varejo_total,fundos_mm,157403.82911576,202507
varejo_total,fundos_rf,622318.1547862,202507
varejo_total,fundos_rf_baixa_dur,334453.98698164994,202507
varejo_total,fundos_rf_exceto_bd,287864.16780455003,202507
varejo_total,lc,380.84322326,202507
varejo_total,lca,347107.25460568,202507
varejo_total,lci,260595.37035192002,202507
varejo_total,lf,12927.453571619999,202507
varejo_total,lig,21460.848435940003,202507
varejo_total,poupanca,953121.3949648999,202507
varejo_total,previdencia,1217664.5963778999,202507
varejo_total,tit_privados,1923634.7837725603,202507
varejo_total,tit_publicos,176140.82562654,202507
varejo_total,total,5601142.44654519,202507
varejo_total,tp_hibrido,82887.58427608,202507
varejo_total,tp_pos,70981.44530512,202507
varejo_total,tp_pre,22271.79604534,202507
varejo_total,tvm,2422375.6197241405,202507
varejo_total,tvm_outros,2451.20672833,202507
varejo_total,tvm_rf,2099775.6093991003,202507
varejo_total,tvm_rv,231022.11375144,202507
varejo_total,acoes,285448.46301033,202608
varejo_total,cdb,1322575.08514124,202608
varejo_total,coe,100802.10380231001,202608
varejo_total,compromissada,3032.53328104,202608
varejo_total,cra,86488.28848138999,202608
varejo_total,cri,61735.00830527,202608
varejo_total,deb_incentivadas,58740.615860959995,202608
varejo_total,deb_tradicionais,25527.91242729,202608
varejo_total,debentures,84268.52828824999,202608
varejo_total,estruturados,229934.04331285,202608
varejo_total,etf,21295.159373120005,202608
varejo_total,etf_rf,3326.61946652,202608
varejo_total,etf_rv,17968.539906600003,202608
varejo_total,fidc,59345.85327894,202608
varejo_total,fii,129285.03421324001,202608
varejo_total,fip,20007.996447550002,202608
varejo_total,fmp,10997.07497411,202608
varejo_total,fundos_555,1073066.59073056,202608
varejo_total,fundos_acoes,75563.35185398001,202608
varejo_total,fundos_cambial,1288.7987770500001,202608
varejo_total,fundos_mm,157047.29312288002,202608
varejo_total,fundos_rf,828170.07200254,202608
varejo_total,fundos_rf_baixa_dur,395421.43699441,202608
varejo_total,fundos_rf_exceto_bd,432748.63500813,202608
varejo_total,lc,314.22059651,202608
varejo_total,lca,298810.37460355,202608
varejo_total,lci,301724.99331232,202608
varejo_total,lf,15277.639587719998,202608
varejo_total,lig,20221.223037329997,202608
varejo_total,poupanca,952916.3988075301,202608
varejo_total,previdencia,1387003.4478275501,202608
varejo_total,tit_privados,2199180.1136834603,202608
varejo_total,tit_publicos,279482.03551811003,202608
varejo_total,total,6507833.1966927,202608
varejo_total,tp_hibrido,121816.92012654,202608
varejo_total,tp_pos,119268.96447049001,202608
varejo_total,tp_pre,38396.15092107999,202608
varejo_total,tvm,2864912.71601421,202608
varejo_total,tvm_outros,4701.99592549,202608
varejo_total,tvm_rf,2478662.14920157,202608
varejo_total,tvm_rv,285448.46301033,202608
varejo_tradicional,acoes,71066.4494785904,202106
varejo_tradicional,cdb,220520.08074628867,202106
varejo_tradicional,coe,3406.1251198278583,202106
varejo_tradicional,compromissada,242.6263703842672,202106
varejo_tradicional,cra,3508.2129102554577,202106
varejo_tradicional,cri,2234.212049821193,202106
varejo_tradicional,deb_incentivadas,4985.475535805361,202106
varejo_tradicional,deb_tradicionais,846.9393360418526,202106
varejo_tradicional,debentures,5832.414871847213,202106
varejo_tradicional,estruturados,23252.3007525405,202106
varejo_tradicional,etf,1828.0137220265574,202106
varejo_tradicional,etf_rf,34.0475068921772,202106
varejo_tradicional,etf_rv,1793.9662151343803,202106
varejo_tradicional,fidc,606.537637173192,202106
varejo_tradicional,fii,19924.69443132011,202106
varejo_tradicional,fip,893.0549620206444,202106
varejo_tradicional,fmp,4298.352205761094,202106
varejo_tradicional,fundos_555,198824.81522680933,202106
varejo_tradicional,fundos_acoes,25216.790789284678,202106
varejo_tradicional,fundos_cambial,501.60685103859686,202106
varejo_tradicional,fundos_mm,39382.45617622641,202106
varejo_tradicional,fundos_rf,129425.60920449851,202106
varejo_tradicional,fundos_rf_baixa_dur,98155.50857415922,202106
varejo_tradicional,fundos_rf_exceto_bd,31270.100630339297,202106
varejo_tradicional,lc,1845.271972809164,202106
varejo_tradicional,lca,22132.601065459337,202106
varejo_tradicional,lci,34639.754316857,202106
varejo_tradicional,lf,645.0091392018369,202106
varejo_tradicional,lig,18.039716939999998,202106
varejo_tradicional,poupanca,821953.209605156,202106
varejo_tradicional,tit_privados,292873.7211395567,202106
varejo_tradicional,tit_publicos,20983.978012109474,202106
varejo_tradicional,total,1432360.5993345901,202106
varejo_tradicional,tp_hibrido,5767.57819328834,202106
varejo_tradicional,tp_pos,11135.394046796175,202106
varejo_tradicional,tp_pre,4081.005772024961,202106
varejo_tradicional,tvm,388330.27375008445,202106
varejo_tradicional,tvm_outros,1233.4170204725524,202106
varejo_tradicional,tvm_rf,313857.6991516662,202106
varejo_tradicional,tvm_rv,71066.4494785904,202106
varejo_tradicional,acoes,73645.73117197,202303
varejo_tradicional,cdb,340936.07439624995,202303
varejo_tradicional,coe,6966.120141920001,202303
varejo_tradicional,compromissada,73.25396974,202303
varejo_tradicional,cra,12786.011464220002,202303
varejo_tradicional,cri,6821.8634716999995,202303
varejo_tradicional,deb_incentivadas,11681.79113718,202303
varejo_tradicional,deb_tradicionais,2606.26805762,202303
varejo_tradicional,debentures,14288.0591948,202303
varejo_tradicional,estruturados,42243.059732860005,202303
varejo_tradicional,etf,2197.5668909200003,202303
varejo_tradicional,etf_rf,61.56486565999999,202303
varejo_tradicional,etf_rv,2136.00202526,202303
varejo_tradicional,fidc,4151.1169957,202303
varejo_tradicional,fii,31015.666110489998,202303
varejo_tradicional,fip,4878.70973575,202303
varejo_tradicional,fmp,3873.3262335400004,202303
varejo_tradicional,fundos_555,232746.55774375997,202303
varejo_tradicional,fundos_acoes,15791.594735149998,202303
varejo_tradicional,fundos_cambial,521.02303388,202303
varejo_tradicional,fundos_mm,66815.90569294,202303
varejo_tradicional,fundos_rf,145744.70804825,202303
varejo_tradicional,fundos_rf_baixa_dur,98264.27186751999,202303
varejo_tradicional,fundos_rf_exceto_bd,47480.43618073,202303
varejo_tradicional,lc,1123.62805852,202303
varejo_tradicional,lca,90668.09562402,202303
varejo_tradicional,lci,99453.86795440999,202303
varejo_tradicional,lf,1850.5963686499997,202303
varejo_tradicional,lig,482.5750945600001,202303
varejo_tradicional,poupanca,769720.5896847399,202303
varejo_tradicional,tit_privados,568728.03195726,202303
varejo_tradicional,tit_publicos,44628.12562774999,202303
varejo_tradicional,total,1738678.2160602598,202303
varejo_tradicional,tp_hibrido,14632.50868783,202303
varejo_tradicional,tp_pos,23769.301686939994,202303
varejo_tradicional,tp_pre,6226.315252979999,202303
varejo_tradicional,tvm,693968.0088989,202303
varejo_tradicional,tvm_outros,163.25070085,202303
varejo_tradicional,tvm_rf,613356.1575850099,202303
varejo_tradicional,tvm_rv,73645.73117197,202303
varejo_tradicional,acoes,84715.28343569,202310
varejo_tradicional,cdb,375745.83215776,202310
varejo_tradicional,coe,8416.463233980001,202310
varejo_tradicional,compromissada,65.13798117,202310
varejo_tradicional,cra,19838.5384046,202310
varejo_tradicional,cri,9345.6304602,202310
varejo_tradicional,deb_incentivadas,14439.614628939999,202310
varejo_tradicional,deb_tradicionais,2554.7534342399995,202310
varejo_tradicional,debentures,16994.368063179998,202310
varejo_tradicional,estruturados,47310.92283562999,202310
varejo_tradicional,etf,2448.4937395899997,202310
varejo_tradicional,etf_rf,113.11588019,202310
varejo_tradicional,etf_rv,2335.3778593999996,202310
varejo_tradicional,fidc,1360.4775980199997,202310
varejo_tradicional,fii,38002.61172794999,202310
varejo_tradicional,fip,5499.339770070001,202310
varejo_tradicional,fmp,4274.523566179999,202310
varejo_tradicional,fundos_555,248285.24802772,202310
varejo_tradicional,fundos_acoes,16645.31526768,202310
varejo_tradicional,fundos_cambial,550.9496996700001,202310
varejo_tradicional,fundos_mm,65572.8373953,202310
varejo_tradicional,fundos_rf,161241.62209889,202310
varejo_tradicional,fundos_rf_baixa_dur,105780.53420788998,202310
varejo_tradicional,fundos_rf_exceto_bd,55461.087891,202310
varejo_tradicional,lc,793.05858757,202310
varejo_tradicional,lca,109486.19484500999,202310
varejo_tradicional,lci,121595.47630405003,202310
varejo_tradicional,lf,3070.3685731799997,202310
varejo_tradicional,lig,644.7933129300002,202310
varejo_tradicional,poupanca,774613.18373228,202310
varejo_tradicional,tit_privados,658449.77718255,202310
varejo_tradicional,tit_publicos,49134.71470857,202310
varejo_tradicional,total,1870925.5931564202,202310
varejo_tradicional,tp_hibrido,14009.72485529,202310
varejo_tradicional,tp_pos,28096.886241279997,202310
varejo_tradicional,tp_pre,7028.103612,202310
varejo_tradicional,tvm,800716.2385607901,202310
varejo_tradicional,tvm_outros,796.22497762,202310
varejo_tradicional,tvm_rf,707584.4918911201,202310
varejo_tradicional,tvm_rv,84715.28343569,202310
varejo_tradicional,acoes,90187.49369815,202408
varejo_tradicional,cdb,503850.66317241004,202408
varejo_tradicional,coe,11762.279813939998,202408
varejo_tradicional,compromissada,53.369891589999995,202408
varejo_tradicional,cra,25944.011266679998,202408
varejo_tradicional,cri,13801.425800370002,202408
varejo_tradicional,deb_incentivadas,17093.50078116,202408
varejo_tradicional,deb_tradicionais,2991.1181564400003,202408
varejo_tradicional,debentures,20084.6189376,202408
varejo_tradicional,estruturados,41334.720679879996,202408
varejo_tradicional,etf,3618.8103387799997,202408
varejo_tradicional,etf_rf,248.28930085999997,202408
varejo_tradicional,etf_rv,3370.52103792,202408
varejo_tradicional,fidc,3932.19903288,202408
varejo_tradicional,fii,24944.32022343,202408
varejo_tradicional,fip,8839.39108479,202408
varejo_tradicional,fmp,4665.23228935,202408
varejo_tradicional,fundos_555,280365.16866150004,202408
varejo_tradicional,fundos_acoes,19569.4175246,202408
varejo_tradicional,fundos_cambial,383.53387177,202408
varejo_tradicional,fundos_mm,71316.40252861001,202408
varejo_tradicional,fundos_rf,184430.58244717002,202408
varejo_tradicional,fundos_rf_baixa_dur,114471.80375908001,202408
varejo_tradicional,fundos_rf_exceto_bd,69958.77868809001,202408
varejo_tradicional,lc,443.18098877,202408
varejo_tradicional,lca,123620.11338918,202408
varejo_tradicional,lci,133303.07352789002,202408
varejo_tradicional,lf,3625.6401339100003,202408
varejo_tradicional,lig,851.6238469000001,202408
varejo_tradicional,poupanca,835362.5074059999,202408
varejo_tradicional,previdencia,252319.57882249,202408
varejo_tradicional,tit_privados,826498.74090095,202408
varejo_tradicional,tit_publicos,51732.48219013,202408
varejo_tradicional,total,2389562.97217304,202408
varejo_tradicional,tp_hibrido,15627.28362212,202408
varejo_tradicional,tp_pos,29570.615487480005,202408
varejo_tradicional,tp_pre,6534.58308053,202408
varejo_tradicional,tvm,980180.9966031702,202408
varejo_tradicional,tvm_outros,917.7153710300001,202408
varejo_tradicional,tvm_rf,878231.2230910801,202408
varejo_tradicional,tvm_rv,90187.49369815,202408
varejo_tradicional,acoes,84897.65225184002,202502
varejo_tradicional,cdb,521859.98780600005,202502
varejo_tradicional,coe,11878.05542984,202502
varejo_tradicional,compromissada,63.439300519999996,202502
varejo_tradicional,cra,26428.095342970002,202502
varejo_tradicional,cri,15202.18646123,202502
varejo_tradicional,deb_incentivadas,19184.454344439997,202502
varejo_tradicional,deb_tradicionais,3343.8667594499993,202502
varejo_tradicional,debentures,22528.321103889997,202502
varejo_tradicional,estruturados,48938.05813299,202502
varejo_tradicional,etf,4477.335923570001,202502
varejo_tradicional,etf_rf,331.77957664999997,202502
varejo_tradicional,etf_rv,4145.556346920001,202502
varejo_tradicional,fidc,10598.66691974,202502
varejo_tradicional,fii,23920.50528883,202502
varejo_tradicional,fip,9941.550000849998,202502
varejo_tradicional,fmp,3773.2379913900004,202502
varejo_tradicional,fundos_555,269353.63035953,202502
varejo_tradicional,fundos_acoes,17015.69709922,202502
varejo_tradicional,fundos_cambial,474.4578287600001,202502
varejo_tradicional,fundos_mm,52029.045543800006,202502
varejo_tradicional,fundos_rf,196061.19189636002,202502
varejo_tradicional,fundos_rf_baixa_dur,116990.14932330002,202502
varejo_tradicional,fundos_rf_exceto_bd,79071.04257305998,202502
varejo_tradicional,lc,150.7967447,202502
varejo_tradicional,lca,138310.50161212002,202502
varejo_tradicional,lci,149190.84153361002,202502
varejo_tradicional,lf,4561.29122408,202502
varejo_tradicional,lig,1234.1505676099998,202502
varejo_tradicional,poupanca,807810.0871626099,202502
varejo_tradicional,previdencia,254908.65019771003,202502
varejo_tradicional,tit_privados,880484.0411310901,202502
varejo_tradicional,tit_publicos,58072.72261911,202502
varejo_tradicional,total,2416342.89728472,202502
varejo_tradicional,tp_hibrido,18436.238332809997,202502
varejo_tradicional,tp_pos,32460.523810060004,202502
varejo_tradicional,tp_pre,7175.9604762399995,202502
varejo_tradicional,tvm,1035332.4714318801,202502
varejo_tradicional,tvm_outros,954.17873436,202502
varejo_tradicional,tvm_rf,938556.7637502002,202502
varejo_tradicional,tvm_rv,84897.65225184002,202502
varejo_tradicional,acoes,92351.37620947999,202507
varejo_tradicional,cdb,565224.5053251,202507
varejo_tradicional,coe,12792.61645039,202507
varejo_tradicional,compromissada,48.58458432000001,202507
varejo_tradicional,cra,29192.01267123,202507
varejo_tradicional,cri,17045.91369012,202507
varejo_tradicional,deb_incentivadas,21756.863840780003,202507
varejo_tradicional,deb_tradicionais,3712.2438114200004,202507
varejo_tradicional,debentures,25469.107652200004,202507
varejo_tradicional,estruturados,65296.66708391,202507
varejo_tradicional,etf,5589.892171410001,202507
varejo_tradicional,etf_rf,444.09251002,202507
varejo_tradicional,etf_rv,5145.79966139,202507
varejo_tradicional,fidc,20412.81820056,202507
varejo_tradicional,fii,29314.0710898,202507
varejo_tradicional,fip,9979.885622139998,202507
varejo_tradicional,fmp,3623.01630422,202507
varejo_tradicional,fundos_555,278517.24041242,202507
varejo_tradicional,fundos_acoes,17168.86290126,202507
varejo_tradicional,fundos_cambial,444.27955505999995,202507
varejo_tradicional,fundos_mm,51504.53025451999,202507
varejo_tradicional,fundos_rf,205776.55139736,202507
varejo_tradicional,fundos_rf_baixa_dur,120363.67158064,202507
varejo_tradicional,fundos_rf_exceto_bd,85412.87981672,202507
varejo_tradicional,lc,252.03243777,202507
varejo_tradicional,lca,152507.17962438002,202507
varejo_tradicional,lci,166366.43620694,202507
varejo_tradicional,lf,4732.05981689,202507
varejo_tradicional,lig,1433.1063308300002,202507
varejo_tradicional,poupanca,817480.2513823999,202507
varejo_tradicional,previdencia,410877.91894360003,202507
varejo_tradicional,tit_privados,962601.3901571,202507
varejo_tradicional,tit_publicos,67506.94457576,202507
varejo_tradicional,total,2707424.4052150603,202507
varejo_tradicional,tp_hibrido,21627.04801013,202507
varejo_tradicional,tp_pos,36775.88224382,202507
varejo_tradicional,tp_pre,9104.01432181,202507
varejo_tradicional,tvm,1135252.3273927302,202507
varejo_tradicional,tvm_outros,330.45181732,202507
varejo_tradicional,tvm_rf,1030108.3347328601,202507
varejo_tradicional,tvm_rv,92351.37620947999,202507
varejo_tradicional,acoes,120889.16932411,202608
varejo_tradicional,cdb,672163.27998785,202608
varejo_tradicional,coe,12661.825659549999,202608
varejo_tradicional,compromissada,181.78282153000004,202608
varejo_tradicional,cra,32664.336230710003,202608
varejo_tradicional,cri,20368.30393316,202608
varejo_tradicional,deb_incentivadas,23015.173489239995,202608
varejo_tradicional,deb_tradicionais,3791.15585922,202608
varejo_tradicional,debentures,26806.329348459993,202608
varejo_tradicional,estruturados,110149.96602061,202608
varejo_tradicional,etf,10489.104684490001,202608
varejo_tradicional,etf_rf,1658.24122067,202608
varejo_tradicional,etf_rv,8830.86346382,202608
varejo_tradicional,fidc,37783.245768119996,202608
varejo_tradicional,fii,44911.43305757,202608
varejo_tradicional,fip,16966.18251043,202608
varejo_tradicional,fmp,6454.226058869999,202608
varejo_tradicional,fundos_555,349754.91864364996,202608
varejo_tradicional,fundos_acoes,19756.21173639,202608
varejo_tradicional,fundos_cambial,465.5808197200001,202608
varejo_tradicional,fundos_mm,49582.53130336,202608
varejo_tradicional,fundos_rf,273496.36872530996,202608
varejo_tradicional,fundos_rf_baixa_dur,157126.41756571998,202608
varejo_tradicional,fundos_rf_exceto_bd,116369.95115958998,202608
varejo_tradicional,lc,209.08564177,202608
varejo_tradicional,lca,117581.34091082001,202608
varejo_tradicional,lci,180972.80542423,202608
varejo_tradicional,lf,6545.77787347,202608
varejo_tradicional,lig,2314.4683702999996,202608
varejo_tradicional,poupanca,800051.62861682,202608
varejo_tradicional,previdencia,454372.61174518,202608
varejo_tradicional,tit_privados,1061002.8861013702,202608
varejo_tradicional,tit_publicos,112396.16716911,202608
varejo_tradicional,total,3021279.1732804,202608
varejo_tradicional,tp_hibrido,34944.80435364,202608
varejo_tradicional,tp_pos,61203.344317170006,202608
varejo_tradicional,tp_pre,16248.018498299998,202608
varejo_tradicional,tvm,1306950.0482541402,202608
varejo_tradicional,tvm_outros,1195.3329988100002,202608
varejo_tradicional,tvm_rf,1173399.0532704801,202608
varejo_tradicional,tvm_rv,120889.16932411,202608
