data,total_pf_bi,fonte
201912,3263.0,"coletiva dez/20, pág. 2"
202001,3275.5,"coletiva dez/20, pág. 2"
202002,3257.7,"coletiva dez/20, pág. 2"
202003,3090.8,"coletiva dez/20, pág. 2"
202004,3187.3,"coletiva dez/20, pág. 2"
202005,3272.2,"coletiva dez/20, pág. 2"
202006,3370.3,"coletiva dez/20, pág. 2"
202007,3493.9,"coletiva dez/20, pág. 2"
202008,3515.5,"coletiva dez/20, pág. 2"
202009,3522.2,"coletiva dez/20, pág. 2"
202010,3549.4,"coletiva dez/20, pág. 2"
202011,3618.3,"coletiva dez/20, pág. 2"
202012,3701.1,"coletiva dez/20, pág. 2"
