seg,data,acoes,caixa,cdb,coe,compromissada,cra,credito_privado,cri,deb_incentivadas,deb_tradicionais,debentures,estruturados,etf,etf_rf,etf_rv,fidc,fii,fip,fmp,fundos_555,fundos_acoes,fundos_cambial,fundos_mm,fundos_rf,fundos_rf_baixa_dur,fundos_rf_exceto_bd,lc,lca,lci,lci_lca,lf,lig,poupanca,previdencia,tit_privados,tit_publicos,total,tp_hibrido,tp_pos,tp_pre,tvm,tvm_outros,tvm_rf,tvm_rv
private,201810,150971.2,3833.5,32367.8,3525.9,,,76876.3,,,,,26486.9,,,,,,,,510373.1,,,,,,,,,,133529.0,,,,112161.1,,34326.9,1071481.1,,,,,,,
private,201812,152650.7,3610.4,32332.3,3213.3,,,77770.2,,,,,28565.9,,,,,,,,517003.2,,,,,,,,,,132624.6,,,,114606.1,,33781.1,1080825.6,,,,,,,
private,201903,154464.6,4147.2,33185.2,3551.4,,,70484.0,,,,,24318.9,,,,,,,,565793.8,,,,,,,,,,135425.5,,,,119030.0,,25629.0,1125884.2,,,,,,,
private,201904,157195.6,4259.5,32714.5,3535.5,,,71047.8,,,,,25715.5,,,,,,,,570814.7,,,,,,,,,,136315.9,,,,120762.2,,25854.8,1135474.3,,,,,,,
private,201906,170319.0,3968.0,33198.2,3965.3,,,73100.4,,,,,26434.9,,,,,,,,590005.5,,,,,,,,,,134909.8,,,,125854.4,,25655.9,1176295.0,,,,,,,
private,202106,423657.0,7314.9,64499.7,4002.9,,,83442.5,,,,,34409.1,,,,,,,,729863.0,,,,,,,,,,125040.8,,,,152269.2,,28305.9,1625164.5,,,,,,,
private,202401,481196.6,10899.1,89377.3,3934.3,,,138764.0,,,,,40534.5,,,,,,,,787336.9,,,,,,,,,,354972.1,,,,212390.0,,31593.6,2117062.5,,,,,,,
private,202405,446711.7,13228.3,100955.6,3902.3,,,145544.9,,,,,50276.0,,,,,,,,744145.4,,,,,,,,,,374776.4,,,,222746.3,,34289.1,2141512.5,,,,,,,
private,202507,505861.1,12879.0,111127.1,7006.4,,,163006.8,,,,,58118.3,,,,,,,,774627.7,,,,,,,,,,462141.1,,,,257071.5,,46009.2,2403087.8,,,,,,,
private,202510,519501.1,12545.2,114813.6,6934.2,,,163570.8,,,,,62091.4,,,,,,,,825180.1,,,,,,,,,,466280.9,,,,264201.3,,49561.7,2492429.0,,,,,,,
private,202608,565861.8,13564.2,161242.5,15141.3,,,166595.6,,,,,89308.6,,,,,,,,924638.9,,,,,,,,,,507747.0,,,,300155.6,,91715.2,2846297.4,,,,,,,
varejo_alta_renda,202106,143932.4,,236507.2,16351.7,4748.5,12482.3,47444.7,3778.3,11482.2,3428.4,14910.6,45957.1,3328.9,227.3,3101.6,1724.6,37117.2,3786.4,2708.0,438180.1,50190.7,1505.4,158962.4,224813.6,143845.2,80968.4,1217.1,52642.4,47723.8,100366.2,3406.9,2027.2,158548.5,,384410.4,35442.8,1222823.1,20506.0,8397.5,6539.3,580137.4,4873.7,419853.2,143932.4
varejo_alta_renda,202303,123330.0,,337723.0,35977.3,3603.2,26800.7,95342.3,13810.9,18472.7,11707.6,30180.3,53139.4,3175.5,184.0,2991.5,1423.6,46426.3,2114.0,3057.4,444814.9,57648.4,1276.5,128656.9,254175.7,148060.1,106115.6,831.9,142000.3,63333.7,205334.0,6910.6,13032.6,127731.5,,638655.9,72904.5,1496553.5,44172.1,19961.8,8770.7,870867.7,172.2,711560.4,123330.0
varejo_alta_renda,202310,132922.2,,356866.6,45200.3,3104.6,35475.7,117266.0,19639.0,19257.8,14806.7,34064.5,64588.2,3477.6,218.4,3259.2,1821.2,56951.2,2338.2,3335.2,470337.8,56911.9,1337.6,116602.5,292150.6,166092.0,126058.6,566.4,155003.5,72816.8,227820.3,7297.4,16976.6,122714.6,,702247.0,80578.9,1618589.0,46362.7,24126.7,10089.5,960948.4,141.7,782825.9,132922.2
varejo_alta_renda,202408,148807.8,,389632.8,58676.9,2458.7,47867.0,150249.0,31561.3,22533.7,18138.6,40672.3,80993.5,4573.7,326.7,4247.0,5323.9,68671.1,2424.8,3621.9,547528.0,57872.3,932.0,111807.4,373294.5,202491.4,170803.1,401.8,159593.8,66240.6,225834.4,7060.0,18620.0,119133.4,703336.8,765749.6,84545.7,2508771.6,48358.5,26473.5,9713.6,1057779.9,1607.9,850295.3,148807.8
varejo_alta_renda,202502,131175.6,,442492.3,71515.4,2401.4,48808.1,162060.8,35814.0,25585.6,20296.6,45882.1,76466.7,5033.7,326.2,4707.4,10785.5,58165.8,2481.7,3414.7,558999.4,55393.2,919.7,108525.4,390746.4,209264.7,181481.7,85.0,173634.6,80535.0,254169.6,7466.0,19618.3,133786.1,760402.9,858754.1,92899.2,2683999.5,52718.9,29812.0,10368.3,1154344.3,1985.7,951653.3,131175.6
varejo_alta_renda,202507,138670.7,,493133.7,78785.3,2595.6,52473.6,179032.3,39405.3,31496.5,22588.6,54085.1,82810.9,5664.6,393.0,5271.7,12176.6,62116.2,2853.5,3182.4,581356.0,54830.9,901.8,105899.3,416541.6,214090.3,202451.3,128.8,194600.1,94228.9,288829.0,8195.4,20027.7,135641.1,806786.7,961033.4,108633.9,2893718.0,61260.5,34205.6,13167.8,1287123.3,2120.8,1069667.3,138670.7
varejo_alta_renda,202608,164559.3,,650411.8,88140.3,2850.8,53824.0,185754.0,41366.7,35725.4,21736.8,57462.2,119784.1,10806.1,1668.4,9137.7,21562.6,84373.6,3041.8,4542.8,723311.7,55807.1,823.2,107464.8,554673.7,238295.0,316378.7,105.1,181229.0,120752.2,301981.2,8731.9,17906.8,152864.8,932630.8,1138177.2,167085.9,3486554.0,86872.1,58065.6,22148.1,1557962.7,3506.7,1305263.1,164559.3
varejo_total,202106,214998.9,,457027.3,19757.9,4991.2,15990.5,63003.9,6012.5,16467.6,4275.4,20743.0,69209.4,5156.9,261.4,4895.5,2331.2,57041.9,4679.5,7006.3,637004.9,75407.5,2007.0,198344.9,354239.2,242000.7,112238.5,3062.4,74775.0,82363.5,157138.6,4051.9,2045.3,980501.7,,677284.1,56426.8,2655183.7,26273.6,19532.9,10620.3,968467.7,6107.1,733710.9,214998.9
varejo_total,202303,196975.7,,678659.1,42943.4,3676.5,39586.7,132931.5,20632.8,30154.5,14313.9,44468.4,95382.4,5373.0,245.5,5127.5,5574.7,77442.0,6992.7,6930.7,677561.4,73440.0,1797.5,195472.8,399920.5,246324.4,153596.0,1955.5,232668.4,162787.6,395456.0,8761.2,13515.1,897452.1,,1207383.9,117532.7,3235231.7,58804.6,43731.1,14997.0,1564835.7,335.4,1324916.6,196975.7
varejo_total,202310,217637.5,,732612.4,53616.8,3169.8,55314.3,168814.1,28984.6,33697.4,17361.4,51058.8,111899.1,5926.1,331.5,5594.6,3181.7,94953.8,7837.6,7609.7,718623.0,73557.2,1888.6,182175.4,453392.2,271872.6,181519.7,1359.5,264489.7,194412.3,458902.0,10367.8,17621.4,897327.8,,1360696.8,129713.6,3489514.6,60372.5,52223.5,17117.6,1761664.6,938.0,1490410.4,217637.5
varejo_total,202408,238995.3,,893483.5,70439.2,2512.1,73811.0,215970.6,45362.8,39627.2,21129.7,60756.9,122328.2,8192.5,575.0,7617.5,9256.1,93615.4,11264.2,8287.2,827893.2,77441.7,1315.5,183123.8,557725.1,316963.2,240761.9,845.0,283213.9,199543.6,482757.6,10685.6,19471.7,954495.9,955656.4,1592248.3,136278.2,4898334.6,63985.8,56044.1,16248.2,2037960.9,2525.6,1728526.5,238995.3
varejo_total,202502,216073.3,,964352.3,83393.5,2464.9,75236.2,233183.2,51016.2,44770.0,23640.4,68410.4,125404.7,9511.0,658.0,8853.0,21384.1,82086.3,12423.2,7187.9,828353.1,72408.9,1394.2,160554.5,586807.6,326254.8,260552.8,235.8,311945.1,229725.9,541671.0,12027.3,20852.5,941596.2,1015311.6,1739238.1,150972.0,5100342.4,71155.1,62272.5,17544.3,2189676.8,2939.8,1890210.1,216073.3
varejo_total,202507,231022.1,,1058358.2,91577.9,2644.2,81665.6,257535.6,56451.2,53253.4,26300.8,79554.2,148107.6,11254.5,837.0,10417.5,32589.4,91430.3,12833.4,6805.4,859873.2,71999.7,1346.1,157403.8,622318.2,334454.0,287864.2,380.8,347107.3,260595.4,607702.6,12927.5,21460.8,953121.4,1217664.6,1923634.8,176140.8,5601142.4,82887.6,70981.4,22271.8,2422375.6,2451.2,2099775.6,231022.1
varejo_total,202608,285448.5,,1322575.1,100802.1,3032.5,86488.3,276039.4,61735.0,58740.6,25527.9,84268.5,229934.0,21295.2,3326.6,17968.5,59345.9,129285.0,20008.0,10997.1,1073066.6,75563.4,1288.8,157047.3,828170.1,395421.4,432748.6,314.2,298810.4,301725.0,600535.4,15277.6,20221.2,952916.4,1387003.4,2199180.1,279482.0,6507833.2,121816.9,119269.0,38396.2,2864912.7,4702.0,2478662.1,285448.5
varejo_tradicional,202106,71066.4,,220520.1,3406.1,242.6,3508.2,15559.2,2234.2,4985.5,846.9,5832.4,23252.3,1828.0,34.0,1794.0,606.5,19924.7,893.1,4298.4,198824.8,25216.8,501.6,39382.5,129425.6,98155.5,31270.1,1845.3,22132.6,34639.8,56772.4,645.0,18.0,821953.2,,292873.7,20984.0,1432360.6,5767.6,11135.4,4081.0,388330.3,1233.4,313857.7,71066.4
varejo_tradicional,202303,73645.7,,340936.1,6966.1,73.3,12786.0,37589.2,6821.9,11681.8,2606.3,14288.1,42243.1,2197.6,61.6,2136.0,4151.1,31015.7,4878.7,3873.3,232746.6,15791.6,521.0,66815.9,145744.7,98264.3,47480.4,1123.6,90668.1,99453.9,190122.0,1850.6,482.6,769720.6,,568728.0,44628.1,1738678.2,14632.5,23769.3,6226.3,693968.0,163.3,613356.2,73645.7
varejo_tradicional,202310,84715.3,,375745.8,8416.5,65.1,19838.5,51548.1,9345.6,14439.6,2554.8,16994.4,47310.9,2448.5,113.1,2335.4,1360.5,38002.6,5499.3,4274.5,248285.2,16645.3,550.9,65572.8,161241.6,105780.5,55461.1,793.1,109486.2,121595.5,231081.7,3070.4,644.8,774613.2,,658449.8,49134.7,1870925.6,14009.7,28096.9,7028.1,800716.2,796.2,707584.5,84715.3
varejo_tradicional,202408,90187.5,,503850.7,11762.3,53.4,25944.0,65721.6,13801.4,17093.5,2991.1,20084.6,41334.7,3618.8,248.3,3370.5,3932.2,24944.3,8839.4,4665.2,280365.2,19569.4,383.5,71316.4,184430.6,114471.8,69958.8,443.2,123620.1,133303.1,256923.2,3625.6,851.6,835362.5,252319.6,826498.7,51732.5,2389563.0,15627.3,29570.6,6534.6,980181.0,917.7,878231.2,90187.5
varejo_tradicional,202502,84897.7,,521860.0,11878.1,63.4,26428.1,71122.5,15202.2,19184.5,3343.9,22528.3,48938.1,4477.3,331.8,4145.6,10598.7,23920.5,9941.6,3773.2,269353.6,17015.7,474.5,52029.0,196061.2,116990.1,79071.0,150.8,138310.5,149190.8,287501.3,4561.3,1234.2,807810.1,254908.7,880484.0,58072.7,2416342.9,18436.2,32460.5,7176.0,1035332.5,954.2,938556.8,84897.7
varejo_tradicional,202507,92351.4,,565224.5,12792.6,48.6,29192.0,78503.3,17045.9,21756.9,3712.2,25469.1,65296.7,5589.9,444.1,5145.8,20412.8,29314.1,9979.9,3623.0,278517.2,17168.9,444.3,51504.5,205776.6,120363.7,85412.9,252.0,152507.2,166366.4,318873.6,4732.1,1433.1,817480.3,410877.9,962601.4,67506.9,2707424.4,21627.0,36775.9,9104.0,1135252.3,330.5,1030108.3,92351.4
varejo_tradicional,202608,120889.2,,672163.3,12661.8,181.8,32664.3,90285.4,20368.3,23015.2,3791.2,26806.3,110150.0,10489.1,1658.2,8830.9,37783.2,44911.4,16966.2,6454.2,349754.9,19756.2,465.6,49582.5,273496.4,157126.4,116370.0,209.1,117581.3,180972.8,298554.1,6545.8,2314.5,800051.6,454372.6,1061002.9,112396.2,3021279.2,34944.8,61203.3,16248.0,1306950.0,1195.3,1173399.1,120889.2
