,PF,PF,PF,PJ,PJ,PJ
,ativos,registros,cancelamentos,ativos,registros,cancelamentos
2001-12,91,9,0,7,2,0
2002-01,162,71,0,11,4,0
2002-02,226,66,2,16,5,0
2002-03,244,18,0,19,3,0
2002-04,320,76,0,19,0,0
2002-05,437,118,1,21,2,0
2002-06,524,89,2,24,3,0
2002-07,631,107,0,39,15,0
2002-08,765,135,1,58,19,0
2002-09,791,30,4,60,2,0
2002-10,899,110,2,89,29,0
2002-11,930,37,6,104,16,1
2002-12,923,1,8,108,4,0
2003-01,993,70,0,122,14,0
2003-02,1034,43,2,140,18,0
2003-03,1030,4,8,141,1,0
2003-04,1058,28,0,147,6,0
2003-05,1074,17,1,157,10,0
2003-06,1072,2,4,161,5,1
2003-07,1127,55,0,170,9,0
2003-08,1174,47,0,179,9,0
2003-09,1185,22,11,189,10,0
2003-10,1222,37,0,199,10,0
2003-11,1272,50,0,210,11,0
2003-12,1278,15,9,228,18,0
2004-01,1311,37,4,239,11,0
2004-02,1407,99,3,245,6,0
2004-03,1427,29,9,247,2,0
2004-04,1471,47,3,268,21,0
2004-05,1489,32,14,270,4,2
2004-06,1496,17,10,273,4,1
2004-07,1592,96,0,297,24,0
2004-08,1619,31,4,309,12,0
2004-09,1633,24,10,319,10,0
2004-10,1684,51,0,330,11,0
2004-11,1731,50,3,331,3,2
2004-12,1759,38,10,336,5,0
2005-01,1773,17,3,341,5,0
2005-02,1846,76,3,349,9,1
2005-03,1845,10,11,349,1,1
2005-04,1901,57,1,358,9,0
2005-05,1911,15,5,363,5,0
2005-06,1934,27,4,369,6,0
2005-07,2019,85,0,377,8,0
2005-08,2045,34,8,395,18,0
2005-09,2048,9,6,400,7,2
2005-10,2087,39,0,404,4,0
2005-11,2145,61,3,416,12,0
2005-12,2148,8,5,420,7,3
2006-01,2173,29,4,433,13,0
2006-02,2206,34,1,439,8,2
2006-03,2229,29,6,439,3,3
2006-04,2268,43,4,459,22,2
2006-05,2289,21,0,467,10,2
2006-06,2302,15,2,476,10,1
2006-07,2398,98,2,485,9,0
2006-08,2490,93,1,489,5,1
2006-09,2483,5,12,503,15,1
2006-10,2577,98,4,514,15,4
2006-11,2621,50,6,544,34,4
2006-12,2627,21,15,553,14,5
2007-01,2721,98,4,594,41,0
2007-02,2753,32,0,604,11,1
2007-03,2797,53,9,626,23,1
2007-04,2867,75,5,647,22,1
2007-05,2967,105,5,657,13,3
2007-06,3006,48,9,665,8,0
2007-07,3193,190,3,684,21,2
2007-08,3285,95,3,704,21,1
2007-09,3327,54,12,739,37,2
2007-10,3460,135,2,791,54,2
2007-11,3495,47,12,817,28,2
2007-12,3539,65,21,840,23,0
2008-01,3606,68,1,849,10,1
2008-02,3693,87,0,855,10,4
2008-03,3767,98,24,865,10,0
2008-04,3850,83,0,890,28,3
2008-05,3968,119,1,891,5,4
2008-06,4044,95,19,918,32,5
2008-07,4181,139,2,959,45,4
2008-08,4270,90,1,979,29,9
2008-09,4345,94,19,994,23,8
2008-10,4461,117,1,1039,50,5
2008-11,4680,228,9,1068,32,3
2008-12,4741,99,38,1095,36,9
2009-01,4831,92,2,1126,37,6
2009-02,4881,62,12,1143,22,5
2009-03,5034,220,67,1189,47,1
2009-04,5111,84,7,1214,31,6
2009-05,5200,115,26,1247,39,6
2009-06,5262,109,47,1272,31,6
2009-07,5391,136,7,1314,47,5
2009-08,5526,141,6,1342,31,3
2009-09,5628,123,21,1367,27,2
2009-10,5750,131,9,1410,51,8
2009-11,5851,120,19,1434,32,8
2009-12,5907,81,25,1445,13,2
2010-01,5988,87,6,1473,30,2
2010-02,6099,116,5,1485,15,3
2010-03,6210,148,37,1523,42,4
2010-04,6286,81,5,1541,22,4
2010-05,6438,166,14,1591,54,4
2010-06,6546,147,39,1593,9,7
2010-07,6656,114,4,1639,49,3
2010-08,6819,180,17,1671,41,9
2010-09,6961,189,47,1692,27,6
2010-10,7057,103,7,1704,17,5
2010-11,7104,52,5,1723,22,3
2010-12,7180,122,46,1736,21,8
2011-01,7318,140,2,1756,27,7
2011-02,7393,83,8,1768,22,10
2011-03,7474,142,61,1778,20,10
2011-04,7600,130,4,1808,37,7
2011-05,7727,135,8,1820,16,4
2011-06,7694,59,92,1836,28,12
2011-07,7852,160,2,1842,19,13
2011-08,7980,139,11,1857,28,13
2011-09,7899,4,85,1865,19,11
2011-10,8021,127,5,1884,33,14
2011-11,8146,134,9,1897,22,9
2011-12,8163,128,111,1910,27,14
2012-01,8187,32,8,1905,4,9
2012-02,8257,73,3,1902,9,12
2012-03,8260,96,93,1892,3,13
2012-04,8316,57,1,1901,27,18
2012-05,8327,59,48,1914,32,19
2012-06,8235,33,125,1914,17,17
2012-07,8276,95,54,1936,43,21
2012-08,8302,123,97,1933,20,23
2012-09,8186,44,160,1929,19,23
2012-10,8211,30,5,1940,34,23
2012-11,8229,80,62,1947,25,18
2012-12,7984,5,250,1960,36,23
2013-01,8018,62,28,1970,23,13
2013-02,8096,102,24,1991,31,10
2013-03,8007,20,109,1990,16,17
2013-04,7999,14,22,2014,42,18
2013-05,8068,105,36,2019,22,17
2013-06,7958,49,159,2011,9,17
2013-07,7956,26,28,2008,16,19
2013-08,7985,61,32,2005,19,22
2013-09,5636,44,2393,1569,12,448
2013-10,5657,36,15,1545,9,33
2013-11,5682,50,25,1561,24,8
2013-12,5669,23,36,1560,12,13
2014-01,5700,52,21,1565,14,9
2014-02,5703,27,24,1564,12,13
2014-03,5662,13,54,1559,7,12
2014-04,5671,31,22,1561,12,10
2014-05,5687,49,33,1563,15,13
2014-06,5632,27,82,1550,12,25
2014-07,5618,16,30,1553,11,8
2014-08,5605,31,44,1548,6,11
2014-09,5562,10,53,1545,17,20
2014-10,5579,50,33,1530,5,20
2014-11,5554,15,40,1521,7,16
2014-12,5466,16,104,1505,5,21
2015-01,5484,43,25,1506,12,11
2015-02,5483,21,22,1498,10,18
2015-03,5453,18,48,1473,9,34
2015-04,5454,16,15,1460,6,19
2015-05,5459,37,32,1454,13,19
2015-06,5424,21,56,1450,14,18
2015-07,5411,17,30,1441,10,19
2015-08,5439,52,24,1430,9,20
2015-09,5241,23,221,1387,7,50
2015-10,5275,79,45,1355,6,38
2015-11,5209,30,96,1330,12,37
2015-12,5143,81,147,1306,11,35
2016-01,5141,20,22,1290,8,24
2016-02,5108,16,49,1278,6,18
2016-03,5025,26,109,1256,7,29
2016-04,5035,34,24,1262,13,7
2016-05,4991,15,59,1243,4,23
2016-06,4926,6,71,1204,4,43
2016-07,4978,83,31,1221,31,14
2016-08,4997,58,39,1225,18,14
2016-09,4942,53,108,1214,15,26
2016-10,4985,68,25,1214,14,14
2016-11,4986,52,51,1200,5,19
2016-12,4796,60,250,1172,8,36
2017-01,4896,140,40,1171,14,15
2017-02,4926,83,53,1170,10,11
2017-03,4861,27,92,1151,4,23
2017-04,4995,149,15,1160,15,6
2017-05,5096,133,32,1152,10,18
2017-06,5158,120,58,1145,7,14
2017-07,5241,104,21,1153,17,9
2017-08,5328,128,41,1147,15,21
2017-09,5305,27,50,1128,6,25
2017-10,5456,167,16,1131,16,13
2017-11,5556,122,22,1132,13,12
2017-12,5501,41,96,1112,2,22
2018-01,5643,174,32,1115,11,8
2018-02,5737,132,38,1120,12,7
2018-03,5707,48,78,1106,6,20
2018-04,5923,251,35,1120,22,8
2018-05,6043,157,37,1113,8,15
2018-06,5995,67,115,1105,5,13
2018-07,6152,193,36,1119,22,8
2018-08,6296,203,59,1121,17,15
2018-09,6262,43,77,1108,3,16
2018-10,6504,270,28,1116,24,16
2018-11,6619,158,43,1123,15,8
2018-12,6627,86,78,1109,8,22
2019-01,6942,383,68,1120,24,13
2019-02,7154,268,56,1123,12,9
2019-03,7118,72,108,1096,1,28
2019-04,7601,510,27,1111,23,8
2019-05,7921,363,43,1115,17,13
2019-06,7992,147,76,1106,5,14
2019-07,8405,447,34,1112,21,15
2019-08,8766,411,50,1117,15,10
2019-09,8849,175,92,1114,11,14
2019-10,9376,576,49,1123,21,12
2019-11,9597,257,36,1130,10,3
2019-12,9608,144,133,1130,14,14
2020-01,9954,399,53,1129,10,11
2020-02,10199,293,48,1135,15,9
2020-03,10191,179,187,1134,12,13
2020-04,10446,285,30,1137,15,12
2020-05,10450,73,69,1140,8,5
2020-06,10397,98,151,1130,2,12
2020-07,10927,581,51,1134,14,10
2020-08,11177,315,65,1140,11,5
2020-09,11265,207,119,1136,5,9
2020-10,11982,753,36,1137,13,12
2020-11,12541,636,77,1148,13,2
2020-12,12769,407,179,1143,10,15
2021-01,13263,533,39,1158,18,3
2021-02,13630,449,82,1147,13,24
2021-03,13703,270,197,1131,16,32
2021-04,14418,770,55,1147,25,9
2021-05,14873,537,82,1156,18,9
2021-06,14904,230,199,1153,8,11
2021-07,15674,871,101,1157,18,14
2021-08,16043,500,131,1161,23,19
2021-09,16034,209,218,1158,8,11
2021-10,16730,764,68,1164,15,9
2021-11,17078,422,74,1161,10,13
2021-12,16985,122,215,1148,6,19
2022-01,17599,694,80,1158,17,7
2022-02,17939,411,71,1154,12,16
2022-03,18373,541,107,1175,27,6
2022-04,18684,478,167,1191,23,7
2022-05,19087,517,114,1202,23,12
2022-06,19538,476,25,1208,14,8
2022-07,19957,484,65,1213,15,10
2022-08,20319,526,164,1220,18,11
2022-09,20598,456,177,1231,21,10
2022-10,20975,456,79,1237,18,12
2022-11,21425,556,106,1244,15,8
2022-12,21905,795,315,1241,11,14
2023-01,22300,467,72,1254,22,9
2023-02,22579,395,116,1255,10,9
2023-03,22954,474,99,1254,8,9
2023-04,23294,445,105,1254,7,7
2023-05,23618,484,160,1255,14,13
2023-06,23795,420,243,1256,8,7
2023-07,23967,403,231,1270,22,8
2023-08,24203,364,128,1283,26,13
2023-09,24439,339,103,1214,28,97
2023-10,24707,363,95,1231,26,9
2023-11,24894,377,190,1242,16,5
2023-12,24937,546,503,1249,21,14
2024-01,25155,326,108,1285,38,2
2024-02,25254,228,129,1297,19,7
2024-03,25420,287,121,1310,22,9
2024-04,25631,357,146,1330,28,8
2024-05,25747,350,234,1347,23,6
2024-06,25901,328,174,1355,18,10
2024-07,26139,354,116,1352,13,16
2024-08,26219,345,265,1355,14,11
2024-09,26406,337,150,1367,16,4
2024-10,26575,312,143,1374,14,7
2024-11,26729,296,142,1382,16,8
2024-12,26649,218,298,1378,8,12
2025-01,26821,332,160,1388,17,7
2025-02,26974,284,131,1390,12,10
2025-03,27148,298,124,1386,9,13
2025-04,27275,301,174,1403,24,7
2025-05,27360,318,233,1412,16,7
2025-06,27557,321,124,1411,12,13
2025-07,27782,344,119,1416,16,11
2025-08,27899,246,129,1424,15,7
2025-09,28012,337,224,1425,15,14
2025-10,28095,309,226,1423,11,13
2025-11,27860,263,498,1419,10,14
2025-12,27342,157,675,1412,11,18
2026-01,27523,286,105,1416,9,5
2026-02,27608,219,134,1413,6,9
2026-03,27722,291,177,1414,11,10
2026-04,27428,276,570,1415,12,11
2026-05,27176,324,576,1413,16,18
2026-06,27204,313,285,1418,13,8
2026-07,26873,314,645,1423,18,13
2026-08,26656,259,476,1408,12,27
2026-09,26707,350,299,1395,9,22
