data,acoes_negocios,acoes_negocios_media_mes,acoes_vol_mi,avista_negocios,avista_vol_mil,bit_contratos,bit_negocios,btc_agora_doador,btc_agora_tomador,btc_btg_doador,btc_btg_tomador,btc_inter_doador,btc_inter_tomador,btc_itau_doador,btc_itau_tomador,btc_negocios,btc_paginas,btc_xp_doador,btc_xp_tomador,btc_xp_tomador_qtd,dap_contratos,dap_negocios,deriv_contratos,deriv_contratos_com_minis,deriv_contratos_sem_minis,deriv_negocios,di1_contratos,di1_negocios,dol_contratos,dol_negocios,frac_negocios,ind_contratos,ind_negocios,lote_negocios,opcoes_negocios,opcoes_vol_mil,pf_compras_mil,pf_compras_pct,pf_ref,pf_vendas_mil,pf_vendas_pct,termo_negocios,wdo_contratos,wdo_negocios,win_contratos,win_negocios
2026-09-10,3740874.0,4182253.0,30939.57,3105595.0,26917004.33,266399.0,59362.0,4107,3299,9927,8591,573,237,6194,5635,43165,44,16060,12880,82757177.0,96713.0,944.0,62312109.0,62312109.0,39850179.0,7282395.0,5932980.0,260749.0,214475.0,21164.0,276556.0,49250.0,8505.0,1912434.0,357401.0,1167121.64,18093883.0,5.51,2026-09-08,20421916.0,6.22,470.0,2689561.0,594442.0,19772315.0,6273315.0
2026-09-11,3461823.0,4093639.0,26230.36,2879717.0,21655948.99,340814.0,75330.0,2112,1583,12308,12132,246,252,5122,3775,34982,35,9282,8702,52104053.0,106623.0,863.0,38163736.0,38163736.0,18835698.0,6609204.0,2986548.0,200986.0,183835.0,17771.0,292524.0,44295.0,7238.0,1618917.0,333259.0,1124763.3,21500750.0,5.63,2026-09-09,23506188.0,6.15,282.0,2370508.0,542782.0,16955540.0,5694537.0
2026-09-14,3656908.0,4045801.0,24390.08,2950716.0,20989324.25,273919.0,66380.0,2641,1880,8710,8437,309,239,3655,2143,31959,32,10301,8698,42979677.0,88871.0,776.0,46182509.0,,,7035279.0,3586651.0,181204.0,220150.0,19185.0,312123.0,53860.0,8957.0,1610743.0,410423.0,1193014.48,25074470.0,5.65,2026-09-10,27641777.0,6.22,246.0,2457092.0,536492.0,19013949.0,6167710.0
2026-09-15,3367494.0,3979163.0,22062.04,2814959.0,18946490.41,388957.0,77091.0,3091,2179,7832,7860,1416,403,7167,5615,36362,37,11712,10901,36032106.0,94328.0,845.0,59005385.0,59005385.0,39524038.0,6402820.0,2793577.0,145783.0,185550.0,14754.0,265742.0,35005.0,6233.0,1507658.0,356574.0,1212705.43,28322532.0,5.7,2026-09-11,30589346.0,6.16,260.0,1828403.0,416173.0,17652927.0,5689607.0
2026-09-16,3771697.0,3961276.0,72487.43,2973893.0,47224505.59,348769.0,73928.0,3246,2854,10461,9740,736,415,4641,3724,40021,41,13459,12744,44120938.0,69042.0,765.0,40838298.0,40838298.0,20108686.0,6775110.0,3589760.0,154217.0,214515.0,16453.0,261882.0,70275.0,9353.0,1813231.0,562567.0,1581654.61,31782364.0,5.83,2026-09-14,33662602.0,6.17,290.0,2178879.0,483138.0,18550733.0,5982692.0
2026-09-17,3466813.0,3921158.0,26820.54,2676655.0,22389722.55,237713.0,55098.0,2652,1893,8753,8318,609,186,5265,4360,35498,36,12344,11855,33327835.0,114426.0,905.0,48801458.0,48801458.0,28336226.0,6541999.0,4348510.0,234858.0,256590.0,20106.0,237494.0,61295.0,9291.0,1594199.0,524880.0,2036044.49,34873382.0,5.91,2026-09-15,36870416.0,6.25,414.0,2367203.0,475062.0,18097975.0,5690967.0
2026-09-18,3431433.0,3884283.0,73896.69,2755122.0,32541548.49,409037.0,91115.0,2665,2257,10532,9820,647,324,5776,3710,41623,42,16242,14337,83391347.0,93346.0,852.0,44375733.0,44375733.0,26369390.0,5728313.0,1908737.0,112842.0,189910.0,14422.0,241300.0,34235.0,5913.0,1510605.0,414325.0,1801110.4,38518026.0,5.24,2026-09-16,40299965.0,5.48,494.0,1961750.0,404424.0,16044574.0,5058119.0
2026-09-21,3908812.0,3886731.0,27839.1,3109983.0,23946506.33,385801.0,84387.0,3346,4200,15247,13065,721,151,6354,2946,61945,62,29875,27325,120098231.0,134625.0,1028.0,38803464.0,38803464.0,19684715.0,5993557.0,1816963.0,149117.0,265665.0,19277.0,302132.0,34975.0,6124.0,1814757.0,434517.0,1284897.38,41955080.0,5.32,2026-09-17,43588452.0,5.53,337.0,2043731.0,411173.0,17075018.0,5274620.0
2026-09-22,3672452.0,3873221.0,30239.72,3128194.0,26673274.64,307500.0,66065.0,1706,1973,9561,9053,678,273,5831,4451,54471,55,31719,30298,69984539.0,171219.0,948.0,67955136.0,67955136.0,48150289.0,6312157.0,3204316.0,287823.0,250805.0,16239.0,253056.0,66440.0,12066.0,1792016.0,295156.0,978014.82,46630196.0,4.98,2026-09-18,48449940.0,5.17,353.0,2297746.0,460137.0,17507101.0,5419417.0
2026-09-23,3465375.0,3848362.0,29706.3,2864267.0,25169221.75,327786.0,68455.0,2354,2433,8528,8340,1519,1067,6956,3605,34957,35,11087,9745,63931488.0,94191.0,780.0,48559592.0,48559592.0,25764106.0,7118203.0,3282316.0,185306.0,279670.0,21551.0,276567.0,77010.0,13387.0,1745455.0,332113.0,1519206.35,49976908.0,5.03,2026-09-21,51922700.0,5.23,489.0,2927939.0,601509.0,19867177.0,6177464.0
2026-09-24,3206008.0,3811240.0,26893.33,2673419.0,22796076.79,260917.0,62691.0,2384,1628,10708,9885,350,151,5712,4237,33767,34,9555,8744,58323611.0,86591.0,815.0,67600051.0,67600051.0,45297755.0,7176823.0,4933540.0,262576.0,244665.0,20103.0,248894.0,50905.0,8143.0,1609567.0,333010.0,1786154.69,53168456.0,5.05,2026-09-22,54950153.0,5.22,444.0,2707073.0,583215.0,19592767.0,6173800.0
2026-09-25,3255349.0,3781110.0,25925.18,2687451.0,19371188.4,242823.0,60793.0,2209,2107,9522,9049,402,154,6378,3100,40924,41,17986,16064,34602286.0,52451.0,679.0,49054591.0,49054591.0,29273369.0,6304851.0,3608233.0,205976.0,222000.0,17814.0,242056.0,71680.0,11922.0,1417005.0,340118.0,2589207.84,56918644.0,5.12,2026-09-23,58268681.0,5.24,372.0,2371822.0,509549.0,17321288.0,5441889.0
2026-09-28,3281029.0,3755146.0,25466.23,2711725.0,21698945.01,255992.0,59389.0,1663,1812,9996,9454,483,225,6052,4053,49818,50,27239,26224,49256634.0,63316.0,707.0,51849719.0,51849719.0,31327768.0,6579498.0,3491790.0,225191.0,257695.0,21670.0,292547.0,70270.0,12745.0,1488205.0,260223.0,880291.26,60230632.0,5.16,2026-09-24,61129681.0,5.24,334.0,2657912.0,588956.0,17494173.0,5589843.0
2026-09-29,3337930.0,3734855.0,26885.91,2853669.0,23819434.73,197952.0,49579.0,2765,2147,8520,7785,475,105,8425,2901,38408,39,10993,8945,69289260.0,128046.0,1048.0,50289382.0,50289382.0,30156125.0,6367470.0,3795141.0,210446.0,384830.0,22562.0,258501.0,61590.0,10144.0,1761269.0,252322.0,1050819.7,63376986.0,5.2,2026-09-25,64037647.0,5.26,314.0,2634793.0,580818.0,16930510.0,5424573.0
2026-09-30,4080824.0,3751842.0,37231.42,3467373.0,32822999.15,264976.0,61029.0,2751,2275,7800,7734,553,83,5152,3520,35762,36,13144,12091,51576355.0,82904.0,762.0,58826677.0,58826677.0,34677047.0,7783940.0,3624530.0,245827.0,378950.0,29117.0,293953.0,73065.0,12468.0,2244620.0,366664.0,1257462.1,66442844.0,5.23,2026-09-28,66891057.0,5.27,362.0,3258836.0,657708.0,20865566.0,6711947.0
2026-10-01,4105706.0,4105706.0,35278.76,3455397.0,31077680.24,241098.0,58973.0,2727,1768,11945,11541,524,121,7822,4122,43991,44,14168,12881,78480789.0,103878.0,989.0,53477057.0,53477057.0,29712936.0,8008799.0,5623284.0,296853.0,317575.0,25651.0,391723.0,71795.0,11906.0,2080206.0,328391.0,1279423.35,69502865.0,5.25,2026-09-29,69662422.0,5.26,572.0,2887790.0,672208.0,20876311.0,6880931.0
2026-10-02,4844390.0,4479771.0,46033.51,3970659.0,38401147.24,284566.0,64381.0,1569,1483,13229,11646,1040,213,4709,3533,38361,39,12741,11851,39648167.0,80295.0,721.0,62507351.0,62507351.0,35871039.0,9197981.0,6290999.0,373334.0,271285.0,25586.0,310879.0,98655.0,16914.0,2612954.0,547708.0,1779884.07,73282057.0,5.24,2026-09-30,73731596.0,5.27,477.0,2904562.0,671180.0,23731705.0,7977943.0
2026-10-05,10435612.0,6468547.0,103278.65,8884664.0,93008442.7,255044.0,60138.0,2057,1653,14830,14240,485,149,5094,3897,46096,47,17059,15802,60766842.0,100432.0,1027.0,56884437.0,56884437.0,30239101.0,11224930.0,7754006.0,551328.0,552730.0,48338.0,616733.0,125095.0,21817.0,6520940.0,1075955.0,4636349.57,4124492.0,5.84,2026-10-01,3966535.0,5.61,783.0,4697836.0,983794.0,21947437.0,9449385.0
2026-10-06,6547342.0,6492416.0,58198.28,5595426.0,51988498.97,174739.0,54527.0,3161,2371,25364,24672,555,259,8305,7078,88894,89,44724,42864,98571058.0,112414.0,988.0,55046590.0,55046590.0,29341594.0,9485984.0,5371119.0,414931.0,369190.0,26120.0,416458.0,77075.0,13251.0,3855377.0,506318.0,2446712.32,8733784.0,5.35,2026-10-02,9546769.0,5.85,490.0,2967160.0,601300.0,22653295.0,8298555.0
2026-10-07,6076997.0,6412314.0,68468.43,5255574.0,54439723.44,187920.0,45063.0,3387,3181,22860,21938,11342,5365,8685,5072,126636,127,72901,69263,119072664.0,119035.0,989.0,55775425.0,55775425.0,30970557.0,8239559.0,3871058.0,306504.0,284600.0,21446.0,388667.0,70965.0,10252.0,3531185.0,462899.0,5256154.84,16721253.0,4.52,2026-10-05,22831927.0,6.17,537.0,2560289.0,525397.0,22240110.0,7261496.0
2026-10-08,6340111.0,6402935.0,60502.04,5467535.0,51231545.59,277607.0,74882.0,2540,2715,13522,13168,755,485,10049,7292,59760,60,26701,23124,63102257.0,167672.0,1085.0,56450695.0,56450695.0,32483925.0,8604331.0,6086076.0,493429.0,277000.0,17028.0,357651.0,97045.0,15388.0,3816440.0,500238.0,4775828.03,22481721.0,4.62,2026-10-06,28858648.0,5.93,651.0,2258710.0,484818.0,21621606.0,7434531.0
