mes,adv_juros_brl,adv_indices,adv_cambio,adv_minis,adv_deriv_total,rpc_indices,rpc_minis,rpc_total,adtv_avista_rs,adtv_termo_fut_rs,adtv_opcoes_rs,adtv_total_rs,pf_part_pct,inst_part_pct,estr_part_pct,btc_vol_mes_rs,btc_num_operacoes,btc_open_interest_rs,btc_taxa_doador
1999-01,,,,,,,,,,,,,0.15930550467038715,0.15572088382096885,0.2225246573334668,,,,
2000-01,,,,,,,,,901425511.3924999,96532125.3785,52607303.86,1050564940.6309999,0.20185727379573062,0.15765301425506897,0.22025533256528027,,,,
2000-02,,,,,,,,,889357303.302381,21708563.517619047,54504436.099999994,965570302.9200001,,,,,,,
2000-03,,,,,,,,,647790029.4057143,19117298.624761906,41740737.0952381,708648065.1257143,,,,,,,
2000-04,,,,,,,,,769012990.916842,24460504.562105265,30147735.173684213,823621230.6526315,,,,,,,
2000-05,,,,,,,,,617285273.3863637,22246044.148636363,26207809.363636363,665739126.8986365,,,,,,,
2000-06,,,,,,,,,818258954.1333334,18121606.32904762,29627720.699999996,866008281.1623812,,,,,,,
2000-07,,,,,,,,,575272634.0580952,23366214.86142857,25212216.60714286,623851065.5266666,,,,,,,
2000-08,,,,,,,,,803986028.3530434,23033436.549130436,37761674.14782608,864781139.05,,,,,,,
2000-09,,,,,,,,,497522149.9754999,24254947.388,23535968.5115,545313065.875,,,,,,,
2000-10,,,,,,,,,567476065.3423809,25924850.783809524,26404790.461904764,619805706.5880952,,,,,,,
2000-11,,,,,,,,,509637409.7004999,22980812.234,25528182.594,558146404.5285,,,,,,,
2000-12,,,,,,,,,599404438.601579,32383427.23,24188057.008421052,655975922.84,,,,,,,
2001-01,,,,,,,,,665895296.1052382,30354354.214285713,30085187.262857143,726334837.5823811,0.21669443713462616,0.16008287628339068,0.2514561729960865,,,,
2001-02,,,,,,,,,600919916.4011111,38942090.78555556,34864723.18333333,674726730.37,,,,,,,
2001-03,,,,,,,,,546349189.1063638,32656164.604999997,27260188.99090909,606265542.7022729,,,,,,,
2001-04,,,,,,,,,727732119.3950001,28294908.7275,28549245.994999997,784576274.1175001,,,,,,,
2001-05,,,,,,,,,500608151.4718182,23559879.231363636,31890387.972727273,556058418.6759092,,,,,,,
2001-06,,,,,,,,,556472283.6665,26494719.6435,31146672.96,614113676.27,,,,,,,
2001-07,,,,,,,,,441132779.18428576,25512661.09952381,27949699.285714287,494595139.5695238,,,,,,,
2001-08,,,,,,,,,426693274.807826,23151716.940434784,27340762.43478261,477185754.18304336,,,,,,,
2001-09,,,,,,,,,430031516.7778948,19899468.646315787,33143096.02210526,483074081.4463159,,,,,,,
2001-10,,,,,,,,,475864587.3786363,16025676.813636363,43986181.182272725,535876445.3745454,,,,,,,
2001-11,,,,,,,,,604735370.2219999,21574140.336000003,55651185.739,681960696.2969998,,,,,,,
2001-12,,,,,,,,,652991394.58,30097411.947222218,41094079.47777778,724182886.0050001,,,,,,,
2002-01,,,,,,,,,447371283.1857142,21248507.715714283,35747514.38095238,504367305.2823808,0.21860687239127824,0.1654298113691862,0.26006274583784134,360715814.58138,883.0,463553968.0320898,
2002-02,,,,,,,,,571486989.476111,22519934.57611111,37557668.88888889,631564592.941111,,,,485933107.34739,1346.0,691730036.88,
2002-03,,,,,,,,,582771022.5344999,20234205.311,37482866.4,640488094.2454998,,,,767666191.92682,1714.0,900407961.69,
2002-04,,,,,,,,,532358064.8663637,20747342.909545455,35227540.74545454,588332948.5213637,,,,760891598.882262,1886.0,898399428.61,
2002-05,,,,,,,,,452152442.1557142,18186031.285714287,33158418.095238097,503496891.5366666,,,,748240514.8473511,2555.0,1002103902.03,
2002-06,,,,,,,,,528341583.67550004,21669460.221,35837898.8985,585848942.795,,,,770268578.36051,2389.0,822685159.13,
2002-07,,,,,,,,,441574125.96590906,17121622.345909093,28549422.68136364,487245170.9931818,,,,507570285.56473,2969.0,913051049.64471,
2002-08,,,,,,,,,543304653.2059089,19710728.205,37159196.92,600174578.3309089,,,,671690541.039099,1937.0,874631194.0039499,
2002-09,,,,,,,,,431258810.55142856,20012570.76857143,27616117.523809522,478887498.8438095,,,,643542643.2711279,1598.0,623128606.23822,
2002-10,,,,,,,,,486458349.1686957,17817981.911739133,36722819.19565217,540999150.2760869,,,,638306972.0600001,1651.0,535793254.30556,
2002-11,,,,,,,,,404939365.843,22220297.3875,27775016.7,454934679.9305,,,,544468985.28,1769.0,650053160.3070499,
2002-12,,,,,,,,,534050709.20947367,26188871.792105265,36033530.526315786,596273111.5278947,,,,659632947.0,1789.0,631124062.79,
2003-01,,,,,,,,,513455087.97772735,22917043.866818182,37144375.824999996,573516507.6695455,0.262,0.276,0.241,710021557.26618,1614.0,829108458.4199998,
2003-02,,,,,,,,,411046906.3535,22272809.740000002,33635209.35,466954925.44350004,,,,698774994.4241099,2101.0,814529739.3599999,
2003-03,,,,,,,,,492065956.888421,20188507.637368422,52999594.78947368,565254059.3152632,,,,818223767.717091,2224.0,924990177.0699999,
2003-04,,,,,,,,,722981410.2579999,25066074.865000002,67052611.884,815100097.007,,,,1048812280.58086,2616.0,1013047159.4000001,
2003-05,,,,,,,,,714239766.3814286,18232466.97142857,76186796.37619048,808659029.7290475,,,,963333888.29538,2373.0,1043178491.4600003,
2003-06,,,,,,,,,690890852.0595001,24513019.4295,60866644.605000004,776270516.0940001,,,,862872128.1,2383.0,776544713.9799999,
2003-07,,,,,,,,,504716199.64818186,18800846.702272728,48421275.95454545,571938322.3050001,,,,814947393.36,3699.0,1007961273.2099999,
2003-08,,,,,,,,,727832969.734762,22169189.50285714,73276791.8095238,823278951.0471429,,,,1245029239.73,3285.0,982582332.4200001,
2003-09,,,,,,,,,913483270.368182,22940599.153181817,98798441.16045456,1035222310.6818182,,,,1312898770.06,3920.0,1170801841.0200002,
2003-10,,,,,,,,,1008238778.4704348,32042995.94173913,88361665.89130434,1128643440.3034782,,,,1435444056.6799998,4595.0,1150088175.9400003,
2003-11,,,,,,,,,874503414.6924999,37517389.5805,62574497.685,974595301.958,,,,1958777490.8,5903.0,1780699174.1500006,
2003-12,,,,,,,,,1074892904.815,43246763.232999995,74273504.32149999,1192413172.3695002,,,,1291125609.6899998,4331.0,1016710216.0399998,
2004-01,,,,,,,,,1218441106.3923812,49082474.885238096,96264133.55714285,1363787714.834762,0.294,0.283,0.27,1437961553.51452,4657.0,1020550475.66,
2004-02,,,,,,,,,1195496029.1866665,36259187.29388889,70606446.85444444,1302361663.3349998,0.247,0.281,0.286,1910723976.95,5934.0,1620340004.2000005,
2004-03,,,,,,,,,975013031.8013043,42417070.43521739,70999311.54347827,1088429413.78,0.292,0.28,0.273,2333665327.6399903,8494.0,1829804559.9899993,
2004-04,,,,,,,,,1052675780.221,43109321.951,77212283.35499999,1172997385.527,0.269,0.281,0.286,2333898585.72,8352.0,1924202899.6900008,
2004-05,,,,,,,,,898324467.0361904,29079862.193809528,70528832.26190476,997933161.4919046,0.276,0.255,0.319,2076983216.0451002,8391.0,1614210935.0599997,
2004-06,,,,,,,,,933663201.9490478,32064918.860952385,85683442.47142857,1051411563.2814288,0.271,0.259,0.272,2030731555.17,6735.0,1186578583.5099995,
2004-07,,,,,,,,,991303597.4952378,42808268.663333334,99123994.71857142,1133235860.8771424,0.301,0.27,0.257,1817214285.77,5928.0,1231472181.7000012,
2004-08,,,,,,,,,1075301909.5086362,34986368.11454546,86662893.90272726,1196951171.525909,0.279,0.306,0.245,2060771160.0839498,5691.0,1284057053.25,
2004-09,,,,,,,,,1036676812.4585717,48132380.92619048,74150063.22380953,1158959256.6085715,0.29,0.289,0.246,2053368700.6043,5562.0,1588652264.6299999,
2004-10,,,,,,,,,1238050450.435,46896535.127,73810156.1495,1358757141.7115,0.25,0.275,0.276,2453394455.08064,5920.0,1726302269.6000004,
2004-11,,,,,,,,,1075467187.0440001,50992235.563,97191371.55,1223650794.157,0.289,0.277,0.284,2360593020.20955,6547.0,2101590429.6299994,
2004-12,,,,,,,,,1402256837.229524,50189421.66857143,84941774.30857143,1537388033.2066667,0.245,0.296,0.27,3014754271.25,6518.0,1812861239.4800005,
2005-01,409409.85,32296.85,137505.35,0.0,676318.3999999998,3.8659828056244767,0.34649525412222215,1.8766011896135473,1132111703.1265,54858638.1645,66039917.749,1253010259.04,0.261,0.285,0.328,2405146015.56,7377.0,2055813973.5900002,
2005-02,357744.8888888889,34754.944444444445,171138.94444444444,121.88888888888889,678853.2222222221,5.6458816412436486,0.1978023231033273,2.1889278434184085,1879663594.3427777,51524447.04055556,119068180.72222222,2050256222.1055555,0.236,0.301,0.321,3775301630.45999,9465.0,3163121745.839999,
2005-03,476159.13636363635,23768.68181818182,169230.18181818182,723.5,793349.4545454545,5.804082717071869,0.1848297606968901,1.9300658498207035,1697046837.6318183,64810755.32772727,111286863.86363636,1873144456.8231819,0.264,0.244,0.322,4837289212.75,12838.0,3741558903.9399977,
2005-04,527375.95,29492.45,151523.3,471.95,830886.0,7.136372311445533,0.23524774226971065,1.9273600697579554,1291647330.362,56631146.7865,83637628.0,1431916105.1485,0.243,0.282,0.319,3653512753.3,11032.0,2984498864.160001,
2005-05,402770.95238095237,21889.666666666668,160025.57142857142,367.0,699834.6190476192,2.937113006450903,0.21203708678649263,1.7687992532577592,1019654085.1142856,47046063.2952381,75757406.29523809,1142457554.7047617,0.262,0.281,0.315,3749220247.36,11455.0,2994089170.739997,
2005-06,445252.45454545453,29548.909090909092,170068.95454545456,450.0,756048.5000000001,3.3139991806751,0.2343112843606363,1.6995011052434734,1339629678.3731818,47654138.36863636,109975492.5090909,1497259309.250909,0.252,0.272,0.31,4178256227.23999,11780.0,3020424833.56,
2005-07,455588.95238095237,24134.380952380954,165247.33333333334,457.23809523809524,739776.3809523808,3.0889169036384603,0.21827867490524902,1.6836223084766138,1217878963.9585712,43080136.215238094,71989763.23809524,1332948863.4119046,0.251,0.2704,0.3466,5331180161.18001,16592.0,4468750464.079998,
2005-08,542954.4347826086,27959.304347826088,169134.26086956522,907.7391304347826,837280.4347826086,6.09992624217023,0.1820006607902101,1.6664680300735626,1478076045.8439133,47053971.98043478,79922620.48260869,1605052638.306957,0.2567,0.2669,0.3328,6039347615.97002,18160.0,4418918448.729998,
2005-09,526758.5714285715,18979.190476190477,158159.47619047618,1142.047619047619,786596.2857142858,5.670350870965158,0.1664121678666767,1.5573377855980761,1579458210.9090476,52245743.23380953,87337796.82857144,1719041750.9714284,0.282,0.2655,0.337,5820499218.56005,16378.0,4527151752.3,
2005-10,496870.15,32113.1,171105.15,8024.45,785835.65,6.785621341685027,0.048274805888655944,1.7107918704718645,1749882677.0285,59094548.08150001,88234298.3125,1897211523.4225001,0.2573,0.2919,0.3215,6768574439.43999,19732.0,5293623344.19,
2005-11,751503.65,19280.65,189125.25,14082.95,1057103.1500000001,6.194794035467161,0.03232226352179831,1.3612425038750164,1584017051.6759999,56415688.9525,76871588.675,1717304329.3035,0.2524,0.2686,0.351,6403212497.5200205,16240.0,4714338473.750004,
2005-12,612899.5714285715,18698.14285714286,207206.04761904763,22475.095238095237,959009.4761904762,8.218319306112782,0.024401155255642525,1.5787271320247005,1661746389.1338093,56220877.06047619,60621222.71904761,1778588488.9133332,0.2299,0.2786,0.3316,5964168137.81997,15445.0,4253606835.919999,
2006-01,733262.6666666666,16699.52380952381,210499.90476190476,25663.904761904763,1082873.7142857143,6.906593111309466,0.02330682544102873,1.4253219489268782,2050228374.4914286,63791661.640952386,90054830.24285714,2204074866.375238,0.2544322694722707,0.27918094636958024,0.3513286990478704,7860654745.56,21306.0,6428736109.539999,
2006-02,632752.8888888889,28528.722222222223,258110.61111111112,30358.166666666668,1058831.5555555555,8.332922014559374,0.027737652492287965,1.6571368945148979,2508617826.1966667,74437109.065,91372712.5888889,2674427647.850556,0.2335,0.2616,0.362,8384325611.490291,19790.0,6634816992.339996,
2006-03,656405.0434782609,22882.782608695652,263297.73913043475,29880.0,1080273.3478260871,7.123708872768409,0.035101889711593025,1.5698496457884887,2020811261.571739,71353367.5,81731210.64565217,2173895839.717391,0.257,0.249,0.378,9777049133.439999,23282.0,7307425647.740003,
2006-04,639263.3888888889,38923.444444444445,263240.3888888889,28000.88888888889,1060205.4444444445,2.550825536266751,0.04089011647079263,1.4766207202472612,2357816864.0283337,76094231.57222222,84220815.68888889,2518131911.289445,0.238,0.268,0.356,9246613923.91997,21207.0,8128198957.470002,
2006-05,745302.4545454546,60573.318181818184,306989.36363636365,24673.272727272728,1230650.4545454548,1.2149264051011923,0.041139004326113074,1.3962111793512435,2781082050.8409085,84251308.12045455,86100368.22363636,2951433727.184999,0.231,0.255,0.407,11467835169.449999,26995.0,7262361311.39,
2006-06,556060.8095238095,71418.23809523809,229979.38095238095,22344.04761904762,936046.7142857141,1.404906061168372,0.05396894496876975,1.5175091596278534,2105509221.9938092,68903121.09285715,63712162.91428572,2238124506.0009522,0.229,0.26,0.376,8235883260.399991,20810.0,5470505507.070003,
2006-07,655730.0,50428.333333333336,210822.57142857142,22320.428571428572,1011614.2857142858,1.0808230842205655,0.04851214989039687,1.331782198807729,1596066530.1271427,70045775.96761905,81710650.67619048,1747822956.770952,0.277,0.273,0.326,7941584055.54001,19647.0,5360367026.010002,
2006-08,678071.4347826086,71142.73913043478,261550.21739130435,31332.304347826088,1131248.2173913044,1.2596598506327348,0.04145276732655278,1.3158668287011523,1996084150.656522,93146135.87086956,91604430.32608695,2180834716.8534784,0.25,0.288,0.338,9040425588.83,22306.0,5583057493.060005,
2006-09,754024.9,55903.65,310879.75,35549.4,1233927.0999999999,1.0615498974497115,0.044223514138474765,1.3282714582791024,1898746462.7609997,89217557.16749999,87854948.4,2075818968.3284998,0.252,0.288,0.344,8262081434.48997,21571.0,6240214567.850004,
2006-10,796574.0952380953,76294.42857142857,282386.7619047619,39938.333333333336,1267235.2857142854,1.256709657612578,0.04044895198648,1.3056268196996854,2308997626.240476,83568550.22619048,118763419.25714286,2511329595.7238097,0.241,0.297,0.333,9097426261.730019,23852.0,6913358998.850004,
2006-11,930486.0,74313.8947368421,304707.84210526315,51404.89473684211,1447781.789473684,1.0968414125537058,0.05470942764073721,1.2267017717773419,2618111558.547895,100706883.60052632,138994286.93210527,2857812729.0805264,0.259,0.28,0.333,9967346390.85999,26252.0,7145281949.720002,
2006-12,764490.5263157894,79746.68421052632,291433.7368421053,95447.21052631579,1318538.210526316,1.5464861303639468,0.025755089933667093,1.33150128277784,2928543615.766842,104564344.49631579,130597839.2131579,3163705799.476316,0.239,0.274,0.341,10392828748.5599,24192.0,7245228038.02,
2007-01,922011.9047619047,85265.76190476191,301585.8095238095,102994.33333333333,1483447.5714285714,1.1608539208009452,0.028943520416127196,1.2480662567925531,2836912963.1409526,112807029.83809523,136508309.44285715,3086228302.421905,0.261,0.284,0.33,12368549906.250101,39475.0,8587578671.73,
2007-02,1039111.1666666666,117119.33333333333,430858.55555555556,81054.94444444444,1764229.5555555557,1.4342065573548188,0.03602360873119238,1.3291397759628047,3911275100.628333,125807746.34944445,128146279.30555555,4165229126.283333,0.2213,0.2642,0.3643,14057760515.1699,32587.0,11843686588.53,
2007-03,870871.0909090909,110458.13636363637,432399.86363636365,77394.0,1607298.8181818181,1.231247014166933,0.03898042070447993,1.3260172992091583,3239928227.679091,118138908.07181817,132482129.88636364,3490549265.637273,0.25,0.289,0.345,19096161542.1,46370.0,14744977184.429995,
2007-04,1178973.3,120155.1,421665.15,51108.1,1894429.8500000003,1.539766183709875,0.0460889643031669,1.2679662171501545,3956464453.798501,109398010.59400001,158484653.305,4224347117.6975007,0.215,0.302,0.331,19242596736.269703,43018.0,14810886656.910002,
2007-05,1105804.5,104381.36363636363,485384.8181818182,56167.90909090909,1888169.0909090908,1.2567246394297673,0.05580328451180696,1.2764867332405077,3682066082.5904546,130280529.5281818,153143205.52727273,3965489817.6459093,0.244,0.305,0.341,22963208078.0401,45488.0,16155281466.120014,
2007-06,1301055.3,136128.45,533445.4,57223.55,2133635.65,1.7284965510173356,0.06053206455471484,1.2763732309541118,4926170054.9875,143526952.59149998,186932370.40500003,5256629377.984,0.1998,0.2692,0.3561,22382942883.3199,44736.0,18802678823.980007,
2007-07,1088334.6666666667,95185.57142857143,493029.2380952381,52349.23809523809,1830893.8095238097,1.509896176947324,0.06334826467457932,1.3244482688494004,4465995002.584762,158145090.0447619,193312867.07619047,4817452959.705713,0.2343,0.2903,0.3552,25379766248.27,46070.0,22936145637.96001,
2007-08,1101609.956521739,154848.60869565216,518932.9130434783,52310.30434782609,1953825.7826086956,1.8390373339792343,0.07355988301790424,1.3206811309972115,5037611524.33913,173161228.11217391,166855430.2304348,5377628182.681739,0.2254,0.3156,0.3305,28236895751.62,62961.0,23497265719.06002,
2007-09,879912.1052631579,85958.63157894737,479708.0,49460.73684210526,1606999.0526315789,1.4867584447060218,0.06874839873431184,1.313595473240425,4360949823.288947,138181662.1363158,231652398.87368423,4730783884.298946,0.2428,0.3271,0.3397,25834143407.82,53806.0,23210932670.429996,
2007-10,984530.0909090909,126788.54545454546,543798.1818181818,41144.90909090909,1797192.863636364,1.8884834648614277,0.10441649772050336,1.3428367267670462,6320181630.25682,155825208.69,268001500.58863637,6744008339.535456,0.2294,0.2953,0.3421,31604745683.16,55659.0,21754279810.82001,
2007-11,674245.4210526316,107536.42105263157,555318.4736842106,39773.42105263158,1479640.6842105265,1.8486016096382498,0.10249939459702571,1.4232772134970317,6262343667.556842,281287414.56,226987415.87368423,6770618497.990526,0.2387,0.3033,0.3534,25469417828.02,50613.0,22134346137.219994,
2007-12,641834.7222222222,92014.33333333333,476850.05555555556,29017.833333333332,1356903.7777777778,2.4259184076393883,0.11144175708041588,1.5265138345190123,5869494029.888332,243840149.37,175083370.13555557,6288417549.3938875,0.217,0.312,0.352,25836870815.8994,47809.0,23736567958.5,
2008-01,742620.619047619,90247.42857142857,482186.2380952381,38778.71428571428,1449335.0476190476,2.0212892861741034,0.15279392351965018,1.4688005530680837,5610709374.29381,250007221.7957143,139806097.8561905,6000522693.945715,0.238,0.301,0.352,32840406091.67,63394.0,23983717518.48,
2008-02,857037.1052631579,106278.78947368421,532924.4736842106,40673.15789473684,1657399.4210526315,2.3530744065880342,0.15569963379443005,1.4374122141697652,5722022009.578421,216187742.90526316,192700129.14,6130909881.623684,0.255,0.29,0.347,29186729034.630054,55283.0,23150179579.98,
2008-03,1200058.2,81468.5,700037.15,42577.7,2170341.0,1.987843626677796,0.15692153404246412,1.3258555837538901,5174381122.657001,221905019.62350002,165688418.76,5561974561.040501,0.2694,0.2707,0.3631,30127463162.365036,49989.0,21523832563.97,
2008-04,1104337.9047619049,92387.04761904762,593003.7619047619,40304.04761904762,1936086.1904761905,2.3358824675485237,0.16122971224678742,1.3466660661260412,5782028218.822856,216958096.17952383,226954602.32047617,6225940917.322856,0.2588,0.289,0.3341,28251027868.0601,49742.0,20933681317.74,
2008-05,846105.1,68662.4,580792.8,34755.5,1664801.95,2.1035939684601797,0.16001910488987076,1.3979751888805763,6509577040.044001,234456036.41399997,289594846.37100005,7033627922.829,0.2793,0.2602,0.3518,31701503717.90988,49687.0,22759688228.91,
2008-06,901035.9047619047,101898.0,518659.90476190473,38115.76190476191,1689988.0952380951,2.8009812426805847,0.15883703904521265,1.4039267205319845,5884432526.904761,256079469.29190478,170514751.22714287,6311026747.423809,0.2442,0.2629,0.3721,37661360851.32,55842.0,23509542715.84002,
2008-07,928624.2272727273,79945.63636363637,483580.6818181818,41124.63636363636,1663954.3181818181,2.1562615277199764,0.15118655926219865,1.337206212091434,5265637125.864091,222053991.01454544,150884212.7868182,5638575329.665455,0.2447,0.2883,0.3524,32519322250.7,56759.0,18066902561.93,
2008-08,540949.4761904762,88537.09523809524,574151.3333333334,37944.04761904762,1370079.3333333335,2.2879197312506623,0.1614436796034261,1.5674755799681537,4479399448.191905,166128234.99476188,163919616.3,4809447299.486667,0.243,0.287,0.347,20471227305.05,48517.0,14126850605.91,
2008-09,671222.4761904762,93229.90476190476,652626.8095238095,46192.142857142855,1588181.6190476192,2.0385054982832997,0.16610807471379455,1.895876610154696,5144198222.180909,134798508.9227273,214423860.425,5493420591.528637,0.256,0.279,0.3542,20634437052.8001,53591.0,11914130138.8,
2008-10,673901.7826086957,106296.47826086957,511442.0,45304.47826086957,1466641.2608695652,2.137602554857843,0.17039441917825507,2.071034845427079,5086067623.004783,85705381.04478261,153250961.11782607,5325023965.167392,0.297,0.2442,0.3686,15395120949.569931,53123.0,7951374258.24,
2008-11,432455.5263157895,76068.42105263157,417582.15789473685,43736.0,1087992.7894736845,1.3982518082080062,0.16675639907747286,1.732328023101983,3563084745.512632,65328122.66578948,144076674.64842105,3772489542.8268423,0.3403,0.2378,0.3351,12520279267.93,45539.0,7958463751.73,
2008-12,559486.6,63204.3,361584.65,35387.05,1113093.9000000001,1.63,0.184,1.4146215999836131,3621682803.7330003,64798943.59550001,153591072.31,3840072819.6385,0.295,0.238,0.362,12196635920.46,45948.0,6941697755.739974,
2009-01,795436.5238095238,58624.619047619046,353119.3333333333,41983.57142857143,1361744.761904762,1.3233343784546876,0.1710152497292021,1.2130631039171038,3335718784.8790474,66938974.321428575,190866416.82285714,3593524176.0233335,0.335,0.238,0.341,13649215251.389996,53739.0,7897048176.96,
2009-02,613904.1666666666,80991.0,401376.6111111111,50512.11111111111,1260368.2777777775,1.791621644125754,0.1887329440497155,1.4842558257091865,3813807384.212222,55007323.325555556,235676058.49888888,4104490766.0366664,0.331,0.2339,0.3481,12233667767.660007,46732.0,9013313093.13,
2009-03,1128005.4090909092,79553.59090909091,384313.1818181818,60441.22727272727,1749599.3636363638,1.5635243766494742,0.19226015204853372,1.3608325903493852,3739769556.22,75856204.315,226933918.075,4042559678.6099997,0.338,0.236,0.34,16427569625.019955,61155.0,9829640635.19,
2009-04,910583.65,83991.95,414637.55,52244.05,1555016.7999999998,1.900549338359213,0.20574871205428708,1.4398495919786864,4568697414.651,77033002.8275,213448714.2005,4859179131.679001,0.3085,0.2469,0.36229999999999996,16782211231.43,56203.0,9738306570.0,
2009-05,739682.65,72941.05,491349.25,53801.15,1463176.25,1.569428024411494,0.18645284533880724,1.5474441930697,5089147757.015,62907721.470000006,248123638.24999994,5400179116.735001,0.318,0.2377,0.3716,18015945509.890083,56555.0,10890785773.27,
2009-06,1214756.23809524,83076.9047619048,451952.047619048,47826.3333333333,1878662.666666669,1.837567234031578,0.19662005290968224,1.230225036725721,5082181426.8381,74457348.987619,211108020.957143,5367746796.782863,0.2861,0.2565,0.365,21150867188.17,63073.0,12894578372.02,
2009-07,772110.7272727273,60276.59090909091,426522.95454545453,45064.22727272727,1391727.8181818184,1.5051998325899172,0.18114000925951065,1.3743438270910597,4598811846.510909,110000168.52863637,174658673.77272728,4883470688.812272,0.2912,0.2594,0.3793,23583571751.6403,65791.0,13543714574.519999,
2009-08,689368.6666666666,77214.04761904762,493911.14285714284,51391.57142857143,1376538.4761904757,1.7453019774960774,0.18115270893967145,1.4396160925811567,5014606348.790001,106352773.8795238,211664638.3,5332623760.969525,0.3097,0.272,0.3331,25851999211.1497,61990.0,15265106022.13,
2009-09,804639.857142857,71811.1904761905,470234.285714286,55986.5238095238,1500241.6666666667,1.4058097457950252,0.16402468451166327,1.363109932923505,5057000875.24095,122746067.242857,256943594.819048,5436690537.302855,0.3101,0.259,0.327,28747976093.8202,63477.0,16458817718.69,
2009-10,822375.1428571428,134539.2857142857,520358.5714285714,63482.71428571428,1651015.7142857143,1.574930477024767,0.15146064507998716,1.33951788610359,6856632435.94857,130620286.18238094,357841856.59047616,7345094578.721427,0.3053,0.248,0.3367,29546770125.610382,63642.0,16665368781.03,
2009-11,697792.6842105263,80633.68421052632,490195.0,55090.0,1443309.3157894737,1.3541772603848459,0.14604016394225655,1.3360343322110222,5969763762.809473,124770260.30210525,376189858.1052632,6470723881.216842,0.3028,0.2778,0.2951,25123610222.05,60332.0,14552945234.44,
2009-12,876092.05,77413.2,470355.25,53838.55,1572877.75,1.8014801545472898,0.15179901761841522,1.3228591592703263,6260525168.387,148619496.939,250726021.05,6659870686.376,0.26539999999999997,0.2924,0.3157,27799194661.7002,59298.0,15798533428.92,
2010-01,1134777.894736842,78335.52631578948,524603.6842105263,61060.68421052631,1906175.4736842103,1.4657931060209988,0.1332261477132735,1.2539233184037804,6340534177.347895,151709308.16368422,300938436.4052631,6793181921.916842,0.3145,0.294,0.2803,30691908960.0,65515.0,17714625646.2,
2010-02,1254646.611111111,105797.72222222222,642322.0555555555,73765.05555555556,2183679.444444444,1.7157541290639,0.13928768049158755,1.3078421623838017,6098216970.359445,174974474.44333333,283969076.03888893,6557160520.841666,0.3204665918590606,0.2894912090814825,0.2782980812414168,29164411826.22,64277.0,19824227735.03,
2010-03,2269633.8695652173,74626.08695652174,602590.2608695652,69718.0,3117003.826086957,1.3716169195939178,0.12908240475480334,0.9606680103144067,5929018444.536522,149667199.4321739,390628016.6391304,6469313660.607826,0.30670000000000003,0.3139,0.2581,36618347725.730064,79050.0,19423797802.85,
2010-04,2171012.65,95954.55,610907.5,66383.1,3053553.9499999997,1.6156977694361543,0.1363970278512128,1.0308050292956032,6411458827.078501,141419017.2005,380361129.665,6933238973.944001,0.2541,0.346,0.2826,38521228010.85011,78813.0,20511980401.58,
2010-05,1483312.761904762,105802.85714285714,670175.619047619,98245.90476190476,2479199.619047619,1.3127233240492215,0.12232555469608408,1.1714354449459237,6696421227.50143,130350817.2595238,451762033.03333336,7278534077.794289,0.26530000000000004,0.3427,0.2961,36080071927.12991,87848.0,18895611958.31,
2010-06,1278249.5714285714,96013.0,529663.380952381,73296.38095238095,2062562.238095238,1.643330443200896,0.13287632875981645,1.2741537362731,5402667287.527142,133188537.33999999,303200179.54761904,5839056004.414761,0.2619,0.3502,0.28,33390877413.669975,82481.0,20342887949.27,
2010-07,2120932.285714286,75361.90476190476,476949.5238095238,71721.71428571429,2862532.285714286,1.3720643093485405,0.1243753838035365,1.083507897236609,5030630685.674762,104525903.25571428,248892983.69238096,5384049572.622856,0.2756,0.3617,0.2772,33485381983.6899,85299.0,19752639284.74,
2010-08,1669054.6363636365,97308.40909090909,478551.13636363635,75697.09090909091,2441711.954545455,1.6192895692682825,0.13035904418867977,1.167012829232649,5266904132.499546,104360687.58818182,259782898.3318182,5631047718.419546,0.271,0.3503,0.2818,43507108637.75011,92405.0,20718060031.38,
2010-09,1192736.9047619049,79887.85714285714,488611.4761904762,82152.71428571429,1979502.6666666667,1.465590600658662,0.12055316949328278,1.2868438524654437,6238468237.635239,188288936.34857145,284791917.45,6711549091.43381,0.2425,0.35450000000000004,0.3085,44211939558.16991,81301.0,21967132240.17,
2010-10,1266553.05,103687.8,539791.05,100000.9,2137743.6500000004,1.7577934185395967,0.11796566619800349,1.2583420674356378,7314247048.096998,151633912.7485,311123373.45,7777004334.295499,0.2252,0.3249,0.3288,44888110352.52097,79348.0,22083106489.77,
2010-11,1988251.15,79470.75,467488.7,75719.65,2737579.8000000003,1.4835828548767942,0.12499046782704415,1.0920968929115047,5898320432.5085,160587415.1365,259303421.00500003,6318211268.65,0.2369,0.3206,0.3467,45680026263.65062,83295.0,22968361675.42,
2010-12,2223504.1904761903,83460.76190476191,465662.61904761905,59140.333333333336,2957108.333333333,1.8855391704724662,0.14113431399568638,0.99533379986148,5909667641.4366665,184658397.30761904,212115386.75238097,6306441425.496667,0.2046,0.3429,0.3298,49366371690.4206,91926.0,22161521363.56,
2011-01,1937192.2,62388.5,438163.6,62010.9,2655531.5999999996,1.5924780036481123,0.14709906720834717,1.0214478060483592,6046732714.115,145154517.283,282328664.89,6474215896.288,0.2176,0.336,0.3476,59055850863.4704,98352.0,23931603783.83,
2011-02,2068054.1,116789.35,390593.45,84909.45,2823663.4500000007,1.8056483167309338,0.14442878513169097,1.07489850006905,6846617424.012,145815816.81,291184430.625,7283617671.4470005,0.2238,0.3347,0.3405,48376115791.14969,107063.0,27076518525.49,
2011-03,2363871.5714285714,84194.57142857143,436612.0,83010.14285714286,3106143.3333333326,1.4511911060366998,0.13510746099300625,1.0247165957548827,5993561872.730476,192257381.0704762,274743071.9095238,6460562325.710476,0.2262,0.3473,0.3244,66313194192.73989,121239.0,26317680028.16,
2011-04,2551787.8421052634,107920.31578947368,522362.5789473684,79969.0,3482029.684210527,1.8747665619389766,0.13894557105286437,0.964295290556414,6289203993.779999,131343811.15421052,263040358.91052634,6683588163.844735,0.2116,0.3388,0.3357,52885786857.820076,97782.0,26822095978.13,
2011-05,1217378.5,84153.40909090909,573800.2272727273,96319.27272727272,2198571.909090909,1.4766978379431521,0.13155376212161676,1.2518808611486922,5721079160.881817,124584862.65,226475335.33590907,6072139358.867726,0.21700973656103148,0.32941082395698645,0.33749565678667265,54999280157.36008,121971.0,26398487487.86,
2011-06,1493419.4285714286,113566.76190476191,530545.0,96054.04761904762,2429712.1904761903,1.8638256627584708,0.14040184966895974,1.2204531129415208,5609144490.869048,108751658.18380953,195615668.18095237,5913511817.23381,0.20929999999999999,0.3346,0.34740000000000004,57991379010.369835,118700.0,31654177946.5,
2011-07,1219851.619047619,110209.85714285714,490689.28571428574,108379.85714285714,2106924.9999999995,1.4098398347922414,0.131720897661526,1.2158592604615295,5352970371.179048,109623588.36714286,232209322.38761908,5694803281.933809,0.23620000000000002,0.3481,0.3273,52162781520.609955,114989.0,31176453539.79,
2011-08,2382576.8695652173,194593.08695652173,500871.73913043475,180935.08695652173,3418124.9130434785,1.6163094404964566,0.1250416242606276,1.02743227615212,7345523916.054346,83836448.79869565,303966288.5173913,7733326653.370433,0.2016,0.3208,0.365,62633647517.19018,141721.0,30471662187.64,
2011-09,1773939.619047619,120385.47619047618,585906.0476190476,175349.47619047618,2830556.476190476,1.3502556060148068,0.11111022679008575,1.129190990122808,5844391323.741903,87527892.73809524,325634332.8238095,6257553549.303808,0.22949999999999998,0.3382,0.3378,61613209101.91011,125257.0,33079368196.43,
2011-10,1588545.25,183662.75,544119.95,152014.45,2605767.35,1.635225584414913,0.1279224108540281,1.1655599714118576,6670795067.162999,106353799.043,338466731.2,7115615597.406,0.2041,0.3287,0.3592,64647279729.13992,121132.0,34251737070.89,
2011-11,1789033.25,147699.75,487402.05,132988.65,2715856.8,1.5183119538116987,0.12187794973481222,1.040376731743756,5495040503.2485,101711213.658,338999955.06,5935751671.9665,0.22260000000000002,0.32799999999999996,0.349,67304735650.4102,122983.0,35200962958.67,
2011-12,1233887.5238095238,148156.52380952382,437894.4761904762,111259.71428571429,2064702.0952380951,1.7186385601842573,0.13230028496174576,1.2928549513148273,5889412276.337619,84853453.80238095,248199908.20476186,6222465638.344762,0.1799,0.322,0.3907,84767248071.07,121897.0,35916577541.46,
2012-01,1636091.9523809524,123101.90476190476,541144.0476190476,126391.14285714286,2615169.8571428573,1.316370919950175,0.13136395558158234,1.235603075733514,5848229182.147142,84751184.30714285,363931237.3666667,6296911603.820951,0.2101,0.3345,0.3735,70878970875.4699,125952.0,33258119994.45,
2012-02,1451665.3157894737,166283.84210526315,545121.947368421,139286.1052631579,2496757.421052631,1.6739974514091802,0.12960727937497715,1.2274935218335081,7785790896.805263,115483096.94947368,378115177.32631576,8279389171.081053,0.1871,0.3132,0.3991,72438017627.7901,110886.0,37241323526.52,
2012-03,2061278.4090909092,123426.54545454546,524448.5,134905.36363636365,2994196.1818181816,1.3284880922919204,0.12970968537540314,1.0786156546453924,6589099773.864091,113489781.44545455,300739836.09090906,7003329391.40045,0.2097,0.3161,0.3833,81253864624.68991,117648.0,31578136639.2,
2012-04,2497037.45,204829.2,508578.1,155458.3,3518439.6,1.5348927228149065,0.12248272366287467,1.1022882065479542,6887863396.093201,117350573.08900002,322357857.15,7327571826.332201,0.1778,0.3256,0.40159999999999996,60488484087.82001,105572.0,29623611108.53,
2012-05,2681100.227272727,244694.81818181818,593279.0909090909,203000.45454545456,3904244.0,1.2325970754665434,0.112718258579813,1.073872960505462,6974940119.374999,109184752.47590908,352319403.8090909,7436444275.659998,0.174,0.3199,0.4163,64756984131.29,125361.0,28278876347.05,
2012-06,1561146.8,158477.4,520405.6,171469.95,2590401.3499999996,1.7078966496169148,0.11567402264530194,1.2721126360902892,7830941584.796499,90756543.91749999,237178463.45,8158876592.164,0.1491,0.3212,0.4241,52808350321.76041,111206.0,29623432956.27,
2012-07,1866304.9523809524,105999.61904761905,484935.4761904762,172701.7619047619,2819497.523809524,1.4031392475803992,0.11137861246494801,1.2220813990711152,5713489654.781904,87306076.32952382,222615474.1714286,6023411205.282857,0.1984,0.3132,0.3997,55476642560.3581,111423.0,30548458459.39,
2012-08,1723134.347826087,136542.34782608695,425167.6956521739,185874.65217391305,2629856.608695652,1.7502033833109263,0.10997042420126209,1.2770110675168602,6833288245.815653,99313334.99304348,233621567.67391303,7166223148.482609,0.1885,0.3234,0.40020000000000006,67340974453.8797,113502.0,29029077697.41,
2012-09,1709982.9473684211,110695.73684210527,450762.84210526315,166973.47368421053,2626159.5789473685,1.410765455237896,0.10977397292227384,1.3145283287865313,8037754456.021578,102510254.19894737,302289039.64736843,8442553749.867892,0.1699,0.3065,0.4053,59525831998.9085,97899.0,29921257617.6,
2012-10,2199372.5,122868.36363636363,326531.95454545453,169657.54545454544,2971086.5,1.7521829385772776,0.11209291122813336,1.098098060598862,6354603356.908636,92236728.0718182,216633167.631818,6663473252.61227,0.1663,0.3176,0.4155,74520404178.2701,108538.0,29931705158.4,
2012-11,1746520.1578947369,99005.78947368421,476381.1052631579,187885.05263157896,2652790.736842105,1.400369914571713,0.10673836410616715,1.2416776216006027,6337062491.69579,109260062.21631579,193428450.70526317,6639751004.617369,0.1697,0.3163,0.4199,60577490474.538895,97157.0,33128099127.23,
2012-12,1856028.111111111,113131.5,546796.6111111111,173542.0,2856369.5555555555,1.9811748373451308,0.11216415110527761,1.3033691511090275,7460468819.548334,123857201.7911111,237641353.8,7821967375.139445,0.15460000000000002,0.3455,0.4012,65861851695.8955,88221.0,41424173197.44,
2013-01,1560962.857142857,84187.28571428571,474179.8095238095,147448.33333333334,2409674.1904761908,1.5468765671549765,0.120235356048856,1.2656793777448252,7046783782.371904,79149542.30238095,214820580.3809524,7340753905.055239,0.1686,0.3451,0.4001,78049621101.27,114432.0,39189583446.78,
2013-02,2629568.5555555555,126208.5,494127.8888888889,178844.44444444444,3590764.2777777775,1.9737584851874288,0.12156704150099872,1.190678854611145,7499281361.93111,116544921.88333334,213434611.11666667,7829260894.93111,0.15862189608372498,0.3307813616516796,0.41383584820547004,71641742480.05339,114582.0,45834853495.05,
2013-03,2234624.7,100088.8,490863.3,201751.2,3166417.9,1.4125070187673332,0.1186292646586549,1.1902844124508338,7054962871.269499,81874525.0915,276076348.58000004,7412913744.940999,0.1757,0.3185,0.4251,89440917035.364,127109.0,49183043066.21,
2013-04,2693731.5,144564.0,467705.95454545453,212215.681818182,3657793.9545454546,1.8455795860153799,0.11778323725112476,1.1143852316209053,7855804872.35,84639320.74636364,284947494.8395455,8225391687.93591,0.1505,0.3236,0.4221,100577292108.5614,153870.0,49980368638.6,
2013-05,2944052.714285714,104686.52380952382,506563.3333333333,220883.2857142857,3979553.5714285714,1.4075092577977655,0.11584380158537314,1.020142604794749,7395397905.553331,82398351.6404762,252612021.51,7730408278.703808,0.15789999999999998,0.3176,0.4435,88283096442.30319,147512.0,43565740861.7,
2013-06,1977247.75,183020.4,634526.2,281605.25,3290016.55,1.866818922917879,0.11936079671810522,1.361138031241486,8531402321.688499,102856636.30399999,307417441.952,8941676399.9445,0.1348,0.3336,0.4403,72276912659.36,148778.0,40726294622.03,
2013-07,1519217.1363636365,99256.5,435240.54545454547,216604.4090909091,2442566.8181818184,1.5898362873418381,0.11357821348806299,1.320112380116557,5740224394.494546,74500023.295,215940832.6490909,6030665250.438637,0.1605,0.3186,0.4487,76557437666.68887,158544.0,40188058486.129906,
2013-08,1713228.9090909092,146441.54545454544,541323.0,238376.86363636365,2834772.681818182,1.9381694185144922,0.11674442360273628,1.3971935698882967,8127662082.261819,103315694.8340909,273175326.12045455,8504153103.216364,0.13949999999999999,0.3425,0.42090000000000005,96590443249.4941,163678.0,37640390170.509995,
2013-09,1239168.4285714286,90411.09523809524,502078.09523809527,189031.7619047619,2182403.333333333,1.656092330639992,0.12632933442528266,1.511315722408957,6856012912.65476,81903925.09761904,220393783.12380955,7158310620.876188,0.1493,0.3201,0.46130000000000004,81247313187.1875,141418.0,34979154899.569916,
2013-10,1208994.6956521738,101573.17391304347,419616.7826086957,208157.26086956522,2115503.2608695654,1.8164373082074439,0.12013416277868881,1.4184364555668396,6349736138.954349,102163741.65173912,178931998.85173914,6630831879.457826,0.1534,0.3326,0.4445,89213483022.2371,152069.0,34468004846.26,
2013-11,1456775.2631578948,75499.68421052632,481007.2631578947,209288.8947368421,2418350.0,1.6639527945045434,0.12011320287822118,1.3672239428351867,6684204315.980527,90710778.0363158,203866782.0631579,6978781876.08,0.15109999999999998,0.31620000000000004,0.4706,70028464294.92021,134913.0,34255142790.349712,
2013-12,1178963.4210526317,105820.21052631579,496682.0,189921.7894736842,2173674.473684211,2.1222849679496107,0.12775528098270153,1.5751965507156873,6025706782.727368,102565562.70736842,112681084.79684211,6240953430.231579,0.12890000000000001,0.32420000000000004,0.4632,92930130242.55968,136246.0,39223495145.87,
2014-01,1851032.3181818181,73374.77272727272,500127.0,220214.4090909091,2852457.6363636367,1.6954812559431816,0.12245329706564825,1.2936270183499816,6014611218.963182,80756750.32954545,129069258.49818182,6224437227.79091,0.1324,0.3294,0.4686,77723249468.67009,153579.0,33094857626.26,
2014-02,1968728.6,123077.9,530923.95,266492.7,3123988.6000000006,1.9577132247137778,0.12292994517298557,1.2610398928447921,6339651774.900499,75293072.704,161836921.60700002,6576781769.2115,0.1373,0.2909,0.5042,77178931815.70116,144925.0,33648663589.8,
2014-03,1353798.894736842,97479.63157894737,545183.7894736842,265265.0,2483773.315789474,1.5971594443751553,0.11918258900979724,1.3927554177554922,6324861434.27,85602017.76894736,178248977.13157895,6588712429.1705265,0.1375,0.2916,0.5159,71598272670.93977,144313.0,37011651768.66,
2014-04,1172455.0,141898.7,525067.95,290984.5,2379387.5500000003,1.8343126927871773,0.11782915069359497,1.4107582872333462,7199453260.077002,86878060.5575,218079361.34149998,7504410681.976001,0.13720000000000002,0.2967,0.5088,68913940888.5501,134653.0,36125732377.22,
2014-05,1127079.6666666667,84802.95238095238,433730.5238095238,244197.33333333334,2092357.6666666667,1.8343126927871773,0.11999978549744321,1.415866470199324,6131130424.2442875,59377003.45190476,181214384.7752381,6371721812.471431,0.1522,0.2943,0.5032,54269599250.19206,134653.0,33430410086.43,
2014-06,1309535.3157894737,120926.73684210527,460721.4736842105,229225.1052631579,2333879.789473684,2.0953277277934275,0.12311248859716668,1.4314450506933833,6081861532.276317,86988495.20473684,168443777.6736842,6337293805.154737,0.1313,0.3013,0.5069,51748458665.825,108422.0,32212994493.91,
2014-07,1350039.4545454546,84094.63636363637,401893.3181818182,222858.04545454544,2311688.863636364,1.527469452705339,0.1199021717248928,1.3349424912562076,5743999219.473182,82431890.76363637,219272314.8259091,6045703425.062728,0.1586,0.3102,0.47490000000000004,57088979234.27555,121284.0,33762404943.07,
2014-08,1490907.0952380951,149927.7619047619,496296.95238095237,324818.5714285714,2708516.9999999995,1.86294161346909,0.11547380442415425,1.3730344422084646,7037741502.000954,75877934.46333334,335254887.4238095,7448874323.888097,0.1523,0.2964,0.49060000000000004,59275940659.474884,110266.0,29584861543.09,
2014-09,1674502.8636363635,127631.90909090909,553154.4545454546,403107.1818181818,3000382.318181818,1.4770820171074348,0.10727684087629301,1.2485723123598902,7895040769.115455,84689534.12227273,397951938.95,8377682242.187728,0.1438,0.2784,0.5223,56698018546.5292,118015.0,29651516441.86,
2014-10,1433788.1739130435,187902.30434782608,551919.6521739131,471302.3043478261,2918350.0869565215,1.721425777919284,0.11265109267540183,1.2844482993009063,10358192338.411303,103358681.20913044,414280664.7826087,10875831684.403042,0.1218,0.2658,0.5528,65717377146.68649,141274.0,33380903558.35,
2014-11,1004054.7368421053,96390.47368421052,467137.8947368421,389410.2631578947,2262540.3684210526,1.6277418657336196,0.11953052760618452,1.404943316254014,6584119009.262631,88224899.46789475,179819073.6,6852162982.33053,0.1433,0.2668,0.5244,46189282401.0555,111350.0,30302812433.85,
2014-12,1190281.45,130537.25,456775.55,384105.15,2419072.35,2.1188595247716755,0.11846393624247163,1.4813188107132025,7561666519.1125,77688675.14299999,171111128.851,7810466323.106499,0.1118,0.2767,0.5369,48615651431.37453,113232.0,31378198482.75,
2015-01,1253309.4285714286,80427.14285714286,459498.85714285716,388751.95238095237,2452041.8571428573,1.8415858600211967,0.12833470136606878,1.4460986112584224,6130214800.475239,48911405.82238095,167864213.3885714,6346990419.686192,0.1457,0.2718,0.5217,52495979522.64537,132115.0,32983565154.66,
2015-02,1301204.2222222222,128908.38888888889,521235.22222222225,417739.77777777775,2724986.4444444445,2.4217593846793006,0.15046007775175294,1.5274767808846184,6891896681.581666,68641284.72,171762041.6388889,7132300007.940556,0.13817528101559273,0.26454736565860515,0.519979588265885,45198847313.535645,110391.0,35330004148.07,
2015-03,1513002.3636363635,82114.77272727272,548969.2727272727,499477.1818181818,3021661.1363636362,1.994164094047965,0.1636353294144477,1.4926026626383786,6336897094.744546,74638683.61954546,129834674.04545455,6541370452.409546,0.13609882802121556,0.26259209463127,0.5400961721624946,60328217503.225464,136446.0,40570160962.27,
2015-04,1709373.6,116957.25,498018.15,477109.7,3083226.95,2.3024908331890503,0.17690840073048342,1.436023118084122,7574940457.016001,52941957.075,222710450.61999997,7850592864.711,0.1465,0.2712,0.5215,62013041828.535576,122240.0,40541220143.8,
2015-05,1458225.75,69824.2,461249.35,437121.4,2717711.7,1.9204547635347058,0.17272192919407864,1.4744696378206779,6920628514.9145,69342753.1945,210301784.44,7200273052.549,0.1524,0.2693,0.524,58623659643.14598,117292.0,38865680481.23,
2015-06,1695318.5238095238,108344.23809523809,439267.14285714284,419542.85714285716,2908452.8095238097,2.419706741607133,0.22850886679381055,1.4357824969580963,6144511551.423809,72808642.07761905,125401820.88571428,6342722014.387142,0.1362,0.2817,0.5209,61648949898.675255,123285.0,41519877735.33,
2015-07,1995699.5454545454,69345.77272727272,465793.8181818182,472957.45454545453,3329575.454545454,1.823256834820501,0.22570874912446479,1.3414601232261938,5471139866.315,83856780.2609091,171381072.0818182,5726377718.657727,0.1496,0.2741,0.5186999999999999,61012663422.58483,132485.0,40063335355.77,
2015-08,1558672.238095238,143215.19047619047,467615.8095238095,633082.0952380953,3136805.714285714,2.208898550599348,0.2347466167782046,1.4816078122846237,6719771706.4076185,67345242.29714286,168854526.6695238,6955971475.374285,0.1273,0.28559999999999997,0.5259,55504556263.41584,134587.0,41669428303.43,
2015-09,1808580.619047619,92339.14285714286,486523.5238095238,691810.0952380953,3499767.7619047617,1.8326715905445854,0.2333512720116433,1.4775195140499318,6728474645.116667,66733184.38523809,179868846.6142857,6975076676.116191,0.1284,0.2658,0.5432,55311016157.01079,141165.0,40222388551.88,
2015-10,1137687.0952380951,130596.14285714286,410893.04761904763,634839.5714285715,2587212.1904761908,2.2125341301190695,0.2740575177935961,1.6714793404395423,7282907458.7409525,54170199.2352381,201913610.21714285,7538991268.193334,0.1285,0.26,0.5513,58914108713.85978,141008.0,40237297457.16,
2015-11,1077272.4736842106,73086.15789473684,384204.5263157895,563654.8421052631,2414313.4210526315,1.7607318471277953,0.27261749398340057,1.6598005820767918,6141398417.84,91431529.52263159,127829293.87368421,6360659241.236316,0.1366,0.2642,0.5323,49838050641.420265,122394.0,39345547197.98,
2015-12,890978.6,119162.15,419654.4,598375.6,2330941.5999999996,2.264981418176831,0.27645747085943145,1.9398313065844164,6412602113.586,47784908.907,168216538.06,6628603560.5529995,0.11939999999999999,0.29359999999999997,0.5114,44843154313.82032,106037.0,34117995943.15,
2016-01,1563186.7894736843,154217.03157894735,455456.9263157896,0.0,2449143.7473684214,1.1492866956192875,0.0,1.7946692342607662,5018258322.542631,47574700.56421053,176012950.7368421,5241845973.843684,0.14110683039201274,0.2633580828487988,0.5386556465481062,47021499406.55973,128625.0,35438856536.87,
2016-02,1281496.8421052631,229481.4947368421,475035.9894736842,0.0,2256354.747368421,1.577461693735039,0.0,1.9578672065942018,5834675465.919474,62146005.39947368,176930107.8263158,6073751579.145263,0.144,0.2751,0.508,45460769031.17005,121623.0,32961727650.53,
2016-03,1513161.0909090908,220859.58181818182,555768.0454545454,0.0,2577035.9909090907,1.0914656902119322,0.0,1.9092671840449207,8753628103.202726,59675885.74909091,380867377.08181816,9194171366.033636,0.15585491944093086,0.2400737952225726,0.5529850853914532,65310387818.63044,132305.0,37516527798.95,
2016-04,1455234.35,201130.02000000005,524841.6599999999,0.0,2506134.8800000004,6.007341050081857,0.0,2.26456389651693,7986434454.051001,52611969.8855,298916316.925,8337962740.861501,0.1607,0.2604,0.5174,54756543343.26995,104622.0,35911345046.79,
2016-05,1278822.238095238,173682.18095238094,428329.26666666666,0.0,2076317.638095238,5.57653225454221,0.0,2.1490224109421447,6390406894.997618,63557522.760000005,192002819.7614286,6645967237.519048,0.1694,0.2361,0.5338,52751752893.359764,101967.0,33253843073.99,
2016-06,1456809.2272727273,217192.82727272724,480063.29090909084,0.0,2452502.618181818,1.327757657408033,0.0,1.7868439640030966,6319801122.084545,64221992.095454544,143955367.14954546,6527978481.329545,0.1592,0.23199999999999998,0.5439,56840756082.96004,113382.0,41524617155.67,
2016-07,1171466.0952380951,177735.63809523807,430265.26666666666,0.0,2013950.095238095,0.9630254232048338,0.0,1.667923231038592,6531013482.921429,60062724.09047619,212237867.4961905,6803314074.508096,0.1959,0.2455,0.5086999999999999,62751421084.05986,121081.0,45380573442.46,
2016-08,908088.1739130435,222440.30434782608,435002.49565217394,0.0,1779373.6695652173,1.2127998894476775,0.0,1.861609954527625,7091183353.3678255,61537098.09521739,163291939.24869567,7316012390.711739,0.18530000000000002,0.22699999999999998,0.5102,68363112725.89004,127384.0,41924061736.28,
2016-09,1566891.761904762,197471.74285714285,531049.8380952381,0.0,2565024.8666666667,0.978073827368149,0.0,1.6476743000924654,6388202667.5961895,74667974.69714287,164802238.21666664,6627672880.509999,0.19010000000000002,0.23079999999999998,0.5121,66373100456.79067,113110.0,40514886190.15,
2016-10,1797688.55,260542.59,511184.16000000003,0.0,2804635.4500000007,1.2449024437809193,0.0,1.469563087423713,8435221244.966499,68267524.6935,307356407.405,8810845177.064999,0.1823,0.2563,0.4925,58310084574.10976,104182.0,39800888693.52,
2016-11,1777527.05,291075.44000000006,551596.75,0.0,2880283.99,0.8794321705741153,0.0,1.4786192039695427,8881450495.604,86366164.239,304197524.55300003,9272014184.396,0.189,0.24,0.5192,54392601159.8299,105783.0,37716975610.07,
2016-12,1677280.5714285714,260635.67619047625,456794.45714285714,0.0,2663805.180952381,1.2329353022095269,0.0,1.5361770902636878,7583694335.174763,76664580.65857142,289711928.1457143,7950070843.979048,0.14529999999999998,0.2746,0.5093,60412975782.62013,110145.0,41016567480.59,
2017-01,1347322.4761904762,206493.80952380947,423337.26666666666,0.0,2208814.3619047618,0.9118638192774541,0.0,1.5772861312434878,6579362824.394285,66835816.65619048,225891392.08190474,6872090033.1323805,0.19949937483912,0.254402242136634,0.491095957459384,60731769732.720184,119293.0,41731290726.19,
2017-02,1947527.5555555555,273708.1777777778,505855.41111111105,0.0,2983323.4777777777,1.2075440059112783,0.0,1.3674491837148122,8837639711.633888,84568334.53555556,256247867.43888888,9178455913.608334,0.17670000000000002,0.26280000000000003,0.49670000000000003,56750517101.89992,105389.0,41078179101.08,
2017-03,1677636.0,274070.52173913043,539853.6434782608,0.0,2775946.6869565216,0.8780211059610332,0.0,1.4451029228042211,7929129159.631741,90977023.5373913,196766939.6652174,8216873122.834348,0.1656,0.2524,0.5283,64901676696.709816,127680.0,38714925507.01,
2017-04,2203132.1666666665,311737.5111111111,568019.4555555556,0.0,3369193.133333333,1.1343465973652846,0.0,1.3282215482769337,7851419035.346111,91821370.03222221,167960310.10055554,8111200715.4788885,0.15507977687339597,0.2599520637924111,0.519671066092799,48433465748.550186,100988.0,33188641508.31,
2017-05,2186445.1818181816,289336.80000000005,572849.9000000001,0.0,3330224.1999999997,0.9403443495608269,0.0,1.4370566840241839,9246119872.173182,111319093.58272728,206107992.47863635,9563546958.234545,0.1588,0.2669,0.5104,53869156512.549736,129525.0,33735185753.22,
2017-06,1847658.5714285714,305966.1238095238,520626.71428571426,0.0,2920983.7904761904,1.1420246072682576,0.0,1.450457446173269,7438795284.06857,90194059.37380952,146427655.43666667,7675416998.879047,0.1475,0.2823,0.5012,51870782234.54994,118543.0,33162478620.81,
2017-07,1792723.2857142857,229825.48571428572,494198.180952381,0.0,2729092.285714286,0.8573790150340549,0.0,1.4511111849190201,6128037341.070001,100032383.57190476,131113013.29285713,6359182737.934762,0.18960000000000002,0.2783,0.46869999999999995,43876906184.62999,113846.0,34635207423.33,
2017-08,1923083.9130434783,349710.65217391314,504873.0,0.0,3018755.2608695654,1.1001142049732038,0.0,1.3862674849096708,8455100029.027391,123141865.95608695,179347085.4752174,8757588980.458694,0.1713522952463373,0.2939008268389876,0.45655696536095064,55811285781.83,126335.0,37642690447.59,
2017-09,2433837.85,385893.22000000003,571705.83,0.0,3742441.35,0.8627829519782588,0.0,1.2978240993676464,9621444795.428501,94697013.39500001,238910097.91,9955051906.733501,0.18295548615733861,0.2755452052446565,0.48014708559699887,50007268400.14,107617.0,39984020379.6,
2017-10,1890883.5238095238,479892.61904761905,612673.4476190476,0.0,3238088.638095238,1.0523520648716447,0.0,1.4285115338485053,9877647268.206667,141973972.73714286,196467295.1957143,10216088536.139523,0.17195961704784982,0.28988993364954446,0.46742433324199806,53417807315.67,116829.0,40435474305.91,
2017-11,2020565.2105263157,453496.42105263146,624280.0736842104,0.0,3345870.5473684208,0.8070106152987554,0.0,1.401457805766304,10017108706.2847,115610814.53052631,199124677.10421056,10331844197.919474,0.16258666399555907,0.26807036979006493,0.5123455785756748,46726692364.1,106035.0,39512106655.87,
2017-12,1654397.8421052631,481566.31578947377,577221.6421052631,0.0,3026265.4842105266,1.0822553280085918,0.0,1.51687246759486,9423655829.921051,101117467.3,179221696.09736842,9703994993.31842,0.15158744078660594,0.29005700266337153,0.46736967577280436,53706616267.13,101286.0,39154427017.06,
2018-01,2153503.714285714,433185.1619047619,610205.8476190476,0.0,3462877.676190476,0.7992804473670256,0.0,1.3814968884562941,9782920027.973333,141312518.73857144,253456473.58285713,10177689020.294762,0.1881656961563425,0.2831102437491156,0.473434069617005,61832164683.82,134728.0,43173551212.85,
2018-02,1858283.5,643186.0333333332,667681.3222222221,0.0,3458911.522222222,0.9624502833057892,0.0,1.4383777149842334,12671396446.275,111645470.56444445,320589128.03,13103631044.869444,0.16993928236679753,0.2788818505211688,0.4939373972509035,,113827.0,,
2018-03,2278442.0,632831.0,646377.0,0.0,3902802.0,0.7851945979374483,0.0,1.355711453646324,10485140776.2733,127854864.95238096,263873281.57142857,10876868922.79711,0.18061435170637288,0.26404089379506723,0.505292372729781,59064826417.12,127179.0,40714879824.45,
2018-04,1630975.3333333333,659831.5142857144,670372.3619047619,0.0,3363448.066666666,0.9437966249075123,0.0,1.5610372328598494,9964719711.35857,103916911.61952382,221195181.2328571,10289831804.210953,0.16758724267739522,0.2870312113354798,0.48012640462879763,56235801354.15,130856.0,41789853856.9,
2018-05,3321094.1428571427,687121.4190476191,702573.0,0.0,5080914.419047619,0.770452303369838,0.0,1.293026994668415,13666458056.27619,118789925.12142858,398861653.14619046,14184109634.543808,0.17093920328625428,0.27925462785506266,0.501504446271704,,150158.0,,
2018-06,2894807.3333333335,723471.2285714287,682613.361904762,0.0,4722894.447619048,0.9433689659083806,0.0,1.4393863874239166,12603216509.50857,108143439.03047618,299179133.6642857,13010539082.203333,0.1489836945759802,0.28455435068857116,0.5192489832332106,53271011029.69,150821.0,39902738563.53,
2018-07,1130165.142857143,520298.8190476192,565007.619047619,0.0,2542991.628571429,0.8123327243304179,0.0,1.8406376829785687,9079883813.591904,125764246.21476191,210713959.46809524,9416362019.274761,0.19799600511149612,0.2773864417184377,0.47244577090324613,58940453684.34,148823.0,48436208130.92,
2018-08,1649883.0869565217,645108.6347826087,726378.7826086956,0.0,3321664.67826087,0.9398816610503208,0.0,1.6134089280294293,10323281396.856956,115882217.85652173,258214672.44,10697378287.153479,0.18351359058783978,0.2897454705342723,0.47157982731086445,73948746660.36,171573.0,42757191758.12,
2018-09,1544832.5789473683,616474.7789473684,720160.9789473685,0.0,3183482.1263157898,0.839,0.0,1.7243965944414614,9240296109.754736,112678275.13947369,251607235.52842104,9604581620.422632,0.19790068845864736,0.25853045844564515,0.489794196632006,50685572475.0,139602.0,42977921174.14,
2018-10,2055593.2727272727,922048.6454545454,821966.827272727,0.0,4200025.881818182,0.9102818401880504,0.0,1.568855244413671,16422136376.894545,161181265.70545456,414606253.05954546,16997923895.659546,0.1778,0.2719,0.4955,75097404376.46,163279.0,51591687666.3898,
2018-11,1499765.8421052631,888325.3157894737,730521.347368421,0.0,3443013.1894736844,0.779,0.0,1.599035620662419,14572352631.825262,183922393.55789474,383222816.9421053,15139497842.325262,0.1974,0.2602,0.4866,56799045186.44,128837.0,50831508021.66,
2018-12,1199093.11111111,1024447.77777778,737751.1,0.0,3371468.4333333345,0.920000177331303,0.0,1.737259030773991,14103313767.7694,167958531.021667,319576287.294444,14590848586.085556,0.1703,0.3016,0.4715,68462662247.0105,145090.0,56307988859.9369,
2019-01,1768894.142857143,1105571.619047619,733181.3619047619,0.0,3968601.9333333336,0.7716929067161272,0.0,1.4956542513305329,16289447375.941427,166301699.06333333,399532050.0447619,16855281125.049522,0.187,0.297,0.4635,77542574811.51,164551.0,51706379020.749954,
2019-02,2007855.2,1406768.43,738912.9799999999,0.0,4522047.21,0.8558295838356403,0.0,1.3906845560110894,16477047723.814,151585401.8325,340892266.1125,16969525391.758999,0.177,0.3047,0.4591,72990089681.91,152635.0,57901609209.250046,
2019-03,2214773.5263157897,1331152.989473684,830343.2000000001,0.0,4807913.242105263,0.9309832429083651,0.0,1.5006730372343784,15755068924.39,150697704.28263158,352878598.1526316,16258645226.825262,0.1831,0.3029,0.4601,68325794937.10997,148954.0,57825327052.30994,
2019-04,1752052.8095238095,1466131.8190476191,658075.980952381,0.0,4280526.942857143,1.1140759652086711,0.0,1.5922516578950254,14265621497.346191,150619914.8195238,313339764.75714284,14729581176.922857,0.182,0.2961,0.4666,68695450971.98999,173466.0,57275722578.33002,
2019-05,2509051.0,1452190.409090909,785288.5181818181,0.0,5131878.972727273,0.9925063348661609,0.0,1.494413420151683,14608685613.058182,133931634.75545454,267861731.53636363,15010478979.35,0.1763,0.2941,0.4736,77230168989.94002,190027.0,57051653641.74002,
2019-06,4340729.842105263,1413986.157894737,712896.2947368422,0.0,6909874.978947368,1.1290394356201907,0.0,1.2217491387227053,15441011742.628946,193203459.07157895,282948887.9894737,15917164089.689999,0.1761,0.3139,0.4497,74321581334.29004,176147.0,54765478822.38006,
2019-07,3075542.272727273,1417310.5363636364,657527.9818181819,0.0,5562663.154545455,1.037,0.0,1.3183278719553535,16184816936.755457,237678775.12545455,291171100.31363636,16713666812.194548,0.2042,0.2998,0.4458,81714040138.45996,197232.0,55900254128.00999,
2019-08,3044239.1818181816,1799244.9181818187,879386.5000000001,0.0,6131456.327272727,1.020206372682416,0.0,1.372084144176405,19171766047.699547,229322425.45,336542088.39090914,19737630561.540455,0.2173,0.3567,0.4011,87506438238.32,206762.0,58062613138.58003,
2019-09,2646329.095238095,1474387.638095238,724718.4571428571,0.0,5148716.238095238,0.9581413743605635,0.0,1.338833124542031,16034283727.12476,153822931.49333334,287179385.74761903,16475286044.365713,0.1828,0.295,0.4745,83832450361.61003,197394.0,66513440337.619934,
2019-10,3432761.913043478,1594433.3652173916,754441.0695652175,0.0,6049440.95652174,1.09153047629779,0.0,1.3746099400251164,16074493205.366957,182969525.77173913,356583204.7347826,16614045935.87348,0.1838,0.3237,0.4414,83913623770.49997,209029.0,61832077658.90004,
2019-11,3961295.5263157897,1649109.3263157895,805698.7157894736,0.0,6682955.568421053,0.9809654275514572,0.0,1.2724606074361615,18912261569.576843,206568262.1626316,426868402.0105263,19545698233.75,0.1883,0.3322,0.4332,76019995852.80006,200236.0,62119499677.77,
2019-12,3106725.789473684,1565328.29473684,726558.4631578948,0.0,5650071.389473682,1.08728674901444,0.0,1.429201517518594,22225392772.0063,266102364.39,428025689.05,22919520825.446316,0.1687,0.3518,0.4258,88410016870.36998,206932.0,70201127264.06,
2020-01,3626917.772727273,2082517.1636363638,718000.6545454547,0.0,6637382.545454546,0.9741164627660339,0.0,1.2157094994793738,22539935063.193634,258933612.4,503873947.8781818,23302742623.471817,0.19019999999999998,0.3313,0.4228,111425301726.07004,259695.0,72142477377.90005,
2020-02,3508380.0555555555,2475463.38888889,774527.4888888887,0.0,7061974.4333333345,1.0194494977354975,0.0,1.3760944123888752,28321769634.181667,282647949.28,682930802.9000001,29287348386.361668,0.1586,0.3409,0.4466,93833961707.90002,249311.0,76089316959.12996,
2020-03,4526979.090909091,2023903.0363636361,879847.3090909093,0.0,7757928.209090909,0.963904027753007,0.0,1.3257404449758485,32812953087.96045,262636819.6768182,1161575747.2636364,34237165654.900906,0.1595,0.3111,0.4835,114793043042.1101,381702.0,61034420080.149956,
2020-04,3181548.9,2467283.08,830030.3400000001,0.0,6756043.67,1.1230545858235905,0.0,1.5845688795388646,27816716486.6125,91655246.631,530193671.90500003,28438565405.1485,0.1929,0.2987,0.4623,90583763739.72003,368303.0,64153824214.000015,
2020-05,2654986.0,2155187.7,944823.4500000002,0.0,5999699.550000001,0.9475271158402013,0.0,1.646464486194378,25408750716.463005,121043333.9535,525496015.975,26055290066.3915,0.2306,0.2358,0.4835,90798167755.08006,356018.0,72047091722.29997,
2020-06,2774357.0,2442899.8571428573,1154119.6476190477,0.0,6651050.838095238,1.086112507033652,0.0,1.779378898617298,31514917166.44524,217815978.95619047,739907667.7138095,32472640813.115242,0.2398,0.2416,0.4669,96326278290.75,398419.0,65077040916.100044,
2020-07,2707645.0,2494442.0,987908.0,0.0,6392627.0,0.9765654553627674,0.0,1.6613574334044674,28456464875.168262,205401689.76086956,692746856.7486956,29354613421.677826,0.2666,0.2387,0.4449,104524364268.22005,414719.0,70065157954.26003,
2020-08,2625456.0,2679896.2952380953,1010544.3714285713,0.0,6566956.476190477,1.0423222928292832,0.0,1.6943319094150042,30594717254.96953,225028918.25285715,573920157.4614286,31393666330.683815,0.2232,0.2528,0.4668,96631963745.65,370936.0,75303549030.34003,
2020-09,2968442.0,2818929.1999999993,1050429.8857142855,0.0,7152182.038095237,0.9636749018978501,0.0,1.670756787238589,27256678820.911907,193629943.5447619,543291920.6119049,27993600685.068573,0.231,0.2322,0.4859,97750455887.19998,407264.0,79888160061.56001,
2020-10,2806296.0,2977939.476190476,1010972.9142857144,0.0,7165734.533333333,1.0176106836180545,0.0,1.7009022211701663,27608188272.412006,241525490.69049996,632734598.0950001,28482448361.197506,0.22485894422175046,0.24212389435187906,0.4785401133618609,104201382908.87,409280.0,81545083025.63,
2020-11,2457829.0,3012331.5,1045713.1899999997,0.0,6911145.239999999,0.9347229757245614,0.0,1.8156429843777662,33091658839.544502,191062915.49249992,894593695.9000002,34177315450.936993,0.20712149812805714,0.25513366918516506,0.4878851597630317,98868671966.39,365513.0,82730067990.58989,
2020-12,3203880.0,2895390.9300000006,1026761.2799999999,0.0,7602958.510000001,0.9736641743659474,0.0,1.6585955844048499,34209871867.68999,252446079.71150002,954373097.6185001,35416691045.02,0.1996696183192575,0.3028284891145675,0.4459659080973668,115369507934.92998,331302.0,87945191184.61989,
2021-01,4956574.0,3564632.0,1189969.0,0.0,9990274.0,0.8840447957660293,0.0,1.356657969751907,35512844998.0,405087826.0,1063390458.0,36981323282.0,0.20377001235179065,0.25845324903662287,0.48334258182736667,108362835723.90001,339671.0,97691553498.68001,0.007152
2021-02,3305480.0,3894051.4,1093926.0,0.0,8647704.4,0.9473722178169274,0.0,1.5864954544725445,38193254171.0,435410232.0,854745436.0,39483409839.0,0.19512977920804464,0.24481953698735237,0.5063909501308894,127901453721.02998,409902.0,110594518504.0,0.0082
2021-03,4146112.0,3932521.6,1101464.0,0.0,9551225.6,0.8959901365112377,0.0,1.4925954087254383,36819604118.0,411307930.0,865875311.0,38096787359.0,0.19079999999999997,0.2373,0.5203,174712232025.27,596201.0,106126807043.0,0.010742
2021-04,2624660.0,3413552.0,1043168.0,0.0,7421694.0,0.9275286856623248,0.0,1.7533363272589788,31501199173.0,369719406.0,667164228.0,32538082807.0,0.208,0.2433,0.4942,152206144916.44003,510899.0,110232745143.0,0.009752
2021-05,2543062.0,3265654.4,1006967.0,0.0,7084812.4,0.8770066043089179,0.0,1.6589818108326915,32029135941.0,480045586.0,728695794.0,33237877321.0,0.2038,0.2612,0.4835,187039502900.0,510269.0,104941343477.0,0.010444
2021-06,3997079.0,3910275.0,1075895.0,0.0,9270846.0,0.9330987255493843,0.0,1.4625480986822768,35830467445.0,431256962.0,792888405.0,37054612812.0,0.1913,0.2619,0.4952,130997347249.0,577006.0,113109905447.0,0.01005
2021-07,2712771.0,4038251.0,1087810.0,0.0,8106203.0,0.8455244845449416,0.0,1.5107521510437893,28039958025.0,367770437.0,603463309.0,29011191771.0,0.2078,0.2662,0.473,149321992398.51,499554.0,101044228836.0,0.010218
2021-08,3437843.0,4351585.0,1119826.0,0.0,9212391.0,0.8946193273151152,0.0,1.4333287189947854,32993794787.0,335272001.0,701630329.0,34030697117.0,0.178,0.2693,0.4869,163080764235.5201,583770.0,102360523875.0,0.00745
2021-09,4362959.0,4352469.0,1039699.0,0.0,10092694.0,0.8883989425640613,0.0,1.3002405927071037,33492947989.0,294079073.0,918023894.0,34705050956.0,0.1694,0.2642,0.5063,153244631310.56003,652923.0,102641573024.0,0.007204
2021-10,4752459.0,4642393.0,1075447.0,0.0,10795468.0,0.935049800824704,0.0,1.355218078549258,35042463187.0,276770483.0,840480867.0,36159714537.0,0.1585,0.2567,0.5213,150848965738.38004,642676.0,110505866680.0,0.010691
2021-11,2564566.0,4353640.0,909564.0,0.0,8116167.0,0.876887880026828,0.0,1.5037795304113382,30789543091.0,282640733.0,830741859.0,31902925683.0,0.1602,0.2586,0.5249,146503251219.66,616726.0,104742264126.0,0.013034
2021-12,2658900.0,3895891.0,838082.0,0.0,7716745.0,0.9259798152903735,0.0,1.5715199929010284,28893241125.0,250213220.0,702528716.0,29845983061.0,0.1536,0.2654,0.5277,151050415160.12,715250.0,97688521462.0,0.014145
2022-01,3018321.0,4336920.0,917276.0,0.0,8614131.0,0.8549386705421403,0.0,1.4727172573707528,29654434044.0,260173905.0,737608229.0,30652216178.0,0.16,0.254,0.536,162232388100.54,753637.0,109285040369.0,0.015646
2022-02,2791644.0,3672349.0,1007483.0,0.0,7818454.0,0.9033036090151447,0.0,1.5654129791415354,31735060743.0,238600606.0,764307238.0,32737968587.0,0.168,0.246,0.534,177099719404.56006,762423.0,115803752645.0,0.020806
2022-03,3888964.0,3294756.0,1062677.0,0.0,8664517.0,0.9228656634415967,0.0,1.47615845176367,32149919266.0,254062733.0,894723318.0,33298705317.0,0.1551,0.2535,0.5456,208545129942.54993,940948.0,111427214699.0,0.017042
2022-04,2992027.0,3165354.0,1109792.0,0.0,7630284.0,0.9480302909830025,0.0,1.5549394946988104,29358025494.0,277525778.0,693503884.0,30329055156.0,0.1483,0.2632,0.5378000000000001,169418392639.40997,812994.0,110967922132.0,0.017352
2022-05,2918570.0,3458410.0,1096652.0,0.0,7862020.0,0.869657010013272,0.0,1.5135684363791773,29338716130.0,265457352.0,805704759.0,30409878241.0,0.1446,0.24659999999999999,0.5687,183345646089.10995,1025810.0,108714977459.0,0.016606
2022-06,3506415.0,3594495.2666666657,1065304.1333333333,0.0,8506834.304761903,0.936900782649919,0.0,1.4371435015035199,27730604448.0,381241362.0,728214137.0,28840059947.0,0.139,0.2801,0.5312,173704471523.75998,942799.0,95880092537.0,0.021501
2022-07,2709537.0,3133671.0,1041960.0,0.0,7154606.0,0.9135574614595866,0.0,1.5887038683614743,21525904377.0,253666905.0,612593296.0,22392164578.0,0.1562,0.2606,0.5338,135831323526.88,822353.0,101493830837.0,0.017266
2022-08,3158839.0,3226557.4782608678,1081061.0695652172,0.0,7770013.478260867,0.9677954961880537,0.0,1.6308879385327402,28430006581.976944,329006553.73260874,873735531.0447825,29632748666.754333,0.1643,0.2662,0.5244,182981956199.35995,1195471.0,105602434031.0,0.013764
2022-09,4283342.0,3681386.0,1153135.0,0.0,9417937.0,0.8723120016418248,0.0,1.425613592445989,28314122880.0,326486091.0,834933514.0,29475542485.0,0.1474,0.2506,0.5575,178918754490.03998,1047261.0,117350388886.0,0.014763
2022-10,2315058.0,3730056.0,1142302.0,0.0,7484262.0,0.9177508729091466,0.0,1.6855104150549511,33753183844.0,309556195.0,1121443207.0,35184183246.0,0.14400000000000002,0.2516,0.5632,188911713488.18994,1071897.0,129255613177.0,0.011022
2022-11,4211480.0,3556744.0,1152921.0,0.0,9225422.0,0.8859053392653505,0.0,1.4782128015390517,35080269040.0,264841824.0,970586990.0,36315697854.0,0.1331,0.2437,0.5798,215128499644.27002,1367433.0,130525150307.0,0.011198
2022-12,3027010.0,3317843.0,903255.0,0.0,7588750.0,0.9738960207695467,0.0,1.5661986367665168,28202251869.0,220429170.0,845185378.0,29267866417.0,0.1263,0.2641,0.567,215926173542.99973,1618226.0,123971376305.0,0.015804
2023-01,3717193.0,3129007.0,926295.0,0.0,8043938.0,0.9784704424235432,0.0,1.4997378601919067,24643437923.0,251021245.0,646791815.0,25541250983.0,0.14947587708172624,0.26598027345330916,0.5321943901903586,207889168839.66953,1549031.0,127050126347.0,0.015199
2023-02,4990164.0,3376147.0,1028498.0,0.0,9697226.0,0.9855501947436925,0.0,1.3773742671930669,25492743780.0,316860491.0,663122900.0,26472727171.0,0.13505365723414084,0.27508844388359166,0.543348569292368,169641660747.75998,1407583.0,131779894300.0,0.015135
2023-03,5796916.0,3303928.0,984625.0,0.0,10396486.0,0.9624796145152337,0.0,1.2741749388248567,25514529912.0,278643030.0,675353206.0,26468526148.0,0.1252050686764671,0.28544289667055484,0.550650062306244,214075488896.53006,1791228.0,115051257105.0,0.013737
2023-04,4706022.0,3066336.0,947233.0,0.0,9007189.0,1.0168378300500807,0.0,1.348617223666809,24695218356.0,291715541.0,609053753.0,25595987650.0,0.12323949058958229,0.2928423648967045,0.5397656276232718,172058759325.9403,1441016.0,125845641101.0,0.01258
2023-05,5445713.0,3141954.0,932738.0,0.0,9805496.0,0.9229640651529706,0.0,1.2587699008059081,26185293750.0,299629492.0,616358968.0,27101282210.0,0.13341016311518716,0.29437031107129824,0.5225425001780787,203202653888.20038,1899664.0,133328191742.0,0.012717
2023-06,6720734.0,3110839.0,908419.0,0.0,11083911.0,0.9994972876632776,0.0,1.186178734546815,29482646392.0,266664410.0,760036295.0,30509347097.0,0.13356722666589838,0.2974838524220643,0.523755761725069,205859927807.94028,1679164.0,124417763233.0,0.01152
2023-07,5411312.0,3111924.0,860468.0,0.0,9705668.0,0.9459037315209253,0.0,1.1799245603310402,24094996610.0,224492239.0,530394821.0,24849883670.0,0.1379317542807581,0.2967468803685347,0.5181678278269516,181589322079.7301,1425783.0,123556275753.0,0.009711
2023-08,5382499.0,3487165.0,876012.0,0.0,10060897.0,0.9781839352622247,0.0,1.2153676884312385,24580609929.0,281239641.0,561714292.0,25423563862.0,0.1386112953033245,0.2921402833059715,0.5210399515750251,216636521906.94955,2055724.0,122620023756.0,0.00848728324794501
2023-09,4662661.0,3228141.0,911898.0,0.0,9148927.0,0.9486648352720654,0.0,1.34553741657355,22504727913.0,254634942.0,561496968.0,23320859823.0,0.1300434727599127,0.28822642416721783,0.5356870882699996,180066175880.68027,1811981.0,129138136976.0,0.013587674876880618
2023-10,6358531.0,3870317.0,1108527.0,0.0,11653881.0,0.9156990671995774,0.0,1.1625499203717138,22364980726.0,268899330.0,568093852.0,23201973908.0,0.1300232507937481,0.2712947975720793,0.5485108852255609,140002167887.56982,1402830.0,132076632863.0,0.009944576488316148
2023-11,4465588.0,3310065.0,872672.0,0.0,8990742.0,0.9299048508110868,0.0,1.2968208241322017,26451130702.0,318840575.0,695630248.0,27465601525.0,0.12929648182838457,0.2859391869028524,0.531468811181412,193553189668.0493,2024352.0,131302674988.0,0.0129842
2023-12,4392472.0,2953976.0,888809.0,0.0,8592126.0,0.9689621360284721,0.0,1.363641529710489,24045130188.0,323571108.0,923472391.0,25292173687.0,0.12884873650361786,0.29463027497040295,0.5224147472066187,189031730875.42896,1690767.0,131974242269.0,0.012193481910613979
2024-01,5649641.0,3239530.0,884149.0,0.0,10061202.0,0.9408647954303735,0.0,1.1294468054625366,22309882714.0,324769177.0,772241374.0,23406893265.0,0.13160421213008483,0.2898744855205632,0.5237616694084397,206750799748.83997,1681030.0,128599614918.0,0.00999565
2024-02,5328458.0,3137285.0,822804.0,0.0,9621996.0,0.9926342111260633,0.0,1.1796747730271786,24940364668.0,289629862.0,791979332.0,26021973862.0,0.1303599735358154,0.278540939032475,0.5388606352985661,193694521079.69974,1765238.0,139237839783.0,0.00761572
2024-03,6434313.0,3144505.0,834235.0,0.0,10785581.0,0.9377289589299428,0.0,1.1152163476404284,23692216370.0,300163103.0,565938808.0,24558318281.0,0.1437864575088573,0.2693451385519976,0.533892829222918,200661460879.59998,1959143.0,140936216618.0,0.007453
2024-04,9336957.0,3834403.0,1026743.0,0.0,14587830.0,0.9519734528781569,0.0,0.9853432995486336,24653407546.0,273116385.0,650592001.0,25577115932.0,0.12723503485115298,0.28771068808400163,0.5341785384374118,228444298175.24063,2314952.0,136242524129.0,0.00823
2024-05,6003000.0,3451752.0,861020.0,0.0,11015014.0,0.9260978469015432,0.0,1.1052927914053101,23854503703.0,275176065.0,577060736.0,24706740504.0,0.13059968644903205,0.2765397769849018,0.5411280171026804,207990053512.65057,2115319.0,131881938161.0,0.010608
2024-06,6699767.0,3706671.0,1075492.0,0.0,12541881.0,0.9656759394076249,0.0,1.159083892599523,23020375304.0,270367413.0,686789146.0,23977531863.0,0.12126297404897626,0.3117154107021596,0.5053589466516103,197644587862.44092,1968827.0,123819271810.0,0.01141
2024-07,5784400.0,3095776.0,1002964.0,0.0,11287659.0,0.9260491378097685,0.0,1.119196930412925,20792745261.0,224755965.0,661308630.0,21678809856.0,0.1323593034267811,0.30349622175852536,0.5165873936794281,214393736618.43033,2172667.0,135574584450.0,0.012577
2024-08,6599660.0,3178433.0,1124611.0,0.0,12564328.0,0.9944384258189206,0.0,1.1446748684052181,26937252055.0,301611370.0,952240809.0,28191104234.0,0.12613126344698258,0.2807577930719803,0.5428757995418364,246433019717.32013,2435817.0,134534176393.0,0.016205
2024-09,5734409.0,3021578.0,924691.0,0.0,11289256.0,0.9636648072472004,0.0,1.1981758964958742,22114629215.0,253257222.0,663136402.0,23031022839.0,0.13292718614371915,0.2692061137424154,0.55004653542995,209947253462.28995,2167381.0,136068682706.0,0.012826
2024-10,4306935.0,3257994.0,884755.0,0.0,10082772.0,0.9892700845980685,0.0,1.2257354037853532,21426912167.0,226573698.0,652674328.0,22306160193.0,0.12990099295123447,0.26112689717111814,0.5651331325485563,216557496146.03012,2343886.0,142517230736.0,0.011
2024-11,4363297.0,3331378.0,1067664.0,0.0,11539802.0,0.9171859844563769,0.0,1.2726905311583427,,,,,,,,194106798769.72012,2484495.0,148098481843.0,0.012315
2024-12,5798544.0,3011765.0,1174235.0,0.0,12991762.0,0.9687234806448082,0.0,1.2534932480573782,28993586820.0,286605509.0,756754122.0,30036946451.0,0.10696339447291044,0.28509893260854086,0.5592569261793502,193965261833.41977,2361103.0,138530528040.0,0.015002
2025-01,4552231.0,2588446.0,924743.0,0.0,11028252.0,0.9389438682514529,0.0,1.217554488895677,22647586962.0,237354817.0,674488310.0,23559430089.0,0.11512828450236626,0.27986165234440363,0.5542926428045142,240824677520.0205,2757456.0,136868496851.0,0.018961
2025-02,5103705.0,2554829.0,927358.0,0.0,11268387.0,1.0167425686807219,0.0,1.2245590251737009,24850256930.0,228443818.0,634918745.0,25713619493.0,0.11792854851980289,0.26806730662233186,0.5648268258754388,238338968844.53992,2870865.0,167135939302.0,0.014341
2025-03,5312976.0,2742847.0,887678.0,0.0,11709038.0,0.96235914534673,0.0,1.1516530986351603,24136936658.0,296121033.0,713706901.0,25146764592.0,0.12179212633080985,0.25595189446548583,0.5693776302162952,225711410739.7699,2703173.0,156652247881.0,0.0143077
2025-04,5962214.0,3377358.0,1023895.0,0.0,12834955.0,0.9587682738993024,0.0,1.1306135899970042,27596917682.0,274466859.0,901811976.0,28773196517.0,0.12128822172879195,0.2670224813381655,0.5649810450290194,239865710248.96964,2516052.0,151856413619.0,0.0146661
2025-05,5296755.0,2790781.0,884405.0,0.0,11960918.0,0.9449465084880403,0.0,1.1166719214791276,26117011806.0,245036981.0,741995811.0,27104044598.0,0.11781225117359881,0.2692420740976232,0.5668136156008844,263360104313.05005,2654021.0,158687061130.0,0.0171793
2025-06,5362962.0,2788987.0,897625.0,0.0,11532847.7,1.032792820475678,0.0,1.1566990648805673,24485789900.0,178167997.0,697108006.0,25361065903.0,0.11759760782164945,0.28216010807154285,0.5663417885878753,259535967416.16016,2574027.0,155953801565.0,0.0104329
2025-07,4559144.0,2835953.0,861879.0,0.0,9218226.0,0.9408867372687034,0.0,1.2749566763289046,20341074503.0,188847924.0,655891725.0,21185814152.0,0.1267055588584302,0.2725824179126406,0.5664176868967372,265354993194.82996,2973883.0,165894007868.0,0.0115134
2025-08,4362462.0,3035917.0,795380.0,0.0,9296712.0,0.9905173547862066,0.0,1.3626504366991972,22998796318.0,284377786.0,729549590.0,24012723694.0,0.1200176222106579,0.29993650100708513,0.5477965370212526,275124543068.81995,3913727.0,176912302730.0,0.0107249
2025-09,4362717.0,3077805.0,795806.0,0.0,9251399.0,0.9504235234939422,0.0,1.3406223357530722,22042667655.0,190738708.0,697696551.0,22931102914.0,0.13119663442630347,0.28157282409028744,0.5495913141755481,299888680249.04004,3941458.0,183379200699.0,0.0111687
2025-10,5412605.0,3326340.0,811568.0,0.0,10824206.0,0.9590664474937985,0.0,1.1797589788471603,22158785603.0,184732571.0,767757724.0,23111275898.0,0.11666347521874926,0.2846450391589713,0.5688241482218491,332522545044.6703,4375918.0,190420724956.0,0.00964054
2025-11,4660600.0,3378779.0,761593.0,0.0,10109001.0,0.9195175161453917,0.0,1.2554955362630738,28036175149.0,225531208.0,1004216107.0,29265922464.0,0.11159919349945559,0.2915963173379369,0.5625460544512704,285074835822.70123,3902498.0,201168875907.0,0.010003523
2025-12,5212026.0,3688850.0,926981.0,0.0,11003408.0,0.9655780527806769,0.0,1.3360884918563412,29054493009.0,260906939.0,1200141218.0,30515541166.0,0.10657930188122294,0.29561807548905655,0.5600694406180927,347112393141.96985,4648856.0,206043240036.0,0.010062
2026-01,5899248.0,3621907.0,814007.0,0.0,11250099.0,0.9104464003289401,,1.1529462947921825,32101050757.0,295693569.0,1421973229.0,33818717555.0,0.11287894651213956,0.2739571300399655,0.5782862888042474,344907716957.0994,4292327.0,212782041926.0,0.0137446
2026-02,5523915.0,3706893.0,893663.0,0.0,11196211.0,0.8856229761989654,,1.2075448914021996,37294066230.0,189398204.0,1673387152.0,39156851586.0,0.10696368268529259,0.26422827982674674,0.5962302055037342,332036808496.6704,4098636.0,234925766487.0,0.00887587
2026-03,10154874.0,4357318.0,1128903.0,0.0,16626514.0,0.8520515997976904,,1.0134466637280233,35358646717.0,280830413.0,1660125769.0,37299602899.0,0.10944927794685581,0.23813380676066484,0.6202957527094825,405358220085.0395,4836468.0,224880758882.0,0.007625756
2026-04,5844003.0,3643413.0,872504.0,0.0,11090367.0,0.9292524070150707,0.0,1.1598062576288055,35474585056.0,317410620.0,1372811394.0,37164807070.0,0.10317174142133922,0.2609596828723696,0.6014508732925329,369655900426.699,4691398.0,234107093739.0,0.012168000000000002
2026-05,5265077.0,3569276.0,795442.0,0.0,10334688.0,0.8937000388874383,0.0,1.2118024704761285,30386202495.0,247253808.0,1013480978.0,31646937281.0,0.10167015883498252,0.24098264212059062,0.6132881300539776,331786729996.2779,4476612.0,216090054668.0,0.010014597
2026-06,6585471.0,3564753.0,841797.0,0.0,11831947.0,0.9356617949339521,0.0,1.1719003924995046,28222883642.0,192660108.0,1215263436.0,29630807186.0,0.09769797015073459,0.27425003088810557,0.5844530193285569,246287050317.89023,3709818.0,205880544613.0,0.008795705
2026-07,4210282.0,3164023.0,684193.0,0.0,8697785.0,0.9080297868993944,0.0,1.2229348846461683,21748173772.0,135001279.0,748403936.0,22631578987.0,0.11874934999205056,0.2495729496048176,0.5958224503356877,248504820273.0099,3705748.0,198421706688.0,0.015096009
2026-08,4826278.0,3381346.0,689264.0,0.0,9608055.0,0.9451113902710989,0.0,1.18769336175294,28817231853.0,185946630.0,1280879021.0,30284057504.0,0.1082976528018681,0.26395199265964253,0.5830050016140664,328645287811.5192,5176365.0,204304517345.0,0.014968025
