mes,admin XP ex-tes,gestoras XP (Gestão/Vista/Advisory),admin XP exclusivos,indústria ex-FIC
2018-07,0.007977850873657627,0.01667503114015807,0.004126472878043868,0.010556967362618885
2018-08,0.007263874272427455,-0.006872745438822957,0.012276697906528623,0.006156903725324657
2018-09,0.0038626624670315165,0.005161516211558127,0.0029790562802049867,0.009428354446108277
2018-10,0.013144325013056285,0.031984007037611194,0.004040848665059267,0.014988673284491823
2018-11,0.007576225568785977,0.007945220074956145,0.008459347035583934,0.007854479398797376
2018-12,0.0009546506824592728,0.006472019819569966,0.0007882547177809539,0.00382793725349139
2019-01,0.02194754627734695,0.02804255155294466,0.015563034116013598,0.014003582973843813
2019-02,0.0030937064395349595,0.001246987710547714,0.005204971249057822,0.003933215101225435
2019-03,0.008208981713817487,0.0026099169361054036,0.011405156193452556,0.006089870316993752
2019-04,0.01616282193963889,0.00956682778362693,0.021659776527699542,0.006665867994737378
2019-05,0.007998483623621488,0.011714857700915245,0.004174864982996425,0.00973326668126384
2019-06,0.020737357728844857,0.01713195311899996,0.015183441832518574,0.011444888137362543
2019-07,0.008731253706808122,0.009229119723599162,0.005535865917197687,0.00928236612645585
2019-08,0.012754362319997629,0.008303556581955184,0.016765576083357187,0.006955141370389662
2019-09,0.009572885586221973,0.009932928779587255,0.009609035841077187,0.009072147883707398
2019-10,0.0033855633243848222,0.008334634833588239,-0.0019239570588554585,0.009167380107931715
2019-11,0.005907889466219498,0.004465857907214226,0.006513905309449894,0.003948716764614902
2019-12,-0.053050286805190194,0.026876847543561882,0.025548813231792818,0.017188782415906552
2020-01,0.006850776396412629,0.01055600076861852,0.007505037123651891,0.008889758170998215
2020-02,0.03636279546383017,-0.013727506396503044,0.05307337695622196,-0.006236395089355211
2020-03,-0.06005779236623913,-0.08867293563010537,-0.052296122172795445,-0.044325392092887925
2020-04,0.02746970889765641,0.023032988848385446,0.031258436571905114,0.015044183527641444
2020-05,0.01877687825041142,0.02293772821173057,0.019541567936393122,0.015040963098767023
2020-06,0.016099088058153844,0.024935118382895423,0.014643121817481288,0.017094565449657196
2020-07,0.01982747060557509,0.027644251045331136,0.01916689165673884,0.01842570073236408
2020-08,0.005027237241123536,0.005988778008519316,0.006715473826140313,0.0030958952405024734
2020-09,-0.009409749548669072,-0.010117588843821045,-0.007830002791501664,-0.005603313515863748
2020-10,4.41589966575906e-05,-0.0009456892981020518,0.0025469686339387515,0.0019354430792175293
2020-11,0.019884240113094337,0.025649262564138832,0.021914132429321262,0.02072553375587236
2020-12,0.020757982964689108,0.019445447541144245,0.02613105594309045,0.021030125593981028
2021-01,0.002339058967451363,0.00249322874721549,0.005280982960844925,0.004179265518534889
2021-02,0.0013072725651315166,-0.0005212831560240243,0.0034998011863736373,-0.0004607800188622551
2021-03,0.006183785232436075,0.004547907232846585,0.011480698747808087,0.009426842566468094
2021-04,0.007507444229566306,0.009199239317482484,0.0069746580422202316,0.009530581666241046
2021-05,0.004618657142495022,0.008441888771831994,0.003796018819936099,0.011054952654258248
2021-06,0.0048325438825219886,0.005573773026723495,0.0033798392605961444,0.003946537636049515
2021-07,-0.006785028822520212,-0.0014173251402522997,-0.004167555217083546,-0.0019253870453205845
2021-08,-0.0006502776566201597,0.0010133961823620605,0.0012229757641248804,3.367207119413621e-07
2021-09,-0.0030398497251790967,-0.004029127758516655,-0.0024827917650711248,-0.003017700630398453
2021-10,-0.01027499628594231,0.00038040851652155886,-0.011422878484964169,-0.010719374251022538
2021-11,0.0007252877111484624,0.00011016148381489217,0.0007596229680160816,0.00457384314478689
2021-12,0.01926564474992109,0.015514227387481852,0.03268655776937588,0.009652133810257826
2022-01,0.0034989838911742956,-0.008025095588733322,0.004902701387941705,0.007612200825617979
2022-02,0.005560339321846871,-0.0001237502981240654,0.006173502640961562,0.0039865550796910065
2022-03,0.01481721079808268,0.009596934916161487,0.013402390716523618,0.01615400530985105
2022-04,-0.0026625802477086304,-0.003977984471892296,-0.0034396152192626467,-0.002405447871095721
2022-05,0.006906621039803573,0.00549386322345811,0.005874835836260002,0.009135031410701943
2022-06,-0.0026654036317205042,0.00010939857298607333,-0.006313836403115045,-0.0017049117896357796
2022-07,0.012400914167250898,0.014094463119159148,0.015693320617327644,0.012903211519381523
2022-08,0.01565989686043835,0.012555678144543921,0.018696708953228027,0.017234340460772903
2022-09,0.01360963816490961,0.004479618542404299,0.02536337195478051,0.008686925908543641
2022-10,0.015893767686059483,0.014473041129083052,0.01202602944632087,0.013979429900297552
2022-11,-0.00850933015817668,-0.003287295174015001,-0.008695918199353014,-0.0015088631092340088
2022-12,0.00197189101560099,0.00408502956921946,0.005759141509421298,0.005841386401351358
2023-01,0.009163790533702339,0.009208859824367414,0.008258150536452017,0.010746311251529953
2023-02,-0.0023968404413414867,-5.649577704030505e-06,-0.0011922644816452443,0.0010589305373101092
2023-03,0.0026437524114589035,0.006977921774633843,-0.0014343475460060582,0.0065945134800085865
2023-04,0.00623505586642876,0.006738732898750517,0.0035702999120525735,0.01415833380664571
2023-05,0.017018387485233398,0.012136080745498908,0.018828884540763806,0.017016720085867854
2023-06,0.012530604630672867,0.01490105318648123,0.010100862057364272,0.016481769373267247
2023-07,0.011680648503189645,0.012164280369716667,0.01377790854009019,0.0133085315475041
2023-08,0.012357723915554017,0.0029049232707001036,0.023581503245198976,0.003846574133986154
2023-09,0.005998860919563388,0.006380725648782673,0.004216726390647876,0.00459767196947
2023-10,-0.00034057415327597715,0.0002420372136130328,-0.0045193513065237625,0.0005343706533904182
2023-11,0.021322274223938578,0.021308984709815862,0.024434462506187752,0.021057663545902584
2023-12,0.011448604447893435,0.013708914860702135,0.011601950473525345,0.017429962053192766
2024-01,0.000749967188724594,0.00377492776462713,-0.004757669974661938,0.0029280978604954836
2024-02,0.009652469453779412,0.009583234899706151,0.010095927479519594,0.007573232453664203
2024-03,0.008189694345318894,0.00859780482308751,0.012139063959184173,0.0092855546224463
2024-04,-0.004074407522382784,0.0005601909122674314,-0.00929235010880403,0.0007153157352139295
2024-05,0.004132516560542958,0.006093244270100573,0.0029957942913074174,0.006524323183818592
2024-06,0.007700003290184691,0.010184734932191963,0.010260336330779154,0.0094948682233639
2024-07,0.01319511871103403,0.013175363589306361,0.013720099008974751,0.011238010560400481
2024-08,0.015359520248468374,0.013071937265012793,0.02046213571282929,0.012315519251274559
2024-09,-0.019855910140257328,0.00556353734894974,-0.05102637057128319,0.0035405810764734397
2024-10,0.012173373120032586,0.009221515432313008,0.01949202172327277,0.0060520335631384595
2024-11,0.0002828454711760201,0.003319350232030134,-0.003773366001035365,0.004779712289901355
2024-12,0.0004973183140646516,0.003989201705383319,-0.0003098980107189972,0.007934148233620918
2025-01,0.01481677487938582,0.013103059701012313,0.017559282715459403,0.012725236400445757
2025-02,0.0036284631558484957,0.006783046885124633,0.00034632414091834846,0.006852964075996623
2025-03,0.015017113501400437,0.011959189967381469,0.014364978095567856,0.008228541347584335
2025-04,0.021623118618532583,0.01563524631017464,0.029542216827250143,0.011426864847558648
2025-05,0.022332241248734633,0.015876774554046423,0.03227852156447892,0.013096645931936905
2025-06,0.010860350105522356,0.011346833648447845,0.008142532519072628,0.012892629003741149
2025-07,-0.0006280315090571374,0.007387582035385399,-0.006050996769323729,0.003369473274086498
2025-08,0.019918561496796234,0.01608022319905821,0.024828765411145447,0.012824323901098835
2025-09,0.012608340329323868,0.01474936516334666,0.011043911559184064,0.014802808721125165
2025-10,0.010221603337111805,0.013796019938079308,0.007480343430907895,0.010328859478505537
2025-11,0.014982111290092892,0.016502633329811306,0.01561613253150457,0.012198937612986563
2025-12,0.011635455860972475,0.010910825629655575,0.014052629274900938,0.011545674210035712
2026-01,0.02434086287347099,0.014524476678741488,0.03389890265871893,0.019420719683426204
2026-02,0.01371590558546373,0.012203928685832768,0.01569391059253714,0.010165182732216697
2026-03,0.0017609591610148623,0.0029393481641148216,2.087753870439339e-05,0.0036473559445208644
2026-04,0.00921684978648848,0.011835799349464266,0.010697097929981008,0.01072900024333291
2026-05,0.0022768768592665322,0.005536308672438294,-0.00028065706168630626,0.004534308160700923
2026-06,0.0064065076974898424,0.005852509772865173,0.006293925582462236,0.008347981085145853
2026-07,-0.00028902240762244394,0.006490116994231697,-0.008778608181742609,0.008612513456345906
2026-08,0.011376610892577714,0.012249072178812598,0.01408662776874548,0.00984246384396076
2026-09,0.014568984693515518,0.0102081999376468,0.02264766287050268,0.011013167709241146
2026-10,0.027163662091390376,0.020402462480802522,0.04703205095018182,0.011541864963168058
