mes,gestor_pl,gestor_cotistas,gestor_captacao,gestor_resgate,gestor_n_fundos,admin_pl,admin_cotistas,admin_captacao,admin_resgate,admin_n_fundos
2005-01,461245245.16999996,236,3532801.0,20269262.71,9,176432688.35,23,2414978.91,2287806.32,9
2005-02,440107521.29999995,231,4425475.78,33422238.76,9,179317194.94,23,1693000.0,2982843.6999999997,9
2005-03,444468942.55,227,6712791.95,8285283.71,9,178213975.69,23,6310488.75,9536419.04,9
2005-04,444934714.5,225,1807384.18,6324651.640000001,9,177432089.7,23,270592.46,2320805.21,9
2005-05,439198235.55,228,5714979.16,17393695.39,9,177467310.15,26,2012051.35,3867911.59,10
2005-06,446184571.53,236,15820723.629999999,15533344.49,9,177720502.03,27,3901690.73,4740809.05,11
2005-07,472962840.53999996,240,25354844.05,5527150.26,9,192300460.24,30,16212968.02,4003710.73,11
2005-08,486352812.64,253,18732576.779999997,13285693.84,9,184732446.4,30,1292618.21,11831944.700000001,11
2005-09,480928749.09999996,262,6469060.17,20487452.73,9,185993729.74,30,535398.37,4654552.4,11
2005-10,496706386.54,265,13450875.07,3711409.49,10,185418289.43,30,126882.76999999999,2759048.23,11
2005-11,508143722.01,281,7699950.5600000005,4598561.25,10,192150775.8,32,6233032.23,3603767.54,11
2005-12,519452500.41999996,278,53844320.41,51282961.81,10,195276864.52,32,1975750.38,2812586.01,11
2006-01,522214839.37,284,1751307.17,9998668.04,10,201383018.68,34,2438485.76,2876088.58,11
2006-02,524638632.97,290,6422234.67,10581920.29,10,200338848.81,34,832104.45,5378715.59,11
2006-03,539078532.28,293,20847591.28,12332936.899999999,10,203824525.99,41,5518760.0,3781281.0500000003,12
2006-04,546720980.77,299,3740934.88,3191065.92,10,207935341.91,42,2202000.0,2050853.0499999998,12
2006-05,548167924.11,298,5781013.96,8426643.89,10,209227121.92000002,43,6881094.01,5893767.83,13
2006-06,555671605.7,305,11218274.940000001,10770920.0,10,210592741.14,44,2049639.1600000001,3440295.7800000003,13
2006-07,568207321.0699999,305,13716567.89,8962779.73,10,212976567.65,44,260000.0,774357.47,13
2006-08,533270981.47,305,2936843.01,44305174.97,10,210906222.5,44,2810111.6799999997,8414985.72,13
2006-09,543948846.92,300,26593125.029999997,21172462.31,11,293077359.83,45,91112114.66,11307478.02,16
2006-10,535538145.19,282,7970020.02,25155480.38,11,292148527.86,46,6443728.14,12195952.03,16
2006-11,544614698.22,262,10414343.51,10036067.12,12,317338602.48,56,31056877.61,10859400.6,17
2006-12,554021813.36,244,14193498.14,13646361.81,12,330817641.04,62,13890114.73,4981275.1,18
2007-01,551801898.96,237,8968786.29,17396858.28,12,356988548.5,62,35747040.7,14455435.540000001,18
2007-02,570663818.38,222,22729797.34,7735807.57,12,394638276.97,69,36500003.84,756485.02,19
2007-03,562803347.41,216,10184798.27,25676871.48,13,514651695.56,76,141970543.01999998,28726785.75,22
2007-04,576069157.51,215,8538922.52,3780839.0100000002,13,517040706.66999996,77,24307708.15,29059608.36,22
2007-05,583590274.71,191,10893618.010000002,12100699.2,13,531872404.88,83,28985260.73,24747689.220000003,23
2007-06,596094326.4100001,181,11320000.0,5748447.56,13,547507408.92,86,8097592.93,2350244.17,23
2007-07,595453540.22,172,6603580.76,14038174.61,13,648893039.55,92,99510333.1,10911400.32,26
2007-08,602382217.13,174,13132314.870000001,9004569.74,14,650082481.04,92,17047125.08,17091939.56,26
2007-09,607178832.32,178,6708147.79,12772536.46,14,646728949.46,97,13672541.63,21008864.21,26
2007-10,618718495.3100001,180,13538983.27,10934754.940000001,15,661118994.32,103,22216539.48,13991969.940000001,30
2007-11,612905309.78,178,8766486.44,16888429.09,15,664608563.93,104,56624954.94,55341833.94,30
2007-12,617142186.65,185,10033928.85,12931303.459999999,16,677841626.45,105,17224361.04,11146965.5,31
2008-01,605365209.53,214,17815718.759999998,32708425.83,16,771733961.98,115,109193593.86,15026718.11,32
2008-02,664952955.97,254,26137066.31,52477434.94,17,820826210.3,119,53262495.4,20199618.0,35
2008-03,674651383.75,301,62782627.37,54247256.86,18,864738052.0,123,69864613.13,19071280.450000003,36
2008-04,762977552.09,356,196200372.58,117165027.03000002,18,878668032.18,127,35838142.18,35368838.39,37
2008-05,798233146.77,430,42245055.64,17195259.71,20,896213033.81,133,16670022.22,14942438.620000001,38
2008-06,648936450.35,487,21513194.42,181865594.95999998,23,992733410.52,148,128785853.96,41941506.510000005,39
2008-07,654420737.8,536,51549274.53,51223230.580000006,24,959453583.74,150,27456878.450000003,59319289.050000004,40
2008-08,662261769.29,585,54584407.55,51186559.59,27,948929798.0,152,34487333.71,39174230.54,42
2008-09,649689504.14,605,31577448.310000002,40962493.480000004,27,976022395.2,151,77294313.71000001,30955801.59,42
2008-10,672263024.54,573,113939754.02000001,86210691.92999999,28,941118419.52,153,76435669.81,93037503.53999999,43
2008-11,655525237.63,567,29073260.439999998,52761945.6,29,918366208.75,154,27923017.740000002,63313346.55,44
2008-12,699621646.01,553,64932383.16,29567736.09,30,976843110.41,152,107328595.26,61911432.88999999,44
2009-01,710855453.14,548,12524388.64,10663632.59,30,993421134.85,151,9421724.76,8589207.66,44
2009-02,722249803.65,551,14839529.55,11277816.44,30,991233018.66,151,28295084.17,39030440.08,44
2009-03,683502324.33,536,9451956.6,55986386.79000001,30,1010763278.95,154,38609328.16,31697929.39,45
2009-04,707885875.36,531,23793344.85,18750051.31,31,1092903131.69,147,70687687.34,20045826.470000003,47
2009-05,698807893.39,537,32553711.02,57127254.49,31,1106230038.23,147,11330058.32,19088423.81,47
2009-06,806228931.14,548,117847918.67,14678485.93,32,1117774886.46,148,26512007.4,26009732.17,48
2009-07,874863611.49,538,113131561.36,60497669.17,33,1132251305.27,147,13964139.82,20652094.21,48
2009-08,951374118.75,536,85185467.98,21234182.69,33,1173567658.32,150,33364852.349999998,8470933.05,50
2009-09,1376352435.2,580,436546506.73,25819207.14,35,1530436800.3799999,157,352786122.81,11177036.33,52
2009-10,1460840250.82,613,95381012.05,19321925.62,35,1632945524.56,166,160007850.17,67094687.019999996,53
2009-11,1510776825.21,627,62118406.74,31339792.48,35,1636629559.13,166,10193567.59,24681799.72,53
2009-12,1535822592.76,658,26177571.21,22399637.68,35,1747741231.26,174,137928379.65,44659258.050000004,53
2010-01,1571903869.3,666,61112315.61,31537126.6,36,1784641235.81,174,29974925.59,10512265.969999999,54
2010-02,1608681558.62,684,49234296.74,20815608.02,37,1895200650.19,178,117050163.95,11016979.02,55
2010-03,1675580360.31,839,72197681.63,25508552.24,38,1921242195.46,180,30699086.52,17134170.8,56
2010-04,1722581251.13,957,68775406.2,32758794.369999997,38,1918048303.89,181,27647872.060000002,34185959.56,57
2010-05,1729450475.76,1177,56637762.65,61762213.37,37,1893596622.5700002,180,21559375.830000002,58319391.37,57
2010-06,1802153798.32,1420,74638866.7,13904241.91,37,1904961549.5,181,16143039.13,21575409.54,57
2010-07,1889237969.6000001,1692,88940494.52,22545844.0,39,2002677922.97,185,92262001.1,14481968.96,59
2010-08,2026505735.6100001,2394,158207982.53,36717031.11,41,2043660985.26,186,43265032.74,18726334.74,60
2010-09,2062838776.1299999,3046,126498978.11,38910552.17,44,1979114165.81,192,63629080.660000004,68967669.09,62
2010-10,2721145018.95,3770,632132502.46,33445625.53,47,2209281085.09,199,202632444.77,15495683.06,66
2010-11,2797758612.09,4502,246732921.29000002,197120886.35000002,49,2200914224.53,198,9434345.129999999,40591802.949999996,66
2010-12,3065323549.66,5149,278121338.62,60318537.410000004,52,2295129108.2400002,201,115739410.18,44972014.160000004,68
2011-01,3204121676.87,5794,176506364.97,38055586.42,53,2281554202.77,204,26325830.82,50724092.730000004,69
2011-02,3167404618.6,6204,73322254.6,140837569.95999998,53,2320636975.61,203,43664534.55,21381025.18,70
2011-03,3299253477.8300004,6453,170204431.61,75493498.25,54,2780990091.74,211,581869168.42,154611849.11,74
2011-04,3472780041.18,6678,284382001.06,126551426.06,55,2944459629.05,215,149770591.28,11589380.129999999,75
2011-05,3698514047.07,6934,239980268.21,43142837.65,55,3217930016.39,223,285400267.06,31146886.119999997,75
2011-06,3716783472.39,7093,133643073.98,125500900.39,56,3263137068.21,221,128944047.32,100718883.51,75
2011-07,3657834923.75,7098,110634283.3,173833034.31,58,3320450457.45,224,62607194.85,11372101.88,77
2011-08,3751433161.72,6917,108778073.69,63730391.8,58,3472874665.89,221,76687421.28,25362911.49,77
2011-09,3744864652.68,6963,128076932.23,194704681.79,60,3515305380.36,221,33625158.28,17790534.919999998,77
2011-10,3922798522.4700003,7122,158638102.2,39957103.67,63,3638641458.75,222,91898621.22,15321236.24,78
2011-11,4007910753.61,7363,160766593.51,111101346.73,64,3656199474.0299997,202,78589568.46000001,84981656.67999999,78
2011-12,4763324868.61,7498,209139541.32,70730353.83,65,3993116332.52,221,325103149.15,32898907.37,80
2012-01,4875094461.42,7890,89081247.72,57350405.48,65,4100029137.99,221,59448193.65,17650163.29,80
2012-02,5083126051.91,8051,195804033.83,59777310.54,66,4153272026.31,222,13553622.58,26395197.66,81
2012-03,5180837361.44,8408,127570658.8,95361855.81,66,4234532695.5,223,56669432.93,18613229.919999998,82
2012-04,5327500795.42,8627,218117539.95,168810410.74,69,4356554893.97,227,122695469.09,49358074.15,85
2012-05,5519908246.7699995,8883,349800256.16,192383976.32999998,70,4484410627.88,228,198590009.91,82609855.27,85
2012-06,5565745250.16,8942,214996337.29000002,171504138.08,74,4888393638.29,252,408218445.78,36610355.28,92
2012-07,5629983587.01,9211,172149809.48,205155136.51,74,4895945838.61,256,75216175.4,131825327.86,92
2012-08,5890049806.21,9640,336534940.83,135050830.0,74,5072378820.22,255,177520497.07,35478331.57,92
2012-09,6001610946.53,10177,268103340.18,182598738.05,75,7990967821.96,258,2925830801.15,54012049.29,95
2012-10,6136206274.32,10905,287225996.83,236044338.92000002,79,8302211519.48,266,308912223.18,63828505.65,100
2012-11,6126052571.53,11457,250189308.6,259835407.16,82,9345408237.779999,269,1118093819.56,123590191.45,103
2012-12,6271684757.01,12866,286161092.02,284913011.65,84,10362622831.7,269,1291721818.87,356537273.41,104
2013-01,6508898039.03,14734,196745066.89000002,158776850.99,82,7116254589.59,269,65356520.61,3367308934.76,105
2013-02,6999671069.75,15766,568008257.0,107671805.33,85,7229576388.92,272,131195733.06,42971216.68,108
2013-03,7242115923.13,16859,467748342.28999996,200637175.15,85,7236284198.33,275,209546454.21,235432990.59999996,109
2013-04,7883230165.39,17065,1064803614.3000001,487980117.22,87,7921282101.35,282,1186463352.78,524396176.66,112
2013-05,8108836061.71,17719,2418740506.16,2169884506.83,90,8442203397.9,284,2892012741.37,2344464849.49,114
2013-06,8064519945.21,17431,2456246064.11,2361485336.02,90,9532338504.61,284,3069930549.61,1961962710.48,114
2013-07,7800915800.5,14214,1175947920.83,1505000555.4499998,91,10150697649.56,288,1822872659.3700001,1286707058.1,116
2013-08,7911929865.45,14034,1282079531.52,1159683378.75,90,10276759882.19,289,1684168115.64,1625231437.22,117
2013-09,7915871385.05,13782,967930258.56,1040269947.06,91,9474895696.45,290,828535440.3299999,1667353941.6200001,117
2013-10,7918242130.58,14063,1560749928.15,1652578969.87,92,9292310767.54,291,1788447350.22,2058044766.94,119
2013-11,7931802610.84,14129,1048456956.42,1011982849.19,92,8827704918.2,292,911257628.8799999,1447235754.32,120
2013-12,8685256396.72,11779,2465176362.3599997,1705059139.76,98,9333032823.26,294,1816604130.0099998,1303636231.57,123
2014-01,8641003017.06,11450,1620414795.72,1598884974.8899999,99,9726437317.18,297,1853378530.96,1468355135.1,125
2014-02,8177364202.61,10871,1132754219.34,1703306412.82,99,9337668910.18,297,1011402747.42,1550462435.1899998,126
2014-03,8007320530.97,10558,1166176473.25,1431775830.5800002,99,9600448484.25,300,1446434962.56,1391435286.27,127
2014-04,8509497309.17,10229,1616165193.46,1218160791.99,101,9578075961.33,303,1551937155.2099998,1768054177.34,128
2014-05,8501055712.57,9928,1864424823.8300002,1987419747.94,102,10017828734.32,305,2211406859.81,1907114934.91,128
2014-06,8556101579.07,9606,1888133678.9299998,1970027726.3799999,103,9725331649.53,308,1727039939.98,2109942360.28,130
2014-07,8969969718.58,9727,1838609749.32,1473421200.8600001,104,10108269592.58,308,1787591776.6200001,1490797956.1000001,131
2014-08,9336950649.54,9457,1585755162.88,1407939838.36,108,10851711325.38,301,1952553725.16,1293035796.99,135
2014-09,9139426714.11,9811,1913656322.43,2039776180.57,110,10725934435.19,302,1586387232.0600002,1836369695.69,138
2014-10,9112930887.21,9764,2898810534.5699997,3018070548.41,111,10989755270.34,311,3090692695.38,2936611793.5499997,140
2014-11,9442647984.81,9747,2295407477.5499997,2150389005.35,112,11123683465.369999,310,2280306972.16,2319259216.65,140
2014-12,8787078252.35,10859,2295816335.93,2906303239.08,112,10654674431.22,310,2207832153.08,2772577264.23,140
2015-01,8637878218.59,10874,1482022453.27,1589307541.97,112,10846808793.289999,312,1623905023.6,1395615345.52,141
2015-02,8492609625.7699995,7406,1268021661.1200001,1498336136.08,112,11356211389.49,312,1623931007.45,1316716310.6499999,142
2015-03,9178895734.69,7681,2232366381.42,1628234180.49,113,11637831352.4,315,1656320623.55,1620910694.79,144
2015-04,9539510669.52,11574,1772176674.2400002,1577812479.76,114,11939895737.84,320,1718560700.8200002,1420359556.19,148
2015-05,10312383828.66,12321,2200437412.75,1475856370.85,114,12563534210.92,319,1751691212.1100001,1331332899.0,148
2015-06,10068549221.64,12288,1628859326.98,1977527959.96,117,12396140994.51,322,1763693087.54,2042072982.46,150
2015-07,10384341430.39,12301,2034310142.8500001,1850500966.67,115,12914264519.69,323,2016817941.4999998,1818562131.81,150
2015-08,10296439524.16,12374,1126218236.12,1215911548.37,116,13816497956.97,324,1946790879.79,1036217897.12,151
2015-09,10877540881.15,12862,1979640508.45,1500529225.02,120,13448302986.57,326,1677420702.03,2262335547.11,156
2015-10,11084881990.44,13509,1518644080.49,1440924783.48,121,13651277722.14,329,1396176553.56,1226099547.42,156
2015-11,11165703488.210001,14286,1600074278.23,1623827613.43,120,13399248528.59,325,1485254862.9699998,1870431654.05,158
2015-12,10923868943.72,15318,1429632302.92,1792487898.3700001,124,13172638315.15,339,1387469599.75,1808673946.73,161
2016-01,11056290461.85,10938,1776679975.6200001,1763643354.3000002,125,13359132916.03,342,1584708281.2799997,1655175886.8799999,161
2016-02,11220740102.93,11491,1556125826.9,1554034187.38,130,13344916476.07,350,1194045255.22,1261087289.72,164
2016-03,11842472203.17,12870,2006464165.8500001,1542968081.46,134,13480232976.64,357,1362347273.5500002,1138182584.71,167
2016-04,12128828146.45,13784,1671844770.69,1561303456.78,136,13537894944.18,363,1215253407.1200001,1254813748.82,170
2016-05,12452050134.04,14496,1685875980.8200002,1373970663.44,138,13881027281.35,374,1248866400.98,1078799582.88,173
2016-06,12811579849.42,15411,1966774348.68,1781797337.59,142,13716474150.24,375,1210627872.21,1400995646.5800002,175
2016-07,13979702215.07,16581,2575049945.05,1648479569.39,144,14533281543.28,377,1757673794.22,1185835360.22,178
2016-08,14302294063.08,18332,1887202752.53,1643069091.02,144,14892554570.13,375,1108269968.1000001,910052880.59,179
2016-09,14877733185.130001,22504,1843536909.38,1405823180.44,145,15260461622.33,379,1161105747.34,966804978.44,181
2016-10,16615250296.58,27192,3629326659.05,2265203161.98,149,16528127399.949999,380,2425923429.8700004,1449062996.44,183
2016-11,16823832430.92,31142,2113813282.05,1965448213.01,148,16680016866.53,384,975291633.92,971467278.68,187
2016-12,16957759010.199999,34098,2683496235.09,2721146650.7999997,145,17106460354.54,392,1967056464.9499998,1782619721.1200001,196
2017-01,17869983808.36,39670,2320553206.29,1682183758.44,148,17470832623.47,405,1272963277.1,1122316764.21,202
2017-02,18505393036.18,48354,2775293905.61,2485787485.99,150,17786948395.09,408,1280739119.2,1317565560.59,202
2017-03,19515316600.13,56740,3406301171.91,2378352659.21,153,18437532194.97,414,1513032992.3899999,983358143.33,206
2017-04,20382090330.9,61508,2617109712.48,1857240711.53,157,18796633399.95,423,1007790623.3000001,859881126.4,211
2017-05,21875188835.57,64910,3996068432.75,2568765338.42,158,19050202723.61,436,1561797670.77,1312169964.5,214
2017-06,21448448413.85,63747,2267891487.95,2873654735.15,158,19030552937.12,441,1186652346.5900002,1395906658.1399999,217
2017-07,21508236618.66,63589,3091603347.5,3466087481.6600003,158,19529571403.68,445,1652281214.4199998,1484856201.18,219
2017-08,22229609029.34,66723,2977778910.39,2684744993.05,163,20014174270.89,456,1619071424.81,1454969966.97,224
2017-09,23824339662.93,72244,3706997825.16,2643101334.8399997,165,21431127297.52,458,2400367636.7,1476096198.64,226
2017-10,24535088908.03,78317,3279233798.12,2799622819.02,166,21694973830.89,461,1902634450.95,1714819626.93,226
2017-11,23849238675.6,81959,2314175348.36,2760532558.75,168,21295058805.2,858,1355827289.99,1738224574.79,229
2017-12,24767963566.43,84455,4034069983.33,3533409255.7,174,19571376541.28,1379,2051575400.75,5188098028.86,234
2018-01,25280439943.82,96222,3198701461.71,3290119431.6400003,174,20112597856.99,2526,1187420283.9099998,1214571059.22,235
2018-02,25509827889.95,101143,4012229340.06,3927835220.64,177,19689218953.79,3311,1395765690.4699998,1881382819.15,236
2018-03,26976857807.94,109386,3653920106.22,2504418906.11,184,20157642060.66,4811,1761581994.81,1268532798.5,239
2018-04,29107465781.39,122793,4273662980.61,2416312405.9500003,187,20754700518.02,5695,1520387040.71,1212088377.86,243
2018-05,30370525276.73,133462,5178936370.95,3534784373.77,188,21067058662.0,6189,2093847948.5200002,1573481997.18,248
2018-06,30945134458.85,134467,3862731996.72,3442804288.82,192,20997172844.27,5843,1679678492.34,1826139291.32,253
2018-07,34190606319.29,136839,5715324918.65,2970570167.43,196,23153084752.36,6041,3208806040.67,1355375270.69,256
2018-08,35213149471.2,141642,6483917284.85,5268531480.88,201,23513401034.96,6427,1517754014.08,1337425259.31,259
2018-09,34540736526.9,143889,4986469984.31,5845105947.14,209,22983163110.31,6206,1778365601.23,2399271924.02,265
2018-10,37510953174.98,149574,6466882378.92,4582601491.46,212,23619696419.45,6425,2005312543.65,1671879874.3,268
2018-11,38247432237.36,155161,4607596113.53,4165540400.79,212,24152521213.94,6910,2319220239.7400002,1965343593.1899998,269
2018-12,39728483864.54,160481,6489561262.400001,5300913868.01,221,24483059180.27,7441,2158161543.05,1876941983.06,271
2019-01,42242662254.43,168261,5169454679.17,4650436106.66,226,24939310344.39,9329,1546893180.99,1627985091.24,271
2019-02,42032840069.63,175928,5545799892.62,5850807251.58,229,24742733047.17,10606,1536837627.6100001,1810544188.2700002,273
2019-03,43089941914.37,185225,6616901077.56,5697321110.49,230,25047430441.41,11497,1594000983.27,1486418471.7,275
2019-04,45181500540.0,197964,8019424982.77,6393067473.17,236,25002694935.75,12082,1690788365.95,2159869095.39,280
2019-05,47548711989.81,208664,10085026109.99,8278450883.030001,241,25657339200.93,12523,2400223303.12,1945676842.84,283
2019-06,50363051806.57,214946,8798789591.73,6752525262.74,246,26406228388.51,13591,1937087970.39,1720332302.07,286
2019-07,52639340430.95,226369,15828085401.470001,14034367634.68,253,27726461521.76,15984,3489291018.59,2399916240.89,292
2019-08,55132151111.77,239264,15481253625.38,13486055252.57,256,27591102122.87,17429,1634175123.05,2123141293.15,294
2019-09,57273672837.270004,248791,17978705538.030003,16386155540.480001,263,30812106773.68,20012,4633493164.92,1741052750.84,298
2019-10,61629836384.31,265554,22402133066.989998,18514896046.47,274,32639768339.03,28681,4481403018.54,2759788520.15,312
2019-11,59251053210.65,277411,15291553952.760002,17978914265.54,284,31000005436.9,33632,3538396160.48,5369919467.82,324
2019-12,65210561162.51,294928,21812211845.77,17471838767.93,307,30617798068.82,42545,3821302906.3,2570381023.54,341
2020-01,68744435052.62,328781,23677878654.55,20922205141.53,312,31665235679.29,50773,3497378375.22,2659228781.04,346
2020-02,71456725309.53,360454,21874512266.4,18480126697.98,323,36194458322.48,59931,6125555096.32,2745987447.09,359
2020-03,67314807749.99,357117,25685761159.99,24306377477.16,329,35905720893.32,58445,5290123679.61,3405609942.9500003,367
2020-04,68917160245.11,358993,17552646644.87,17547455399.73,335,39269884859.26,62502,4990175358.52,2612749578.9,372
2020-05,72941574166.9,376823,16807708824.99,14421762269.65,340,42357663843.24,67198,4447813247.43,2123200025.6100001,376
2020-06,78577996480.18,394207,22497663842.43,18855182599.27,348,44104986219.68,73679,5314305692.76,4248934053.36,381
2020-07,83909863431.64,437475,32581797498.68,29435134874.239998,356,46348922353.21,84483,7035938083.7,5738154945.870001,386
2020-08,87124508462.81999,512229,24286860268.940002,21829770425.73,373,47014069649.34,110443,5782833298.06,5350880260.46,395
2020-09,87177837863.21,553413,23721548554.3,23180109204.4,377,47334176353.38,134272,5304323971.19,4531282748.12,397
2020-10,91438823000.12,577751,30098647096.57,26344595600.79,396,50250046038.32,146824,6403960545.55,3631767986.08,408
2020-11,95487527612.14,595026,24429244816.5,22730106142.18,414,52613085588.22,160629,4742254289.01,3429135706.94,418
2020-12,102360164676.26,628503,23436804996.94,18710563551.89,446,55524248198.63,180014,6748662129.15,5026125150.4800005,431
2021-01,107116416304.09,667842,25893344911.98,21994598510.89,458,56932652016.340004,197295,4986086853.36,3709059959.33,439
2021-02,109522728132.8,702476,22803209768.8,20621278594.670002,474,57377487152.93,210634,4952741867.28,4594907042.99,448
2021-03,113890437690.53,732653,41842881481.64,38367177304.11,493,60063113764.38,226351,7093360678.71,4762726177.58,461
2021-04,118234503716.94,770811,24002783705.22,21098398945.02,506,63471969409.7,245902,6799233723.97,4083130641.5299997,474
2021-05,121551042654.2,797649,35037536091.009995,33181175293.2,524,64953618202.98,261780,6224560123.51,5288578931.75,491
2021-06,130168267030.15,826647,32703817285.04,25478347351.01,549,68231016512.94,283009,7739056697.51,5001842692.89,513
2021-07,131971820593.16,859072,31087405553.25,29803968186.71,559,69082338368.25,302187,8375755213.05,7057091104.56,521
2021-08,131003142618.87,866137,25745698094.55,27581070104.23,577,67789409516.83,307356,6713239236.9,7987343143.69,540
2021-09,131997391205.0,876077,33138557764.469997,32675533424.13,584,68702593693.32,314585,7233568407.44,6173826337.54,553
2021-10,134699844675.42,882345,39363999702.52,37231702148.630005,599,68912041663.58,318879,6833996555.429999,6192601306.38,568
2021-11,135278714102.25,883791,18208728660.11,18373272873.82,605,68629795534.88,317783,6279446599.82,6716706488.29,584
2021-12,138162814907.4,886352,25882645959.05,25577973926.03,617,70383407558.34,322640,7450245165.660001,7024324675.85,600
2022-01,136064087145.85,879617,23148848313.51,25072808194.19,627,70939790384.09,330291,6536374906.2300005,6515052735.679999,616
2022-02,136057752277.94,872767,18793482036.94,19635696753.469997,633,71507989150.07,333843,6427971830.32,6246011853.91,627
2022-03,137465077723.03,867994,32454539033.2,33256756661.8,642,73599735031.66,341415,7909738888.139999,6878053071.86,642
2022-04,137433357783.05,872858,15115886524.91,15159127313.09,645,72877787567.09,345334,4791913348.62,5485284121.7300005,656
2022-05,137429568791.05,867246,12378662948.25,14085182106.99,647,73221965112.54,345912,5214842022.55,5356614313.57,660
2022-06,142645797927.09,955657,22662333378.95,18456333533.04,656,75648619871.54,437879,7395067208.39,4978853725.339999,673
2022-07,145245575707.68,949701,15830910864.56,15819176071.9,667,76565054842.94,438215,4577367576.76,4601248736.059999,685
2022-08,150349982284.54,961650,22699880557.64,20061199755.55,661,79479970725.62,449107,6119415067.3,4483401766.2300005,685
2022-09,150907860254.92,957323,21318350953.23,22539772823.39,658,79469575447.79,444454,3962966743.78,5069720821.64,690
2022-10,154451809459.22,938873,19736210035.29,18741989579.29,659,81246328301.32,429255,4316321380.7300005,3804544654.0099998,695
2022-11,151416237120.43,929658,27755679929.56,31363487013.87,661,79077008388.28,417314,2198371080.92,3964405012.53,699
2022-12,149288040984.28,925721,25649624517.53,29292151364.4,664,77743075875.46,407813,3270853928.3,4814355734.44,706
2023-01,151318593858.36,923355,25040447449.98,24431529624.82,662,78757375941.95,400592,3230988440.5699997,2958462611.07,717
2023-02,149272391816.37,904531,21160799315.57,23671394349.510002,661,78825936169.17,395439,3408428098.4100003,3148345347.81,717
2023-03,145870544420.34,891610,33668541027.62,38958793578.340004,651,81827629160.18,388736,5967941039.88,3169789858.82,716
2023-04,145194270571.52002,880565,26914017946.74,29031632651.16,650,83639336666.4,382664,3248649225.38,2017726979.93,719
2023-05,146087658459.57,871412,36123041744.83,37510629314.14,646,85570784251.78,375237,3948913367.41,3427562887.57,722
2023-06,148587000736.25,867416,26839409402.68,26907121957.79,639,88140005028.83,374251,4658391300.4800005,3162096232.1,729
2023-07,150565627535.34,862374,26409923469.280003,26708205825.46,638,90336833777.41,372242,3733292458.8,2621674861.77,732
2023-08,149954461373.54,847675,29855131079.57,31889028678.73,639,90627940205.75,366608,3673597915.13,4524876329.89,739
2023-09,150541419390.11002,837039,26113698081.49,26753907463.23,632,91121721659.86,361166,2703926865.95,2756329459.16,737
2023-10,149245898355.27,826300,37588650911.69,39848680018.42,625,91311052540.29,361795,4270129836.2799997,4058277878.23,735
2023-11,148891746930.68,814054,25091549708.57,28602826143.829998,622,93195888138.87,361419,2660315527.44,2721558708.4,745
2023-12,151051355977.79,823510,32735112794.0,34228271907.01,629,93471052564.4,376077,7439580136.14,9313198826.51,773
2024-01,150481139590.08002,824041,36784057911.48,38898025249.94,625,93465564485.44,379236,2347741367.54,2438427542.0,769
2024-02,149012658192.94,819887,30052465151.34,33303329251.82,624,93322497726.62,377290,2778719344.07,3675384120.19,767
2024-03,145915252480.67,814387,34218177079.57,39247839161.11,620,93226176490.51,372970,4256899416.7999997,5149650822.22,762
2024-04,145733510210.65,816450,34006315524.18,34767241629.88,617,92992560353.87,376693,5040294400.77,4932073905.4800005,771
2024-05,145626478859.59,808097,35901335687.43,37187713393.549995,618,92033017078.53,371235,2585912921.92,3957169380.59,776
2024-06,149235406736.48,809022,42729916673.15,40987198863.5,614,90577841065.84,365669,3558847544.6,5743547965.26,771
2024-07,150111991173.76,807539,44551992507.17,45954477858.85,607,90964878553.58,360293,3720035145.18,4647649910.91,762
2024-08,156671391796.63,805098,45100821211.01,42615605168.66,601,94134078740.2,357128,5390678309.16,5138729030.5,756
2024-09,160819684180.77,806136,46709304745.93,44086953020.87,584,94455491298.98,355150,6332084545.31,4093472680.07,753
2024-10,161246228027.4,814512,46336351926.56,48016649045.85,569,93138512300.43001,356564,4142877660.44,6627216036.900001,747
2024-11,163931336988.08002,816355,43445364477.2,42023418374.840004,560,93091370369.79,355198,3614716731.38,3527778187.62,737
2024-12,163890956521.13,814185,47432150129.57,49361260538.76,558,91507150157.53,348465,5572270243.83,7259735931.54,738
2025-01,164236470338.38,807105,45100890077.4,47382397088.89,553,93823728884.29,339995,4492701147.07,3514986205.57,726
2025-02,164274065532.0,804663,43345803280.14,45430157658.57,553,93526310262.34,338069,5400453255.23,5998826109.96,724
2025-03,167407788980.12,797820,49773086184.55,48630425163.86,548,95362886122.72,337163,5760263612.18,5333276073.02,721
2025-04,169450089895.13,786081,44420697715.05,44603153812.72,532,99128291968.29,339554,6671539088.37,4725880375.72,714
2025-05,173161650645.83002,784682,44087022555.38,43361987150.09,532,101113306508.93001,326424,6196773884.17,5040889179.2300005,719
2025-06,179654554841.96,790672,49455584318.54,45711470120.91,538,105206161350.21,317729,11333788988.26,8306086597.14,722
2025-07,187329945022.22,766845,48564008735.9,42142335629.69,533,106584832344.54,289916,9308052164.8,7244117650.2300005,712
2025-08,188149395998.78,765018,48874034836.21999,50449837924.18,522,106811912064.54,304514,9699787241.32,11194526948.79,704
2025-09,190871733355.07,765304,49696353127.19,50629829889.94,516,107492745641.98,300472,7181643123.59,7829327612.97,713
2025-10,195121926918.98,783560,59392676263.52,58224046328.73,516,105749071236.76,307663,11084544625.210001,13922278329.11,710
2025-11,203869273379.19,781598,51139827817.979996,45125786891.05,505,113487023276.11,301813,14019822335.22,7854956729.54,710
2025-12,207440375201.41,785543,70141880044.15,69472490663.94,516,114286013287.84,301579,19291843032.96,20198737313.08,727
2026-01,217110309117.55,823481,76828891303.89,70222720343.75,512,115106920813.72,313271,6868029505.099999,8731596013.82,724
2026-02,219490924535.21,840890,44530966375.76,44315571607.92,507,117265824316.01001,320428,6398745992.78,5591017752.4,726
2026-03,218342713702.54,835597,70819280254.59999,73610658956.52,508,115902090821.23,324780,9762317828.58,11213975230.66,723
2026-04,221453837465.55,838782,50785042357.22,50763067302.42,501,117676925039.41,324813,7249029011.27,6952898363.88,720
2026-05,222054795337.06,846350,51596264806.07,52210355696.36,500,118144508533.86,325504,8432335135.28,8226272991.150001,720
2026-06,222864322191.03,825601,59371807311.36,61994372352.3,493,121524633552.03,334729,9976761551.35,7439311623.53,713
2026-07,229207851562.63,826918,51611154911.38,47071629610.8,490,123300220234.3,339764,9663135407.87,7903242966.17,719
2026-08,227027666117.84,828405,65550167900.649994,71188717970.22,490,124979081726.67,340820,11794120439.67,12105502650.01,717
2026-09,227936989095.59,831436,69084826708.84,70253299235.55,498,128540830403.23,346067,18798560337.14,16351038930.56,717
2026-10,176368964524.15,755191,6145747587.91,6286481747.55,472,127650421394.98,270871,1830714928.3000002,1822238174.6299999,696
