mes,pl,cotistas,captacao,resgate,n_fundos
2005-01,980518566766.18,10883475,109722849336.62,98001776762.67,5945
2005-02,997308999070.13,10818982,87704479351.89,87435327550.43,5908
2005-03,1023861523876.23,10834091,134373869427.91,118501436918.95,5931
2005-04,1030857403825.76,10812098,95001077624.18,97842061911.67,5899
2005-05,1037354751250.37,10717748,96182474902.75,102466712399.66,5869
2005-06,1049316225063.38,10642093,105283230477.59,104478878105.45,5867
2005-07,1071749262259.01,11241133,101277098199.0,94334028821.61,5849
2005-08,1102774617900.11,11205201,114373265282.9,98166153277.97,5850
2005-09,1153127044071.48,11223416,126666896671.4,94015553152.22,5869
2005-10,1170951290580.56,11256322,98888806329.08,94554093836.51,5848
2005-11,1184607019944.85,11255986,100942383777.78,104736109442.79,5863
2005-12,1202034975041.38,11299701,121120215701.62,125833283807.66,5886
2006-01,1263216600698.14,11384624,158371404907.28,123186273216.27,5912
2006-02,1292283379849.95,11443150,111718796402.85,97195867051.92,5907
2006-03,1326138564251.99,11577913,134604525763.5,115328776033.53,5942
2006-04,1345778607597.52,11602125,103322330645.0,99895079946.28,5975
2006-05,1353611626992.18,11631057,126018361536.52,124736658083.65,6018
2006-06,1369300668258.9,11641557,134116272185.55,132325381790.59,6050
2006-07,1389381781760.04,11641154,116176891082.6,113786568847.71,6063
2006-08,1398475614390.56,11617641,118243751185.49,121121920307.47,6084
2006-09,1421193743532.19,11595329,109022807001.20999,106407913042.61,6078
2006-10,1426821904480.33,11186635,139280198835.97,153898999455.28,6134
2006-11,1444158643523.65,11166746,124167459865.98,126840909865.89,6154
2006-12,1463440677502.32,11157565,160927747243.06,163432543886.14,6234
2007-01,1504127140469.11,11196749,158614012357.29,134056964276.39,6284
2007-02,1525484220934.35,11207705,125109035406.66,114777545605.11,6373
2007-03,1543724098968.08,11190778,139689061718.29,140745159116.1,6505
2007-04,1586298669711.6,10473126,160103008572.63998,141919332807.24,6668
2007-05,1623790661087.41,11238025,169171674210.72,157108117040.34,6787
2007-06,1654583754732.98,11303380,162577783753.56,149458303156.77,6979
2007-07,1684507112392.97,11387794,185903929004.05,172963435253.74,7210
2007-08,1676642227698.86,11316086,181778004610.49,196129302247.83,7373
2007-09,1699736151900.44,11314942,133247703435.88,140337765062.19,7464
2007-10,1733706835656.46,11416886,174616428451.69,165422098560.41,7637
2007-11,1733304804614.05,11491600,159978881499.58,170933114587.02,7757
2007-12,1739645889335.77,11499417,179786973157.36,207768993916.24,7890
2008-01,1764445006635.56,11516879,223625740901.76,199392232330.49,7984
2008-02,1790969247015.94,11526627,172898718586.45,176125895457.9,8019
2008-03,1792826749358.27,11514773,190670141580.92,185142126205.37,8097
2008-04,1802009605807.02,11436369,213161507865.43,232081405844.88998,8201
2008-05,1813307664659.59,11401742,188988038891.47,207896921577.19,8268
2008-06,1808070653751.42,11644590,206191625654.46,210525127190.02,8359
2008-07,1784291553417.01,11423163,201366445221.52,222182058537.08,8424
2008-08,1770183349099.17,11375954,177628744793.99,194709673900.46,8485
2008-09,1751387550683.56,11281605,198003721792.55,215569124957.48,8482
2008-10,1681253427796.9,10385244,240077261944.2,288932044668.96,8472
2008-11,1675232690115.46,11000458,194218748677.66,218644554837.69,8386
2008-12,1676069741327.5,10873204,225911024646.01,247461341254.92,8320
2009-01,1707489260048.44,10843694,193052141453.39,183477923814.87,8243
2009-02,1724481540417.22,10809365,159007946982.66998,155910224881.49,8132
2009-03,1746581356149.17,10757371,181307090840.17,180653043700.95,8141
2009-04,1777264178962.51,10800953,192448188877.83,188196082543.83002,8158
2009-05,1811573114237.47,10793450,197116075982.08,189458252429.65,8173
2009-06,1821053934276.48,10792753,210538638952.46,208404762718.66998,8246
2009-07,1861320538008.76,10794688,228941656207.71,209976016399.02,8264
2009-08,1889347399085.81,10808434,203645225993.41,184716162356.63,8275
2009-09,1935295474718.68,10841737,205295708035.56,183159825797.33,8375
2009-10,1959020436460.11,10867288,232512394929.52,221629523080.73,8464
2009-11,1990917640147.11,10883157,223378112596.61002,211323766757.98,8482
2009-12,2015429817474.24,10904021,285506352330.32,277485378613.76,8636
2010-01,2047680170524.72,10920374,227749209097.15,205092219229.91,8699
2010-02,2072341998916.44,10913225,206476119175.34,194618450895.36,8758
2010-03,2116636559599.42,10893759,279209181021.06,259407006343.94,8863
2010-04,2133997041322.9,10865052,238438929692.37,225540493210.86002,8980
2010-05,2140534419842.27,10817629,253183429255.76,252231162895.82,9084
2010-06,2159478574678.78,10794684,234762098040.79,226970961916.54,9180
2010-07,2200097590965.2,10810729,238118809432.62,233348304806.69,9283
2010-08,2219182086207.03,10789887,244169749960.8,240788057409.28,9341
2010-09,2273464877222.74,10781921,276260905539.25,249010463848.86002,9471
2010-10,2323563520870.77,10775675,270449823627.03,241741735292.24,9565
2010-11,2331097879220.86,10758609,268454476754.33002,264653137193.63,9633
2010-12,2362952758816.42,10749281,336266668823.17,342593030838.1,9840
2011-01,2396445207958.21,10739092,283122168735.62,258716900425.19,9870
2011-02,2438769522381.66,10725026,261737955035.07,241238260525.83002,9925
2011-03,2488881811519.23,10739226,293026691766.93,268048802869.47,10010
2011-04,2507007539965.52,10749282,269176744431.28,263765912109.67,10073
2011-05,2522593771354.46,10789485,295912643825.2,298049614206.04,10172
2011-06,2540681833371.37,10778287,284798340328.61,279908040884.36,10291
2011-07,2560839947742.42,10760824,287095146967.32,279788747794.61,10369
2011-08,2592004876471.35,11062284,315304369846.97,310447232266.19,10512
2011-09,2613622629095.99,10812566,292867417494.2,292108344011.13,10572
2011-10,2647172575243.81,10795969,276268969555.4,277244627556.79,10620
2011-11,2683356333973.11,10816223,324088055554.05,307851352560.04,10651
2011-12,2696211166436.73,10855827,381574214189.28,393740390049.99,10731
2012-01,2773760119974.42,10819115,365323042239.25,333288478102.83,10746
2012-02,2822563361327.24,10806036,299895664301.89,279726829263.21,10800
2012-03,2890763774497.41,10794748,371220179596.87,327216634087.17,10829
2012-04,2924580653858.4,10768639,331817142070.08,325476907987.92,10870
2012-05,2930476292185.98,10730907,391816608061.4,393511595656.6,10953
2012-06,2954717861758.18,10729509,367054156878.46,366802621514.17,11031
2012-07,2991124180900.24,10773966,362690774728.44,358358436345.71,11121
2012-08,3032249729170.89,10864939,372437586794.43,357506716271.41,11221
2012-09,3083647301455.59,10908074,392806760082.27,359773304798.3,11324
2012-10,3131389786875.53,10932727,400592358717.31,380109535997.15,11413
2012-11,3179009330711.39,10930427,389901774345.31,360426070163.16003,11493
2012-12,3205517568579.59,11088778,502988368922.14,516763950785.87,11628
2013-01,3293314484066.52,11031795,495061553092.6,427374800299.81,11697
2013-02,3321591394153.87,10992138,430890403185.05,400580634934.58,11775
2013-03,3342494729803.96,10988323,439819472535.9,424841620632.48,11912
2013-04,3366370619520.35,10923375,476619047731.87,475945232176.56,12002
2013-05,3398772387447.21,10953144,482394554771.27,450162622477.0,12105
2013-06,3370830664813.24,10951162,490487143189.0,503955413442.68,12227
2013-07,3397979583711.03,10916551,453662070331.23,456516882500.9,12319
2013-08,3405826737424.95,10940868,449686917551.85004,458231999991.09,12396
2013-09,3413215129448.9897,10986460,416725584726.95,440170471080.56,12494
2013-10,3419446714426.34,11010764,445236169584.08,474087984471.09,12591
2013-11,3405671693235.2603,11022467,446311326892.45,477177686596.74,12643
2013-12,3427543761632.04,11068987,584892960871.09,584506118123.68,12751
2014-01,3421260025215.27,11079578,503608110155.49,507405521096.09,12805
2014-02,3443143731258.08,11105743,504883792806.85004,511275124113.57,12824
2014-03,3489601827491.32,11108042,473321118865.23,454462450714.96,12866
2014-04,3496572292785.88,11078754,458174086691.99,481187866867.64,12909
2014-05,3546795011559.12,11158622,501827800532.17,487822717052.65,12939
2014-06,3590233258842.5,11260796,477532100304.54,464347318990.16,12963
2014-07,3652389998703.2,11337742,564887785518.69,538611579729.32,12991
2014-08,3704606763258.53,11435004,558659650894.89,538135217114.77,13032
2014-09,3715990906674.69,11238239,571350085352.34,559947005556.27,13079
2014-10,3751047797220.11,11319328,596309453465.25,593506689760.95,13066
2014-11,3797295389710.83,11367770,534127192889.28,543609528218.52,13011
2014-12,3758712784151.22,11510863,650207094127.26,672573641111.3099,13065
2015-01,3797157854302.47,11502206,571411387510.41,558185414578.31,13086
2015-02,3860568202889.45,11536762,517130518430.12,508547690656.3,13030
2015-03,3908575754444.72,11653493,587948639777.67,594990906004.23,13044
2015-04,3955500056787.94,11776613,583564827579.34,569556130020.49,13063
2015-05,4021445334727.66,11688818,594388065685.15,573414107526.37,13093
2015-06,4078363407894.31,11780724,613975406379.06,587898809010.66,13122
2015-07,4131878429428.84,11739903,583756528302.01,587577077171.92,13110
2015-08,4160655231218.88,11775727,532100203748.89,518234153476.8,13120
2015-09,4177841814969.71,11791665,535070701409.31,552949027881.7,13157
2015-10,4223449556260.67,11577479,534047881305.37,530049530172.33,13120
2015-11,4222893657588.78,11575123,524185708303.8,564308547169.17,13092
2015-12,4246504795682.12,11720247,683537895192.34,689473794146.95,13217
2016-01,4310459768784.15,11720848,555249991473.34,532345801418.71,13186
2016-02,4358365214669.75,11724875,533813712016.33997,534932418456.62,13155
2016-03,4438057812887.59,11755387,586808585056.96,557597266268.78,13177
2016-04,4504716175443.26,11789594,537808594394.99,530768701957.9,13139
2016-05,4559199697817.79,11824336,575088712519.08,560209539611.09,13145
2016-06,4602758405610.38,11863280,578470083629.27,575694031708.96,13072
2016-07,4690807057764.69,12001012,570490219365.39,551744453270.8,13039
2016-08,4780528608175.49,12021661,628503268176.54,591649534249.18,13045
2016-09,4827319018240.55,12035322,593673777180.37,599103921733.13,13120
2016-10,4894385239302.5,12133146,587894881505.41,581228286195.84,13164
2016-11,4936741002900.28,12177643,621403450221.61,610175548462.54,13210
2016-12,5035229508536.31,12256716,799293644326.49,742776298211.86,13302
2017-01,5181628575912.67,12296832,706869168586.62,626787427891.76,13295
2017-02,5289089718415.16,12397325,590630109397.09,546919862884.97,13331
2017-03,5418079033344.31,12525973,734522067157.65,656934425466.89,13433
2017-04,5445352893845.24,12657410,578989069348.39,587232240603.36,13487
2017-05,5504952988144.53,12804316,744154073301.68,706354286420.48,13597
2017-06,5571265635789.15,12930783,663529590903.74,640166564453.06,13679
2017-07,5701539402086.58,13049057,727051357089.3201,687690043351.22,13766
2017-08,5850236116698.16,13215394,785972487906.76,710876679909.08,13859
2017-09,5940058364340.6,13402743,718157718254.84,690080131327.59,13946
2017-10,6019101728957.42,13544992,731859461563.05,690008960091.66,13971
2017-11,6012503715753.4,13620514,685943682123.14,703244202681.3201,14004
2017-12,6119542831742.2,13740738,875438074172.69,886946591189.49,14184
2018-01,6206299557385.32,13913844,818674098194.53,765523039060.62,14167
2018-02,6266027452140.49,14033077,687185074667.74,656932538080.35,14161
2018-03,6354042304932.39,14227557,793760135297.63,742505113411.27,14277
2018-04,6424743915940.01,14370144,790768418812.35,770972231862.23,14328
2018-05,6419462681045.98,14473255,834856554039.53,807064924972.51,14417
2018-06,6416236010995.31,14492261,820495904525.05,840150787196.26,14456
2018-07,6478364423212.01,14565584,817265427894.46,818047298969.35,14517
2018-08,6540654010840.5,14688088,865640350805.1,836097320453.08,14603
2018-09,6600190498652.4,14794262,740626384349.64,731962871641.54,14644
2018-10,6703608072394.46,14916005,865870665641.8,847594407944.89,14707
2018-11,6733922452542.32,15111770,815238491997.09,832789305039.1901,14773
2018-12,6810903994115.82,15335548,989644032686.78,945144408141.8099,14982
2019-01,6937490112960.55,15511483,895305512871.15,870152249429.49,15004
2019-02,7001780293888.38,15697208,837880563006.74,801836413684.85,15068
2019-03,7063660032318.51,15867643,818296493312.43,792599460211.62,15168
2019-04,7100523504580.5205,15991155,853609185833.1901,864685930851.57,15324
2019-05,7201457996448.18,16207247,960001237214.31,928294027046.59,15480
2019-06,7327441801468.45,16454582,906128787882.23,893891281885.57,15592
2019-07,7464002927093.91,16892678,1078120788505.81,1005482316652.86,15731
2019-08,7544468825621.27,17353393,1012311833354.99,974046600168.71,15880
2019-09,7684411829506.33,17752779,1016891932237.62,940406214648.48,16058
2019-10,7837676565252.5,18545408,1210017016208.99,1174879807731.04,16262
2019-11,7832653166059.37,18510005,1074718080849.4099,1062167724189.49,16480
2019-12,7931625805936.47,19097493,1347443891445.37,1370490026960.02,16829
2020-01,8031240095823.03,19765944,1177319460901.76,1134193154550.28,16977
2020-02,8026064308566.05,20175976,1009510436008.95,974654528889.84,17191
2020-03,7605028412549.09,19921913,1226318665071.68,1307127653546.1099,17386
2020-04,7588910467606.22,19837634,938483978476.3,1070979423699.01,17510
2020-05,7680774240734.8,19976324,876385790663.7,890980685360.43,17642
2020-06,7882661360376.59,20249109,1029108449765.6,950440951946.33,17932
2020-07,8150291626121.72,20737396,1214613707255.43,1087587126594.78,18141
2020-08,8288302523333.95,21147090,1152690773534.46,1024945451652.03,18363
2020-09,8298513811095.86,21340815,1125642051195.8699,1067066438704.56,18571
2020-10,8261646849491.4,21338846,1050606755501.64,1113319517148.01,18805
2020-11,8413076798643.5,21244797,1022513430205.16,1039808813816.94,19096
2020-12,8616037488800.82,21446111,1346765566822.98,1313863453992.98,19528
2021-01,8692357071975.58,21693425,1163303481279.82,1131119298840.72,19670
2021-02,8759126287086.9795,21890280,1059179852797.4,988645022599.08,19930
2021-03,8888573629822.72,22093357,1289188760451.65,1226734698501.07,20293
2021-04,9004354389280.4,22378188,1209937486141.74,1174407833742.97,20619
2021-05,9163562312499.709,22609601,1264374453812.32,1197487090631.05,20945
2021-06,9281484020971.28,22925183,1368119853937.24,1290865400149.67,21329
2021-07,9342858043674.5,23239852,1342661534858.5,1255875470298.86,21610
2021-08,9441658962124.28,23403251,1470748336205.28,1374425774484.66,21897
2021-09,9448572413695.56,23506733,1408323976484.29,1374554020535.1602,22180
2021-10,9344897299672.31,23686051,1249322280841.95,1269575988501.48,22416
2021-11,9425457648050.3,23768403,1347509536885.08,1314600077659.59,22704
2021-12,9408534453712.36,23972546,1646315220779.1,1757789076859.84,23010
2022-01,9495604992871.94,23901367,1372058806437.51,1363898009697.59,23127
2022-02,9535287409377.45,24065466,1305707987114.48,1314324903216.85,23225
2022-03,9707762863262.79,23885435,1493513790172.74,1482211659907.93,23386
2022-04,9688414189654.16,23672388,1300173085311.01,1304633334130.5,23527
2022-05,9701899906265.46,23286887,1458902813637.71,1428015143555.04,23690
2022-06,9669681949311.79,23665455,1497985946479.65,1519254259594.73,23907
2022-07,9745588405315.7,23700460,1334272015097.18,1380023536152.76,24084
2022-08,9930142329301.71,24010560,1432115260083.2,1411756121056.98,24224
2022-09,9993425806822.85,24384312,1274600090635.92,1303771727055.18,24332
2022-10,10133983091981.78,24706607,1171575891186.27,1171944774377.91,24510
2022-11,10075259224776.67,24828565,1165165479713.87,1213939505715.32,24649
2022-12,9965541618658.61,25207041,1397362308991.3801,1604780027377.28,24814
2023-01,10067333886936.87,25071353,1397427521271.73,1410921410586.92,24812
2023-02,10058529117341.14,24937050,1159204611507.55,1183118774361.18,24858
2023-03,10053724378403.47,24894430,1371786537246.03,1443651035336.77,25045
2023-04,10087609038829.06,24937510,1065597698583.8201,1160155656150.51,25069
2023-05,10174981453489.34,24842144,1305750451389.53,1385397352673.45,25161
2023-06,10312438615282.38,25014631,1302025812009.21,1326694185903.17,25263
2023-07,10473573417397.05,25129473,1263953472998.66,1232798229333.05,25317
2023-08,10575600555998.38,25256923,1349423930127.39,1293648250195.73,25397
2023-09,10625619203214.85,25305501,1183032054816.45,1186728593955.13,25796
2023-10,10606414889464.71,25253281,1238844311518.24,1272764739058.64,25717
2023-11,10804047272603.3,25186063,1236928828582.65,1255856880481.9,25768
2023-12,10893340247007.15,25317568,1410891592244.21,1519202249969.08,26069
2024-01,10998908867544.08,25421302,1375382074542.16,1265635958634.09,25973
2024-02,11136656050515.7,25636441,1240408564588.33,1183306728858.16,26062
2024-03,11255788149347.39,25860014,1355077469136.36,1326675184964.88,26105
2024-04,11277697111405.83,25974539,1460298018903.8801,1445273827155.77,26210
2024-05,11331400575208.23,26015648,1454933517965.08,1472029278307.95,26204
2024-06,11386597450959.54,25919483,1381593845237.14,1390254318355.96,26199
2024-07,11563310008235.75,26098077,1603408912324.43,1555442053579.61,26181
2024-08,11756149080416.8,26242444,1543012993212.98,1527196510283.37,26167
2024-09,11780621816590.78,26421553,1515409348417.57,1543372030916.7,25992
2024-10,11792012294076.291,26508694,1498941770892.92,1560775157259.48,25977
2024-11,11797032703068.25,26500473,1387145382169.68,1439958274218.64,25866
2024-12,11646314263590.77,26186982,1632164200267.11,1869950324370.56,25836
2025-01,11808960127344.44,25849250,1520491612148.16,1493982687481.76,25695
2025-02,11873350298430.55,25824659,1470564717842.96,1494139066058.22,25691
2025-03,11970139847035.66,25829739,1426349697783.68,1429178324410.81,25673
2025-04,12007900623590.59,25770331,1448607048771.54,1552436212691.13,25500
2025-05,12149448233661.14,25776762,1528825862056.8,1527420688506.53,25448
2025-06,12291569969660.42,25759890,1487192629907.77,1490793036026.61,25373
2025-07,12402226090978.56,25708579,1591258603049.95,1541403540755.06,25304
2025-08,12534644003103.13,26069834,1487467890346.31,1519117023923.71,25250
2025-09,12768776820208.17,26176321,1623268424446.3,1573675199175.6199,25202
2025-10,12922794973517.47,26131057,1623649802045.08,1618509481618.3,25297
2025-11,13022561290868.39,26452702,1422020277884.98,1470976067148.1301,25321
2025-12,12918578430839.0,26405694,1950685177605.99,2061781141746.15,25477
2026-01,13353980928354.41,26814443,1638445673128.46,1551666254744.05,25427
2026-02,13549472389063.55,27091158,1551039604097.1401,1486504102783.22,25469
2026-03,13551206946014.23,27200387,1802533369399.89,1786687472497.94,25585
2026-04,13648914117910.959,27253749,1655429300828.79,1680477528442.19,25564
2026-05,13692550776286.541,27313071,1570946971538.15,1600433287322.33,25555
2026-06,13813138136035.23,27250831,1712789221237.09,1709385545231.79,25599
2026-07,13871043158483.6,27455663,1687708864311.17,1731565361465.32,25602
2026-08,14066246049461.96,27535760,1738579137440.5,1685974605520.69,25567
2026-09,14168302024377.92,27343712,1669645309474.48,1721692865949.44,25547
2026-10,14131130059187.29,27297416,290551747053.85,308976942242.42,25110
