mes,fic,pl,cotistas,captacao,resgate,n_fundos
2005-01,False,616473069788.58,1936702,70264358754.39,67401676844.91,3605
2005-01,True,364045496977.6,8946773,39458490582.23,30600099917.760002,2340
2005-02,False,628609874919.24,1919452,56777609201.74,56026657025.18,3539
2005-02,True,368699124150.89,8899530,30926870150.15,31408670525.25,2369
2005-03,False,639793468890.53,1933273,85305787217.03,80197034443.24,3523
2005-03,True,384068054985.7,8900818,49068082210.88,38304402475.71,2408
2005-04,False,640188205471.13,1867785,58382826044.11,63951186899.89,3464
2005-04,True,390669198354.63,8944313,36618251580.07,33890875011.78,2435
2005-05,False,644600090117.93,1895813,58654560354.51,62008768539.01,3435
2005-05,True,392754661132.44,8821935,37527914548.24,40457943860.65,2434
2005-06,False,650413110296.6901,1732706,65189340097.17,65528507267.090004,3438
2005-06,True,398903114766.69,8909387,40093890380.42,38950370838.36,2429
2005-07,False,664478776522.15,2391679,62324777581.24,58902823463.93,3421
2005-07,True,407270485736.86,8849454,38952320617.76,35431205357.68,2428
2005-08,False,681758417009.1,2386006,70564523107.11,62474583870.26,3411
2005-08,True,421016200891.01,8819195,43808742175.79,35691569407.71,2439
2005-09,False,725930415205.24,2410574,90748507320.78,58152765079.13,3434
2005-09,True,427196628866.24,8812842,35918389350.62,35862788073.090004,2435
2005-10,False,738297703270.64,2467386,64367676838.82,60616206742.63,3421
2005-10,True,432653587309.92,8788936,34521129490.26,33937887093.88,2427
2005-11,False,747240304625.58,2487939,64305255027.6,66789153156.46,3438
2005-11,True,437366715319.27,8768047,36637128750.18,37946956286.33,2425
2005-12,False,756279649724.8,2503248,75926317169.09,82038916021.37,3453
2005-12,True,445755325316.58,8796453,45193898532.53,43794367786.29,2433
2006-01,False,797729553451.55,2539990,105339033110.49,82211893068.55,3471
2006-01,True,465487047246.59,8844634,53032371796.79,40974380147.72,2441
2006-02,False,815227242250.55,2552029,71215489882.63,62655124681.8,3469
2006-02,True,477056137599.4,8891121,40503306520.22,34540742370.12,2438
2006-03,False,835327880187.95,2622108,84707063778.75,73718303115.4,3488
2006-03,True,490810684064.04,8955805,49897461984.75,41610472918.13,2454
2006-04,False,847828571076.54,2632109,64284745148.32,62435792469.83,3506
2006-04,True,497950036520.98,8970016,39037585496.68,37459287476.45,2469
2006-05,False,851462703598.57,2646340,79545690373.8,79265264365.47,3525
2006-05,True,502148923393.61,8984717,46472671162.72,45471393718.18,2493
2006-06,False,858094875309.0701,2641527,87441889904.06,89484192410.06,3538
2006-06,True,511205792949.83,9000030,46674382281.49,42841189380.53,2512
2006-07,False,870801778911.98,2640243,72053759174.91,71036750132.76,3542
2006-07,True,518580002848.06,9000911,44123131907.69,42749818714.95,2521
2006-08,False,875113158804.97,2620949,72971866437.25,77835401563.84,3544
2006-08,True,523362455585.59,8996692,45271884748.24,43286518743.63,2540
2006-09,False,892280705253.42,2424278,68185801303.7,66233378797.99,3536
2006-09,True,528913038278.77,9171051,40837005697.51,40174534244.62,2542
2006-10,False,894262040513.12,2393163,86660816433.8,98419746154.58,3551
2006-10,True,532559863967.21,8793472,52619382402.17,55479253300.7,2583
2006-11,False,908457959083.05,2392180,79867042392.33,79258759553.61,3549
2006-11,True,535700684440.6,8774566,44300417473.65,47582150312.28,2605
2006-12,False,919437047565.64,2403148,102186086502.19,106530161135.51,3554
2006-12,True,544003629936.68,8754417,58741660740.87,56902382750.63,2680
2007-01,False,945350307350.66,2433167,100688806398.35,85294277124.6,3562
2007-01,True,558776833118.45,8763582,57925205958.94,48762687151.79,2722
2007-02,False,961242621545.85,2456054,78134149342.98,69205285331.98,3586
2007-02,True,564241599388.5,8751651,46974886063.68,45572260273.13,2787
2007-03,False,972414299189.86,2468051,89552508538.19,92011406024.21,3650
2007-03,True,571309799778.22,8722727,50136553180.1,48733753091.89,2855
2007-04,False,1005346928084.78,2481007,104767873100.2,88930957498.25,3694
2007-04,True,580951741626.82,7992119,55335135472.44,52988375308.99,2974
2007-05,False,1031758101103.07,2520453,108830850029.11,100038872247.61,3722
2007-05,True,592032559984.34,8717572,60340824181.61,57069244792.73,3065
2007-06,False,1052310013662.01,2564280,104382940945.68,95640739180.95,3786
2007-06,True,602273741070.97,8739100,58194842807.88,53817563975.82,3193
2007-07,False,1072396437202.05,2630792,119049549111.53,110470320669.3,3871
2007-07,True,612110675190.92,8757002,66854379892.52,62493114584.44,3339
2007-08,False,1073431253054.25,2627863,119915880466.79,122944335901.12,3922
2007-08,True,603210974644.61,8688223,61862124143.700005,73184966346.70999,3451
2007-09,False,1093572101761.25,2661215,87106291507.52,89552760640.64,3980
2007-09,True,606164050139.19,8653727,46141411928.36,50785004421.55,3484
2007-10,False,1119015440924.87,2757083,115986410023.69,109596077037.98,4070
2007-10,True,614691394731.59,8659803,58630018428.0,55826021522.43,3567
2007-11,False,1119014613461.14,2866272,105905226952.56999,114393863301.5,4117
2007-11,True,614290191152.91,8625328,54073654547.01,56539251285.52,3640
2007-12,False,1128306013971.2,2937584,122202105127.03,142243621663.7,4183
2007-12,True,611339875364.57,8561833,57584868030.33,65525372252.54,3707
2008-01,False,1144879693156.21,2976515,148941021614.8,132032324018.23,4235
2008-01,True,619565313479.35,8540364,74684719286.95999,67359908312.26,3749
2008-02,False,1166164848853.83,3010098,117909417084.97,117725013957.59,4257
2008-02,True,624804398162.11,8516529,54989301501.48,58400881500.310005,3762
2008-03,False,1169662031279.48,3024478,131468130604.95,124506979877.01,4288
2008-03,True,623164718078.79,8490295,59202010975.97,60635146328.36,3809
2008-04,False,1180334281964.92,2996770,147666084695.57,157450484092.16,4385
2008-04,True,621675323842.1,8439599,65495423169.86,74630921752.73,3816
2008-05,False,1190987811903.09,3041994,127994124278.37,139100768646.67,4439
2008-05,True,622319852756.5,8359748,60993914613.1,68796152930.52,3829
2008-06,False,1183076193898.74,3098619,135630070712.45,141475030023.11,4513
2008-06,True,624994459852.68,8545971,70561554942.01,69050097166.91,3846
2008-07,False,1167353929707.19,3090893,137531001178.13,149750280259.01,4577
2008-07,True,616937623709.82,8332270,63835444043.39,72431778278.07,3847
2008-08,False,1158860333082.66,3072335,120516454992.61,130133560603.82,4630
2008-08,True,611323016016.51,8303619,57112289801.38,64576113296.64,3855
2008-09,False,1150111933599.3,3021936,132624068578.9,141016547756.28,4647
2008-09,True,601275617084.26,8259669,65379653213.65,74552577201.2,3835
2008-10,False,1104352189808.88,2958474,166075487383.51,194402660039.23,4684
2008-10,True,576901237988.02,7426770,74001774560.69,94529384629.73,3788
2008-11,False,1109327801711.16,2938198,129311807526.78,137558839012.18,4688
2008-11,True,565904888404.3,8062260,64906941150.88,81085715825.51,3698
2008-12,False,1116893536485.09,2902391,158135285070.9,166926543877.56,4691
2008-12,True,559176204842.41,7970813,67775739575.11,80534797377.36,3629
2009-01,False,1134231821203.48,2903323,130183148186.68,128468572130.67,4679
2009-01,True,573257438844.96,7940371,62868993266.71,55009351684.2,3564
2009-02,False,1146739247359.49,2895276,107341806657.11,104472294215.87,4656
2009-02,True,577742293057.73,7914089,51666140325.56,51437930665.62,3476
2009-03,False,1163989955094.19,2876112,120735572260.51,118559847293.47,4693
2009-03,True,582591401054.98,7881259,60571518579.659996,62093196407.48,3448
2009-04,False,1187273033482.84,2929462,131266936030.16,125662868805.03,4734
2009-04,True,589991145479.67,7871491,61181252847.67,62533213738.8,3424
2009-05,False,1209979442181.54,2918281,131518551117.68,127513150738.13,4759
2009-05,True,601593672055.93,7875169,65597524864.4,61945101691.52,3414
2009-06,False,1214961719464.49,2910486,146911600554.96,146083552185.36002,4826
2009-06,True,606092214811.99,7882267,63627038397.5,62321210533.31,3420
2009-07,False,1243338992423.77,2901568,160184919322.6,146463718233.06,4833
2009-07,True,617981545584.99,7893120,68756736885.11,63512298165.96,3431
2009-08,False,1261795904396.73,2894697,135890471207.1,121746892875.02,4844
2009-08,True,627551494689.08,7913737,67754754786.31,62969269481.61,3431
2009-09,False,1293271290506.14,2886410,136181671160.61,121396683032.24,4920
2009-09,True,642024184212.54,7955327,69114036874.95,61763142765.09,3455
2009-10,False,1309262656743.93,2888450,159385793540.85,151965830915.33,4985
2009-10,True,649757779716.18,7978838,73126601388.67,69663692165.4,3479
2009-11,False,1332134735836.93,2872934,151443908894.52,141488851496.9,4985
2009-11,True,658782904310.18,8010223,71934203702.09,69834915261.08,3497
2009-12,False,1347227774525.34,2851381,188771623142.73,184844091524.94,5061
2009-12,True,668202042948.9,8052640,96734729187.59,92641287088.81999,3575
2010-01,False,1363051271978.8699,2841372,149467864787.38,140395033543.99,5092
2010-01,True,684628898545.85,8079002,78281344309.77,64697185685.92,3607
2010-02,False,1376209552588.32,2827606,136051622254.4,131911189700.91,5140
2010-02,True,696132446328.12,8085619,70424496920.94,62707261194.450005,3618
2010-03,False,1406638227796.32,2804529,191513163160.84,178892292070.4,5217
2010-03,True,709998331803.1,8089230,87696017860.22,80514714273.54,3646
2010-04,False,1419562590994.99,2777381,159630850225.33,149361072520.02,5286
2010-04,True,714434450327.91,8087671,78808079467.04,76179420690.84,3694
2010-05,False,1427197475479.33,2749525,171472939806.77,167410001150.84,5371
2010-05,True,713336944362.9401,8068104,81710489448.99,84821161744.98,3713
2010-06,False,1437799987017.26,2735263,154815977530.21,151378528620.33,5435
2010-06,True,721678587661.52,8059421,79946120510.58,75592433296.21,3745
2010-07,False,1467052808317.86,2757704,156233469568.71,153424647482.03,5510
2010-07,True,733044782647.34,8053025,81885339863.91,79923657324.66,3773
2010-08,False,1478501018833.87,2735314,159176474871.76,158809326614.8,5552
2010-08,True,740681067373.16,8054573,84993275089.04,81978730794.48,3789
2010-09,False,1515485705866.75,2730911,181951837267.33,163961564694.88,5634
2010-09,True,757979171355.99,8051010,94309068271.92,85048899153.98,3837
2010-10,False,1549280536162.92,2713935,182248875962.93,162486921247.1,5694
2010-10,True,774282984707.85,8061740,88200947664.1,79254814045.14,3871
2010-11,False,1552135452869.64,2696111,178056264195.0,174515770456.0,5734
2010-11,True,778962426351.22,8062498,90398212559.33,90137366737.63,3899
2010-12,False,1571353768961.6,2674319,216953863797.84,227945270908.19,5862
2010-12,True,791598989854.82,8074962,119312805025.33,114647759929.91,3978
2011-01,False,1592589313188.58,2656020,185961167337.78,171998773114.31,5898
2011-01,True,803855894769.63,8083072,97161001397.84,86718127310.88,3972
2011-02,False,1619408047255.33,2642852,166672443526.67,155818531015.89,5943
2011-02,True,819361475126.33,8082174,95065511508.4,85419729509.94,3982
2011-03,False,1652657609772.59,2623129,192744815394.23,176555487221.39,6000
2011-03,True,836224201746.64,8116097,100281876372.7,91493315648.08,4010
2011-04,False,1664166159409.23,2609390,177967950474.87,173879278798.66,6045
2011-04,True,842841380556.29,8139892,91208793956.41,89886633311.01,4028
2011-05,False,1671891465225.87,2593750,193504620488.19,197390403371.44,6117
2011-05,True,850702306128.59,8195735,102408023337.01,100659210834.59999,4055
2011-06,False,1680655842917.94,2571235,182669261399.59,181990428000.68,6211
2011-06,True,860025990453.4299,8207052,102129078929.02,97917612883.68001,4080
2011-07,False,1694205352456.72,2545853,188957591612.61,183367603319.63,6267
2011-07,True,866634595285.7,8214971,98137555354.71,96421144474.98,4102
2011-08,False,1716169865006.67,2560270,205647253033.85,200792507879.81,6390
2011-08,True,875835011464.68,8502014,109657116813.12,109654724386.38,4122
2011-09,False,1735083967726.94,2550409,193737023122.66,189574461414.12,6469
2011-09,True,878538661369.05,8262157,99130394371.54001,102533882597.01,4103
2011-10,False,1758910459076.94,2531950,177676677672.51,178462516041.17,6521
2011-10,True,888262116166.87,8264019,98592291882.89,98782111515.62,4099
2011-11,False,1795959088202.9,2540388,219716272142.19,196133542034.69,6567
2011-11,True,887397245770.21,8275835,104371783411.86,111717810525.35,4084
2011-12,False,1803293747513.72,2500978,246879749807.37,257205254225.87,6617
2011-12,True,892917418923.01,8354849,134694464381.91,136535135824.12,4114
2012-01,False,1860296515121.14,2488798,250378982035.73,227743439074.93,6638
2012-01,True,913463604853.28,8330317,114944060203.52,105545039027.9,4108
2012-02,False,1893457158706.24,2477194,192325131500.54,178668889043.66,6666
2012-02,True,929106202621.0,8328842,107570532801.35,101057940219.55,4134
2012-03,False,1943622324657.79,2479053,241925424311.31,207964274589.67,6682
2012-03,True,947141449839.62,8315695,129294755285.56,119252359497.5,4147
2012-04,False,1961687035862.63,2470476,209326504248.89,210351332863.06,6724
2012-04,True,962893617995.77,8298163,122490637821.19,115125575124.86,4146
2012-05,False,1964984776008.68,2437687,253488759847.74,254833729215.17,6780
2012-05,True,965491516177.3,8293220,138327848213.66,138677866441.43,4173
2012-06,False,1982651128425.93,2466748,240570686427.43,241442570870.13998,6841
2012-06,True,972066733332.25,8262761,126483470451.03,125360050644.03,4190
2012-07,False,2005247610368.94,2448786,230258237883.94,231095895294.0,6890
2012-07,True,985876570531.3,8325180,132432536844.5,127262541051.71,4231
2012-08,False,2032695169092.01,2465525,237674293298.28,229883627823.47,6953
2012-08,True,999554560078.88,8399414,134763293496.15,127623088447.94,4268
2012-09,False,2066386580517.46,2425849,244971072455.83,222663529953.38,7004
2012-09,True,1017260720938.13,8482225,147835687626.44,137109774844.92,4320
2012-10,False,2096617757282.21,2418814,252429366908.4,241417073844.97,7047
2012-10,True,1034772029593.32,8513913,148162991808.91,138692462152.18,4366
2012-11,False,2124785880092.19,2413351,243895577644.59,228043072340.85,7098
2012-11,True,1054223450619.2,8517076,146006196700.72,132382997822.31,4395
2012-12,False,2139756008108.52,2387662,321934348932.79,335919762597.98,7169
2012-12,True,1065761560471.07,8701116,181054019989.35,180844188187.89,4459
2013-01,False,2195646474399.28,2374609,318037886073.59,277012733636.97003,7185
2013-01,True,1097668009667.24,8657186,177023667019.01,150362066662.84,4512
2013-02,False,2211043579202.86,2372256,283931018709.46,266738908542.2,7220
2013-02,True,1110547814951.01,8619882,146959384475.59,133841726392.38,4555
2013-03,False,2223805838173.89,2365893,287264521014.59,277825378936.04,7288
2013-03,True,1118688891630.07,8622430,152554951521.31,147016241696.44,4624
2013-04,False,2239688143312.48,2349856,309428898936.0,310355713191.63,7337
2013-04,True,1126682476207.87,8573519,167190148795.87,165589518984.93,4665
2013-05,False,2250342365119.29,2368870,309268126280.52,297477445426.82,7382
2013-05,True,1148430022327.92,8584274,173126428490.75,152685177050.18,4723
2013-06,False,2219339774831.79,2354828,326491482368.1,342453843320.14,7455
2013-06,True,1151490889981.45,8596334,163995660820.9,161501570122.54,4772
2013-07,False,2246085265285.37,2337169,293202787531.06,291537504391.34,7512
2013-07,True,1151894318425.66,8579382,160459282800.16998,164979378109.56,4807
2013-08,False,2251391310345.55,2322053,291089123200.62,295485009248.29004,7568
2013-08,True,1154435427079.4,8618815,158597794351.23,162746990742.8,4828
2013-09,False,2256227325135.87,2306439,262106498196.92,277754574550.81,7618
2013-09,True,1156987804313.12,8680021,154619086530.03,162415896529.75,4876
2013-10,False,2260156493369.55,2287569,283950192848.38,305154309914.39,7668
2013-10,True,1159290221056.79,8723195,161285976735.7,168933674556.7,4923
2013-11,False,2249149306277.41,2277532,288181470777.88,306171461060.54,7711
2013-11,True,1156522386957.85,8744935,158129856114.57,171006225536.2,4932
2013-12,False,2266966418493.25,2207587,384504740541.02,379560024533.26,7780
2013-12,True,1160577343138.79,8861400,200388220330.07,204946093590.42,4971
2014-01,False,2248368808762.97,2222094,319448980336.53,333569372735.8,7815
2014-01,True,1172891216452.3,8857484,184159129818.96,173836148360.29,4990
2014-02,False,2267996612089.37,2209726,337535594413.37,337512273701.2,7848
2014-02,True,1175147119168.71,8896017,167348198393.48,173762850412.37,4976
2014-03,False,2299500902674.36,2197083,307114652121.11,294065344441.83,7889
2014-03,True,1190100924816.96,8910959,166206466744.12,160397106273.13,4977
2014-04,False,2307056090107.22,2161391,287437570948.32,300938530036.2,7932
2014-04,True,1189516202678.66,8917363,170736515743.67,180249336831.44,4977
2014-05,False,2335993151226.49,2172268,310322185424.31,306449036325.05,7947
2014-05,True,1210801860332.6301,8986354,191505615107.86002,181373680727.6,4992
2014-06,False,2366223256591.81,2160853,294257652019.66,284767770727.06,7970
2014-06,True,1224010002250.69,9099943,183274448284.88,179579548263.1,4993
2014-07,False,2412883941098.71,2148150,353994529256.62,332203367393.82,8012
2014-07,True,1239506057604.49,9189592,210893256262.07,206408212335.5,4979
2014-08,False,2441314398737.07,2129583,347859351169.68,336294247746.84,8055
2014-08,True,1263292364521.46,9305421,210800299725.21,201840969367.93,4977
2014-09,False,2437780307616.72,2079833,339797136096.63,336679202343.23,8096
2014-09,True,1278210599057.97,9158406,231552949255.71,223267803213.04,4983
2014-10,False,2458293632556.7,2076575,362810972716.77,360944459148.56,8089
2014-10,True,1292754164663.41,9242753,233498480748.48,232562230612.39,4977
2014-11,False,2493280798102.52,2063996,319339836956.49,312580254214.33,8072
2014-11,True,1304014591608.31,9303774,214787355932.79,231029274004.19,4939
2014-12,False,2451866173463.67,2076734,383953686522.27,402998738274.78,8111
2014-12,True,1306846610687.55,9434129,266253407604.99,269574902836.53,4954
2015-01,False,2471858460499.17,2070161,355109803855.96,349891976822.65,8113
2015-01,True,1325299393803.3,9432045,216301583654.45,208293437755.66,4973
2015-02,False,2512250793662.99,2058302,309420953335.09,307850351204.7,8090
2015-02,True,1348317409226.46,9478460,207709565095.03,200697339451.6,4940
2015-03,False,2542596117668.59,2056632,349172125781.08997,357025309850.15,8111
2015-03,True,1365979636776.13,9596861,238776513996.58,237965596154.08,4933
2015-04,False,2570629469839.08,2058450,343446568687.02997,336307940272.98004,8135
2015-04,True,1384870586948.86,9718163,240118258892.31,233248189747.51,4928
2015-05,False,2617831715091.76,2057812,362411243034.3,346326079438.93,8174
2015-05,True,1403613619635.9,9631006,231976822650.85,227088028087.44,4919
2015-06,False,2644613404018.57,2053746,363413990332.77,357343896522.61,8186
2015-06,True,1433750003875.74,9726978,250561416046.29,230554912488.05002,4936
2015-07,False,2683077836012.83,2046988,359223698536.07,358715912456.06,8175
2015-07,True,1448800593416.01,9692915,224532829765.94,228861164715.86,4935
2015-08,False,2696094360851.09,2045463,317814795184.07,314495351745.28,8205
2015-08,True,1464560870367.79,9730264,214285408564.82,203738801731.52,4915
2015-09,False,2704875241342.29,2042276,319361159903.98,336114595243.95,8245
2015-09,True,1472966573627.42,9749389,215709541505.33,216834432637.75,4912
2015-10,False,2736319354705.12,1847270,327929412942.39,321859385550.06,8235
2015-10,True,1487130201555.55,9730209,206118468362.98,208190144622.27,4885
2015-11,False,2735519196247.04,1875415,320118461176.96,345929075885.74,8244
2015-11,True,1487374461341.74,9699708,204067247126.84,218379471283.43,4848
2015-12,False,2745817628382.11,1948500,413419855433.48,417650803056.47,8328
2015-12,True,1500687167300.01,9771747,270118039758.86002,271822991090.48,4889
2016-01,False,2783271978627.61,1964731,336038093792.39,325435220873.72003,8306
2016-01,True,1527187790156.54,9756117,219211897680.95,206910580544.99,4880
2016-02,False,2814085635129.66,1977764,323558017379.52,326068209159.84,8294
2016-02,True,1544279579540.09,9747111,210255694636.82,208864209296.78,4861
2016-03,False,2872022390360.09,1992997,361569650708.42,336378953254.34,8322
2016-03,True,1566035422527.5,9762390,225238934348.54,221218313014.44,4855
2016-04,False,2917523156633.38,2009692,327375441062.72003,321657339990.29,8301
2016-04,True,1587193018809.88,9779902,210433153332.27,209111361967.61,4838
2016-05,False,2950810747065.11,2029341,340981759990.57,332937600273.23,8304
2016-05,True,1608388950752.68,9794995,234106952528.51,227271939337.86002,4841
2016-06,False,2972456829731.51,2051175,345926090986.33,347757524034.65,8279
2016-06,True,1630301575878.87,9812105,232543992642.94,227936507674.31,4793
2016-07,False,3035575156982.29,2081574,346142142909.45,330590655602.07,8290
2016-07,True,1655231900782.4,9919438,224348076455.94,221153797668.73,4749
2016-08,False,3090827038807.63,2097500,378823641445.22003,357618859476.99,8301
2016-08,True,1689701569367.86,9924161,249679626731.32,234030674772.19,4744
2016-09,False,3113360879561.39,2125820,377602421481.47,389147365641.39,8356
2016-09,True,1713958138679.16,9909502,216071355698.9,209956556091.74,4764
2016-10,False,3163014493524.41,2145854,371456878976.61,361609267704.43,8385
2016-10,True,1731370745778.09,9987292,216438002528.8,219619018491.41,4779
2016-11,False,3193878967006.13,2170636,385270650193.88,378352210514.54,8433
2016-11,True,1742862035894.15,10007007,236132800027.72998,231823337948.0,4777
2016-12,False,3244195388082.39,2196236,480518986377.82,451469145673.72003,8487
2016-12,True,1791034120453.92,10060480,318774657948.67,291307152538.14,4815
2017-01,False,3334215297830.96,2234400,433992960116.37,387326631813.29,8481
2017-01,True,1847413278081.71,10062432,272876208470.25,239460796078.47,4814
2017-02,False,3401669795158.92,2269043,354637355474.13,329845732677.49,8502
2017-02,True,1887419923256.24,10128282,235992753922.96,217074130207.48,4829
2017-03,False,3476217139135.06,2275446,446919405557.83,405051864194.55,8562
2017-03,True,1941861894209.25,10250527,287602661599.82,251882561272.34,4871
2017-04,False,3483135929306.7,2289027,350223437672.47,366590423010.22,8595
2017-04,True,1962216964538.54,10368383,228765631675.92,220641817593.13998,4892
2017-05,False,3510694186779.85,2310354,462539774210.76,449250624249.51,8661
2017-05,True,1994258801364.68,10493962,281614299090.92,257103662170.97,4936
2017-06,False,3547049003172.23,2337246,400942142410.38,393336350918.60004,8688
2017-06,True,2024216632616.92,10593537,262587448493.36002,246830213534.46,4991
2017-07,False,3647494643102.56,2368193,463582816655.66003,428467990040.65,8736
2017-07,True,2054044758984.02,10680864,263468540433.66,259222053310.57,5030
2017-08,False,3741962045175.14,2412659,497947606763.99,456564776532.52,8788
2017-08,True,2108274071523.02,10802735,288024881142.77,254311903376.56,5071
2017-09,False,3794272394659.63,2464965,449494620869.68,438775769149.33,8840
2017-09,True,2145785969680.97,10937778,268663097385.16,251304362178.26,5106
2017-10,False,3845797360079.65,2517734,450605750259.3,426311192129.5,8829
2017-10,True,2173304368877.77,11027258,281253711303.75,263697767962.16,5142
2017-11,False,3839848552678.13,2556511,429821683926.59,440654302540.54,8837
2017-11,True,2172655163075.27,11064003,256121998196.55002,262589900140.78,5167
2017-12,False,3921497318556.88,2609665,545024900670.6,561091553472.66,8966
2017-12,True,2198045513185.32,11131073,330413173502.09,325855037716.83,5218
2018-01,False,3959952465075.67,2659326,520523257735.6,495331387706.58,8936
2018-01,True,2246347092309.65,11254518,298150840458.93,270191651354.04,5231
2018-02,False,3986776402192.18,2692211,419185594258.08,413925137870.93,8914
2018-02,True,2279251049948.31,11340866,267999480409.66,243007400209.41998,5247
2018-03,False,4031708175447.68,2742397,484641413609.65,464346931670.87,8973
2018-03,True,2322334129484.71,11485160,309118721687.98,278158181740.4,5304
2018-04,False,4073805116461.38,2782547,485248365803.52,483076370259.54,8985
2018-04,True,2350938799478.63,11587597,305520053008.83,287895861602.69,5343
2018-05,False,4061242754826.89,2806651,506917438061.24,499391651061.24,9031
2018-05,True,2358219926219.09,11666604,327939115978.29,307673273911.27,5386
2018-06,False,4049648782451.59,2842534,512140394958.08,536220329789.08,9033
2018-06,True,2366587228543.72,11649727,308355509566.97003,303930457407.18,5423
2018-07,False,4096244403177.83,2873847,517669698312.26,513453668143.49,9057
2018-07,True,2382120020034.18,11691737,299595729582.2,304593630825.86,5460
2018-08,False,4138694687767.7397,2931327,543607224431.21,527510556284.08,9117
2018-08,True,2401959323072.76,11756761,322033126373.89,308586764169.0,5486
2018-09,False,4184649492641.82,2973776,460521522228.9,453572548734.32,9135
2018-09,True,2415541006010.58,11820486,280104862120.74,278390322907.22,5509
2018-10,False,4245712591574.61,2999573,533148798365.73,527669722812.87,9169
2018-10,True,2457895480819.85,11916432,332721867276.07,319924685132.02,5538
2018-11,False,4265669684266.09,3066310,498356102329.52997,514924740119.38,9200
2018-11,True,2468252768276.23,12045460,316882389667.56,317864564919.81,5573
2018-12,False,4312133084325.42,3184814,606165611995.02,581760501750.59,9319
2018-12,True,2498770909790.4,12150734,383478420691.76,363383906391.22003,5663
2019-01,False,4397854936252.73,3274005,564340407110.72,546177556926.34,9324
2019-01,True,2539635176707.82,12237478,330965105760.43,323974692503.15,5680
2019-02,False,4429218638598.21,3366763,515376867805.77997,504815421978.44,9351
2019-02,True,2572561655290.17,12330445,322503695200.96,297020991706.41,5717
2019-03,False,4466347004350.33,3462050,505816793035.62,495332057881.5,9393
2019-03,True,2597313027968.18,12405593,312479700276.81,297267402330.12,5775
2019-04,False,4486888000428.49,3542094,518971688020.22003,533681358940.27997,9450
2019-04,True,2613635504152.03,12449061,334637497812.97003,331004571911.29,5874
2019-05,False,4549228777562.1,3622944,596051281364.99,577905864835.29,9532
2019-05,True,2652229218886.08,12584303,363949955849.32,350388162211.3,5948
2019-06,False,4622460009822.8,3718141,564004445208.84,544986428101.6,9591
2019-06,True,2704981791645.65,12736441,342124342673.39,348904853783.97,6001
2019-07,False,4710933099528.47,3829703,659259292979.37,615142268974.29,9670
2019-07,True,2753069827565.44,13062975,418861495526.44,390340047678.57,6061
2019-08,False,4753161966889.01,3924514,628537301402.83,617776623120.1,9760
2019-08,True,2791306858732.26,13428879,383774531952.16003,356269977048.61,6120
2019-09,False,4828995767053.59,4012196,619562605258.63,586087717495.75,9838
2019-09,True,2855416062452.7397,13740583,397329326978.99,354318497152.73,6220
2019-10,False,4888742778955.2,4107770,795236555379.5,780404305522.29,9933
2019-10,True,2948933786297.3,14437638,414780460829.49,394475502208.75,6329
2019-11,False,4908478082864.9,4179756,682586458681.8,683639418508.52,10064
2019-11,True,2924175083194.47,14330249,392131622167.61,378528305680.97,6416
2019-12,False,4983202543158.7295,4335547,826784346022.6,841793542703.83,10249
2019-12,True,2948423262777.74,14761946,520659545422.77,528696484256.19,6580
2020-01,False,5051068634775.0205,4524668,741898908994.3099,718644854505.5801,10319
2020-01,True,2980171461048.01,15241276,435420551907.45,415548300044.7,6658
2020-02,False,5037296198089.56,4627187,635896782697.27,620984974996.29,10428
2020-02,True,2988768110476.4897,15548789,373613653311.68,353669553893.55,6763
2020-03,False,4778183215262.0,4514540,807736755611.87,849214306921.65,10558
2020-03,True,2826845197287.09,15407373,418581909459.81,457913346624.46,6828
2020-04,False,4786399956783.3,4538633,606491858299.97,671908712858.91,10631
2020-04,True,2802510510822.92,15299001,331992120176.33,399070710840.10004,6879
2020-05,False,4856189238711.75,4583750,561294604432.4,564629827443.5701,10716
2020-05,True,2824585002023.05,15392574,315091186231.3,326350857916.86,6926
2020-06,False,4991439394450.84,4683046,654151294134.89,604697404083.75,10853
2020-06,True,2891221965925.75,15566063,374957155630.71,345743547862.58,7079
2020-07,False,5167738829132.14,4862737,769720175450.12,688877466258.44,10977
2020-07,True,2982552796989.58,15874659,444893531805.31,398709660336.34,7164
2020-08,False,5255753146351.87,5051751,730070344258.77,651073451610.7999,11096
2020-08,True,3032549376982.08,16095339,422620429275.69,373872000041.23,7267
2020-09,False,5266822556043.95,5125414,713119692407.1,674382571554.33,11232
2020-09,True,3031691255051.91,16215401,412522358788.77,392683867150.23,7339
2020-10,False,5246236966325.12,5163786,660652791402.2,697914942234.45,11371
2020-10,True,3015409883166.28,16175060,389953964099.44,415404574913.56,7434
2020-11,False,5356338614671.91,5197466,657626872513.26,663884576144.22,11572
2020-11,True,3056738183971.59,16047331,364886557691.9,375924237672.72,7524
2020-12,False,5500512872874.4,5274558,851076081542.34,826539198323.0801,11815
2020-12,True,3115524615926.42,16171553,495689485280.64,487324255669.9,7713
2021-01,False,5554514441573.4,5356835,752428056570.01,748983354822.51,11910
2021-01,True,3137842630402.18,16336590,410875424709.81,382135944018.21,7760
2021-02,False,5598543666038.72,5419039,670164257454.04,626784961610.31,12057
2021-02,True,3160582621048.26,16471241,389015595343.36,361860060988.77,7873
2021-03,False,5690427463246.11,5488769,818342535562.9,781203075004.91,12288
2021-03,True,3198146166576.61,16604588,470846224888.75,445531623496.16,8005
2021-04,False,5776329942814.02,5618251,765213830778.65,735108588892.84,12485
2021-04,True,3228024446466.38,16759937,444723655363.09,439299244850.13,8134
2021-05,False,5898227801378.31,5702246,799118096788.65,744472867135.79,12693
2021-05,True,3265334511121.4,16907355,465256357023.67,453014223495.26,8252
2021-06,False,5978965369326.17,5827350,846862717184.27,793358491675.15,12923
2021-06,True,3302518651645.11,17097833,521257136752.97,497506908474.52,8406
2021-07,False,6023738683637.52,5953551,838725425115.58,782456592564.29,13087
2021-07,True,3319119360036.98,17286301,503936109742.92,473418877734.57,8523
2021-08,False,6089093752612.08,6012208,909843368745.12,846869937081.21,13275
2021-08,True,3352565209512.2,17391043,560904967460.16,527555837403.45,8622
2021-09,False,6098476547083.05,6054011,910495460105.66,883971170154.52,13433
2021-09,True,3350095866612.51,17452722,497828516378.63,490582850380.64,8747
2021-10,False,6026730477800.03,6094105,772607386155.21,786166791457.55,13549
2021-10,True,3318166821872.28,17591946,476714894686.74,483409197043.93,8867
2021-11,False,6076425492444.14,6079281,817323530985.08,805494799695.09,13727
2021-11,True,3349032155606.16,17689122,530186005900.0,509105277964.5,8977
2021-12,False,6082748178807.14,6101458,1012332166644.37,1067495625377.46,13951
2021-12,True,3325786274905.22,17871088,633983054134.73,690293451482.38,9059
2022-01,False,6144152731576.59,6017316,857252166274.32,846793629540.29,14058
2022-01,True,3351452261295.35,17884051,514806640163.19,517104380157.3,9069
2022-02,False,6170007632898.74,5926083,798078499445.77,799309473304.47,14145
2022-02,True,3365279776478.71,18139383,507629487668.71,515015429912.38,9080
2022-03,False,6278955562014.72,5841838,924598720872.52,916391851796.82,14275
2022-03,True,3428807301248.07,18043597,568915069300.22,565819808111.11,9111
2022-04,False,6261940232892.92,5803362,794284376967.71,797308365716.13,14384
2022-04,True,3426473956761.24,17869026,505888708343.3,507324968414.37,9143
2022-05,False,6283029239020.16,5725225,850957856063.39,886930792380.97,14511
2022-05,True,3418870667245.3,17561662,607944957574.3201,541084351174.07,9179
2022-06,False,6265527683908.79,6061507,999687658712.42,1008608250764.78,14683
2022-06,True,3404154265403.0,17603948,498298287767.23,510646008829.95,9224
2022-07,False,6320853105140.7295,6048497,852180311022.46,878009218977.47,14797
2022-07,True,3424735300174.97,17651963,482091704074.72,502014317175.29,9287
2022-08,False,6450155766761.78,6077842,916024304621.71,894987015484.14,14932
2022-08,True,3479986562539.93,17932718,516090955461.49,516769105572.83997,9292
2022-09,False,6485488040343.66,6064402,803372210887.78,825177742820.02,15024
2022-09,True,3507937766479.19,18319910,471227879748.14,478593984235.16003,9308
2022-10,False,6571391772500.11,6050773,733569605158.11,738512435221.11,15143
2022-10,True,3562591319481.67,18655834,438006286028.16,433432339156.8,9367
2022-11,False,6531735325906.86,6015417,740370407300.0701,773798336672.57,15240
2022-11,True,3543523898869.81,18813148,424795072413.8,440141169042.75,9409
2022-12,False,6469327510109.05,6004119,889770968467.33,1025819646511.35,15358
2022-12,True,3496214108549.56,19202922,507591340524.05,578960380865.93,9456
2023-01,False,6533247248693.46,6010602,927327164384.41,937222189713.08,15374
2023-01,True,3534086638243.41,19060751,470100356887.32,473699220873.83997,9438
2023-02,False,6527248939461.689,5974796,765037618701.51,778867569061.3,15424
2023-02,True,3531280177879.45,18962254,394166992806.04,404251205299.88,9434
2023-03,False,6520376792800.64,5971350,915158395517.83,965732815575.18,15555
2023-03,True,3533347585602.83,18923080,456628141728.2,477918219761.59,9490
2023-04,False,6564544759906.74,6018158,675863451121.31,730878080055.26,15592
2023-04,True,3523064278922.32,18919352,389734247462.51,429277576095.25,9477
2023-05,False,6647071198085.63,6016014,834144890511.47,872326373201.54,15692
2023-05,True,3527910255403.71,18826130,471605560878.06,513070979471.91,9469
2023-06,False,6747258907239.24,6071876,844967346384.89,856225810203.36,15801
2023-06,True,3565179708043.14,18942755,457058465624.32,470468375699.81,9462
2023-07,False,6855644533205.92,6116079,802720311402.4,781117087421.61,15871
2023-07,True,3617928884191.13,19013394,461233161596.26,451681141911.44,9446
2023-08,False,6919213720821.36,6177713,854268169167.11,816316408622.26,15964
2023-08,True,3656386835177.02,19079210,495155760960.27997,477331841573.47,9433
2023-09,False,6955168976621.0,6208535,733159587016.66,729647840627.03,16235
2023-09,True,3670450226593.85,19096966,449872467799.79,457080753328.1,9561
2023-10,False,6937548679192.46,6196075,760024625971.16,781966959949.87,16208
2023-10,True,3668866210272.25,19057206,478819685547.08,490797779108.77,9509
2023-11,False,7083737590220.7,6190903,771147111352.17,773707355205.43,16278
2023-11,True,3720309682382.6,18995160,465781717230.48,482149525276.47,9490
2023-12,False,7150013227798.98,6268765,866339108220.87,942173524500.35,16583
2023-12,True,3743327019208.17,19048803,544552484023.34,577028725468.73,9486
2024-01,False,7194755032931.04,6334018,861906789144.67,795622588059.01,16518
2024-01,True,3804153834613.04,19087284,513475285397.49,470013370575.08,9455
2024-02,False,7289975819617.06,6396580,769199289383.41,726830561780.39,16619
2024-02,True,3846680230898.64,19239861,471209275204.92,456476167077.77,9443
2024-03,False,7361310360898.81,6440499,858962523221.82,845162170047.59,16708
2024-03,True,3894477788448.58,19419515,496114945914.54,481513014917.29,9397
2024-04,False,7376140276134.79,6485306,905603827867.02,897101918148.93,16845
2024-04,True,3901556835271.04,19489233,554694191036.86,548171909006.84,9365
2024-05,False,7430244520462.63,6519614,915659348335.84,910117898547.55,16932
2024-05,True,3901156054745.6,19496034,539274169629.24,561911379760.4,9272
2024-06,False,7466221377665.61,6447482,861965010679.61,861151084064.28,16995
2024-06,True,3920376073293.93,19472001,519628834557.53,529103234291.68,9204
2024-07,False,7600480851393.36,6543020,1017222302308.33,968237331950.57,17056
2024-07,True,3962829156842.39,19555057,586186610016.1,587204721629.04,9125
2024-08,False,7738113835620.64,6594576,971909354625.45,969766987856.25,17146
2024-08,True,4018035244796.16,19647868,571103638587.53,557429522427.12,9021
2024-09,False,7749146851831.76,6638429,985850292782.31,1002412412742.49,17098
2024-09,True,4031474964759.02,19783124,529559055635.26,540959618174.20996,8894
2024-10,False,7712643379834.561,6696833,926290081530.08,1007015555416.86,17123
2024-10,True,4079368914241.73,19811861,572651689362.84,553759601842.62,8854
2024-11,False,7711511920774.85,6705243,879238321462.47,913820968923.86,17084
2024-11,True,4085520782293.4,19795230,507907060707.21,526137305294.78,8782
2024-12,False,7611307762417.9,6733341,1000778159894.16,1165174591809.6,17088
2024-12,True,4035006501172.87,19453641,631386040372.95,704775732560.96,8748
2025-01,False,7719952401378.02,6572602,965451987924.74,948263605886.68,17002
2025-01,True,4089007725966.42,19276648,555039624223.42,545719081595.08,8693
2025-02,False,7764004942902.91,6580365,921875571932.92,942919448441.15,17011
2025-02,True,4109345355527.64,19244294,548689145910.04,551219617617.07,8680
2025-03,False,7827295700498.05,6542255,889638336796.27,889709666883.36,17006
2025-03,True,4142844146537.61,19287484,536711360987.41003,539468657527.45,8667
2025-04,False,7851822500144.65,6553528,903826765365.77,968420022591.81,16897
2025-04,True,4156078123445.94,19216803,544780283405.76996,584016190099.32,8603
2025-05,False,7940896191484.06,6573492,960474598100.46,957533997004.17,16837
2025-05,True,4208552042177.08,19203270,568351263956.34,569886691502.36,8611
2025-06,False,8024292187605.98,6442776,905587990939.16,917858293227.07,16747
2025-06,True,4267277782054.44,19317114,581604638968.61,572934742799.54,8626
2025-07,False,8073641254430.24,6530165,987127531242.28,957582322952.61,16660
2025-07,True,4328584836548.32,19178414,604131071807.67,583821217802.45,8644
2025-08,False,8154757265736.78,6596409,925793217865.92,948269930507.18,16538
2025-08,True,4379886737366.35,19473425,561674672480.39,570847093416.53,8712
2025-09,False,8309115693326.18,6506939,1006604139667.1,973095817192.2,16431
2025-09,True,4459661126881.99,19669382,616664284779.2,600579381983.42,8771
2025-10,False,8400468426173.64,6606888,1006398829804.41,1006040017703.07,16436
2025-10,True,4522326547343.83,19524169,617250972240.67,612469463915.23,8861
2025-11,False,8476270860309.84,6578708,889867527712.62,915207423185.39,16390
2025-11,True,4546290430558.55,19873994,532152750172.36,555768643962.74,8931
2025-12,False,8382103074511.7,6642759,1218089780471.27,1296607872341.03,16450
2025-12,True,4536475356327.3,19762935,732595397134.72,765173269405.12,9027
2026-01,False,8697767266597.28,6764562,1059782864247.25,1009542962389.05,16351
2026-01,True,4656213661757.13,20049881,578662808881.21,542123292355.0,9076
2026-02,False,8826980458579.45,6812791,993002507628.34,950767047043.4401,16343
2026-02,True,4722491930484.1,20278367,558037096468.8,535737055739.77997,9126
2026-03,False,8752987072587.14,6840984,1167442911170.72,1155936175097.9,16398
2026-03,True,4798219873427.09,20359403,635090458229.17,630751297400.04,9187
2026-04,False,8841814167082.56,6887216,1036300821834.53,1042624672302.04,16319
2026-04,True,4807099950828.4,20366533,619128478994.26,637852856140.15,9245
2026-05,False,8866970891209.24,6857180,956372161347.58,970267324269.0,16246
2026-05,True,4825579885077.3,20455891,614574810190.57,630165963053.33,9309
2026-06,False,8928626097228.68,6822830,1045029027833.54,1055997681086.5701,16247
2026-06,True,4884512038806.55,20428001,667760193403.55,653387864145.22,9352
2026-07,False,8989584114040.05,6840525,1021934096867.39,1038936649516.54,16199
2026-07,True,4881459044443.55,20615138,665774767443.78,692628711948.78,9403
2026-08,False,9130733005791.39,6847466,1075582533630.84,1021681869676.35,16125
2026-08,True,4935513043670.57,20688294,662996603809.66,664292735844.34,9442
2026-09,False,9209496228621.39,6598664,1050278841742.21,1069123551201.55,16056
2026-09,True,4958805795756.53,20745048,619366467732.27,652569314747.89,9491
2026-10,False,9150127705873.61,6530289,175505364314.8,187188530557.54,15681
2026-10,True,4981002353313.68,20767127,115046382739.05,121788411684.88,9429
