ano,ticker,peso,acionistas_pf
2020,ABEV3,0.03317,137794.0
2020,AZUL4,0.02079,86385.0
2020,B3SA3,0.01574,65376.0
2020,BBAS3,0.08,447343.0
2020,BBDC3,0.01797,498544.0
2020,BBDC4,0.06203,498544.0
2020,BBSE3,0.02038,84683.0
2020,BPAC11,0.00295,12248.0
2020,BRAP4,0.02184,90744.0
2020,BRFS3,0.01211,50335.0
2020,BRKM5,0.00414,17219.0
2020,BRML3,0.01039,43184.0
2020,CIEL3,0.01488,61803.0
2020,CMIG4,0.0,0.0
2020,CSAN3,0.00206,8554.0
2020,CSNA3,0.00759,31529.0
2020,CVCB3,0.00506,21033.0
2020,CYRE3,0.00181,7535.0
2020,ECOR3,0.0,0.0
2020,EGIE3,0.01184,49209.0
2020,EMBR3,0.01629,67692.0
2020,EQTL3,0.00238,9886.0
2020,FLRY3,0.02067,85868.0
2020,GGBR4,0.023,95576.0
2020,GNDI3,0.00393,16338.0
2020,GOAU4,0.01479,61456.0
2020,GOLL4,0.02178,90497.0
2020,HYPE3,0.00674,27999.0
2020,IGTA3,0.00057,2384.0
2020,IRBR3,0.00653,27126.0
2020,ITSA4,0.0525,218111.0
2020,ITUB4,0.08,378819.0
2020,JBSS3,0.00236,9826.0
2020,KLBN11,0.00453,18816.0
2020,LAME4,0.00709,29464.0
2020,LREN3,0.00539,22406.0
2020,MGLU3,0.00753,31304.0
2020,MRFG3,0.00639,26550.0
2020,MRVE3,0.00427,17739.0
2020,MULT3,0.00257,10672.0
2020,NATU3,0.00365,15185.0
2020,PETR3,0.03159,373367.0
2020,PETR4,0.04841,373367.0
2020,QUAL3,0.01003,41655.0
2020,RADL3,0.00365,15153.0
2020,RAIL3,0.00978,40628.0
2020,RENT3,0.01008,41896.0
2020,SANB11,0.03602,149673.0
2020,SBSP3,0.00182,7562.0
2020,SMLS3,0.00253,10515.0
2020,SUZB3,0.00832,34588.0
2020,TAEE11,0.00925,38435.0
2020,TIMP3,0.0,0.0
2020,UGPA3,0.00816,33917.0
2020,USIM5,0.01532,63659.0
2020,VALE3,0.03282,136372.0
2020,VIVT4,0.08,1850700.0
2020,WEGE3,0.05274,219109.0
2020,YDUQ3,0.00173,7192.0
2021,ABEV3,0.03066,328334.0
2021,AZUL4,0.01768,189318.0
2021,B3SA3,0.02316,247957.0
2021,BBAS3,0.06535,699767.0
2021,BBDC3,0.01445,729406.0
2021,BBDC4,0.05367,729406.0
2021,BBSE3,0.0119,127446.0
2021,BEEF3,0.00316,33870.0
2021,BPAC11,0.00659,70579.0
2021,BRAP4,0.00903,96710.0
2021,BRFS3,0.00552,59091.0
2021,BRKM5,0.00559,59835.0
2021,BRML3,0.00403,43184.0
2021,CIEL3,0.01731,185348.0
2021,CMIG4,0.0,0.0
2021,COGN3,0.01545,165446.0
2021,CPFE3,0.00191,20455.0
2021,CRFB3,0.00101,10771.0
2021,CSAN3,0.00725,77611.0
2021,CSNA3,0.00712,76281.0
2021,CVCB3,0.01468,157227.0
2021,CYRE3,0.0007,7535.0
2021,ECOR3,0.0,0.0
2021,EGIE3,0.01239,132642.0
2021,EMBR3,0.00632,67692.0
2021,ENEV3,0.00283,30348.0
2021,ENGI11,0.00085,9150.0
2021,EQTL3,0.00092,9886.0
2021,FLRY3,0.01957,209571.0
2021,GGBR4,0.00993,106294.0
2021,GNDI3,0.00172,18417.0
2021,GOAU4,0.00914,97830.0
2021,GOLL4,0.00835,89470.0
2021,HAPV3,0.00183,19562.0
2021,HGTX3,0.00017,1829.0
2021,HYPE3,0.0044,47067.0
2021,IGTA3,0.00369,39517.0
2021,IRBR3,0.02703,289488.0
2021,ITSA4,0.06666,713795.0
2021,ITUB4,0.0459,491554.0
2021,JBSS3,0.00918,98272.0
2021,JHSF3,0.0,0.0
2021,KLBN11,0.01418,151816.0
2021,LAME4,0.01081,115723.0
2021,LCAM3,0.0,0.0
2021,LREN3,0.00761,81453.0
2021,MGLU3,0.03629,388643.0
2021,MRFG3,0.00248,26550.0
2021,MRVE3,0.00409,43772.0
2021,MULT3,0.001,10672.0
2021,NTCO3,0.00407,43620.0
2021,PETR3,0.02985,760785.0
2021,PETR4,0.0412,760785.0
2021,PRIO3,0.00476,50944.0
2021,QUAL3,0.00521,55831.0
2021,RADL3,0.00399,42777.0
2021,RAIL3,0.00613,65595.0
2021,RENT3,0.00334,35748.0
2021,SANB11,0.01736,185850.0
2021,SBSP3,0.00226,24181.0
2021,SULA11,0.00631,67533.0
2021,SUZB3,0.00619,66270.0
2021,TAEE11,0.0134,143521.0
2021,TIMS3,0.08,1270233.0
2021,TOTS3,0.00611,65401.0
2021,UGPA3,0.00313,33534.0
2021,USIM5,0.00973,104141.0
2021,VALE3,0.01886,201979.0
2021,VIVT3,0.08,1847020.0
2021,WEGE3,0.03228,345714.0
2021,YDUQ3,0.0023,24581.0
2022,ALPA4,0.00125,17088.0
2022,ABEV3,0.02655,362659.0
2022,ASAI3,0.00186,25453.0
2022,AZUL4,0.00887,121168.0
2022,B3SA3,0.02832,386804.0
2022,BIDI4,0.00363,176796.0
2022,BIDI11,0.00931,176796.0
2022,BPAN4,0.00378,51571.0
2022,BBSE3,0.02391,326557.0
2022,BRML3,0.0047,64217.0
2022,BBDC3,0.01221,734180.0
2022,BBDC4,0.04154,734180.0
2022,BRAP4,0.00861,117571.0
2022,BBAS3,0.06069,828921.0
2022,BRKM5,0.00304,41465.0
2022,BRFS3,0.0046,62810.0
2022,BPAC11,0.00517,70579.0
2022,CRFB3,0.00114,15516.0
2022,CMIG4,0.0,0.0
2022,CIEL3,0.01328,181358.0
2022,COGN3,0.02221,303409.0
2022,CSAN3,0.00568,77611.0
2022,CPFE3,0.00195,26667.0
2022,CVCB3,0.0121,165299.0
2022,CYRE3,0.00661,90274.0
2022,DXCO3,0.00126,17252.0
2022,ECOR3,0.0,0.0
2022,EMBR3,0.00703,95983.0
2022,ENGI11,0.00152,20735.0
2022,ENEV3,0.00351,47955.0
2022,EGIE3,0.01701,232303.0
2022,EQTL3,0.00454,62078.0
2022,FLRY3,0.016,218590.0
2022,GGBR4,0.00856,116911.0
2022,GOAU4,0.00685,93504.0
2022,GOLL4,0.00699,95452.0
2022,NTCO3,0.005,68281.0
2022,SOMA3,0.00326,44571.0
2022,HAPV3,0.00263,35931.0
2022,HYPE3,0.00445,60760.0
2022,IGTA3,0.00322,43946.0
2022,GNDI3,0.0,0.0
2022,IRBR3,0.0209,285499.0
2022,ITSA4,0.07006,956974.0
2022,ITUB4,0.03357,458530.0
2022,JBSS3,0.00699,95449.0
2022,JHSF3,0.0,0.0
2022,KLBN11,0.01271,173547.0
2022,RENT3,0.00271,37072.0
2022,LCAM3,0.0,0.0
2022,LAME4,0.00884,120762.0
2022,LREN3,0.00934,127635.0
2022,MGLU3,0.04244,579661.0
2022,MRFG3,0.00493,67332.0
2022,CASH3,0.0,33.0
2022,BEEF3,0.00652,88999.0
2022,MRVE3,0.00397,54182.0
2022,MULT3,0.00281,38417.0
2022,PETR3,0.02259,719683.0
2022,PETR4,0.0301,719683.0
2022,PRIO3,0.00528,72118.0
2022,PETZ3,0.00619,84573.0
2022,QUAL3,0.00405,55352.0
2022,RADL3,0.00452,61752.0
2022,RDOR3,0.00396,54151.0
2022,RAIL3,0.00586,80106.0
2022,SBSP3,0.00314,42911.0
2022,SANB11,0.01691,230961.0
2022,CSNA3,0.00536,73158.0
2022,SULA11,0.00701,95686.0
2022,SUZB3,0.00448,61186.0
2022,TAEE11,0.02877,392926.0
2022,VIVT3,0.08,1460877.0
2022,TIMS3,0.08,1259476.0
2022,TOTS3,0.00479,65401.0
2022,UGPA3,0.00246,33534.0
2022,USIM5,0.00634,86567.0
2022,VALE3,0.02135,291684.0
2022,VIIA3,0.0,0.0
2022,WEGE3,0.02531,345714.0
2022,YDUQ3,0.00293,40062.0
2023,ABEV3,0.02149,308094.0
2023,ALPA4,0.00125,17862.0
2023,ASAI3,0.00306,43881.0
2023,AZUL4,0.00928,133095.0
2023,B3SA3,0.02474,354755.0
2023,BBAS3,0.05956,853913.0
2023,BBDC3,0.0126,798152.0
2023,BBDC4,0.04307,798152.0
2023,BBSE3,0.02452,351530.0
2023,BEEF3,0.00444,63689.0
2023,BPAC11,0.00722,103457.0
2023,BPAN4,0.00624,89517.0
2023,BRAP4,0.00912,130699.0
2023,BRFS3,0.00522,74869.0
2023,BRKM5,0.00346,49621.0
2023,BRML3,0.0,0.0
2023,CASH3,0.01127,161562.0
2023,CIEL3,0.0129,184967.0
2023,CMIG4,0.0,0.0
2023,CMIN3,0.00855,122553.0
2023,COGN3,0.01568,224834.0
2023,CPFE3,0.003,43050.0
2023,CPLE6,0.0,0.0
2023,CRFB3,0.00108,15516.0
2023,CSAN3,0.00603,86507.0
2023,CSNA3,0.00627,89904.0
2023,CVCB3,0.01153,165299.0
2023,CYRE3,0.00768,110085.0
2023,DXCO3,0.00165,23717.0
2023,ECOR3,0.0,0.0
2023,EGIE3,0.01765,253048.0
2023,EMBR3,0.00669,95983.0
2023,ENEV3,0.00293,41989.0
2023,ENGI11,0.00145,20735.0
2023,EQTL3,0.00319,45700.0
2023,FLRY3,0.01405,201462.0
2023,GGBR4,0.01207,173091.0
2023,GOAU4,0.00828,118704.0
2023,GOLL4,0.0076,108910.0
2023,HAPV3,0.00335,48099.0
2023,HYPE3,0.00377,53983.0
2023,IGTI11,0.00391,56072.0
2023,ITSA4,0.06533,936740.0
2023,ITUB4,0.03237,464049.0
2023,JBSS3,0.00666,95449.0
2023,KLBN11,0.01759,252129.0
2023,LREN3,0.01005,144049.0
2023,MGLU3,0.04043,579661.0
2023,MRFG3,0.00479,68691.0
2023,MRVE3,0.00402,57678.0
2023,MULT3,0.00268,38417.0
2023,NTCO3,0.00476,68281.0
2023,PETR3,0.02593,858992.0
2023,PETR4,0.03398,858992.0
2023,PETZ3,0.00655,93903.0
2023,PRIO3,0.0077,110432.0
2023,QUAL3,0.00399,57215.0
2023,RADL3,0.00375,53806.0
2023,RAIL3,0.00493,70706.0
2023,RAIZ4,0.00866,124233.0
2023,RDOR3,0.00378,54151.0
2023,RENT3,0.00336,48122.0
2023,SANB11,0.01611,230961.0
2023,SBSP3,0.00237,33968.0
2023,SLCE3,0.00332,47650.0
2023,SMTO3,0.00085,12134.0
2023,SOMA3,0.00277,39749.0
2023,SUZB3,0.0053,76014.0
2023,TAEE11,0.02741,392926.0
2023,TIMS3,0.08,1259476.0
2023,TOTS3,0.00325,46526.0
2023,UGPA3,0.00244,34995.0
2023,USIM5,0.00914,131065.0
2023,VALE3,0.03563,510874.0
2023,VBBR3,0.00485,69596.0
2023,VIIA3,0.0,0.0
2023,VIVT3,0.08,1460877.0
2023,WEGE3,0.02697,386659.0
2023,YDUQ3,0.00243,34861.0
2024,ABEV3,0.01869,308094.0
2024,ALOS3,0.00406,66976.0
2024,ALPA4,0.00122,20123.0
2024,ASAI3,0.00241,39799.0
2024,AZUL4,0.00776,127963.0
2024,B3SA3,0.01928,317857.0
2024,BBAS3,0.06939,1143917.0
2024,BBDC3,0.01156,844391.0
2024,BBDC4,0.03966,844391.0
2024,BBSE3,0.02041,336474.0
2024,BEEF3,0.00351,57821.0
2024,BHIA3,0.01919,316344.0
2024,BPAC11,0.00479,79022.0
2024,BRAP4,0.01168,192538.0
2024,BRFS3,0.00503,82852.0
2024,BRKM5,0.00386,63709.0
2024,CIEL3,0.00822,135527.0
2024,CMIG4,0.0,0.0
2024,CMIN3,0.00918,151359.0
2024,COGN3,0.01364,224834.0
2024,CPFE3,0.00365,60109.0
2024,CPLE6,0.0,0.0
2024,CRFB3,0.00106,17461.0
2024,CSAN3,0.00753,124208.0
2024,CSNA3,0.00576,94973.0
2024,CVCB3,0.0095,156595.0
2024,CYRE3,0.0055,90709.0
2024,DXCO3,0.00134,22094.0
2024,EGIE3,0.01686,277890.0
2024,EMBR3,0.00438,72203.0
2024,ENEV3,0.0021,34635.0
2024,ENGI11,0.00275,45292.0
2024,EQTL3,0.00383,63146.0
2024,FLRY3,0.01222,201462.0
2024,GGBR4,0.01642,270656.0
2024,GOAU4,0.00909,149788.0
2024,GOLL4,0.00614,101193.0
2024,HAPV3,0.00321,52887.0
2024,HYPE3,0.00249,41115.0
2024,IGTI11,0.00324,53340.0
2024,IRBR3,0.01539,253663.0
2024,ITSA4,0.05682,936740.0
2024,ITUB4,0.03112,513029.0
2024,JBSS3,0.0065,107100.0
2024,KLBN11,0.0395,651147.0
2024,LREN3,0.00821,135379.0
2024,MGLU3,0.03954,651826.0
2024,MRFG3,0.00736,121341.0
2024,MRVE3,0.0043,70870.0
2024,MULT3,0.00168,27670.0
2024,NTCO3,0.00326,53751.0
2024,PETR3,0.01791,861524.0
2024,PETR4,0.03436,861524.0
2024,PETZ3,0.00582,96010.0
2024,PRIO3,0.00882,145456.0
2024,RADL3,0.00326,53700.0
2024,RAIL3,0.00328,54144.0
2024,RAIZ4,0.00731,120450.0
2024,RDOR3,0.00518,85356.0
2024,RECV3,0.00178,29321.0
2024,RENT3,0.00309,50945.0
2024,SANB11,0.01878,309543.0
2024,SBSP3,0.00193,31775.0
2024,SLCE3,0.00428,70624.0
2024,SMTO3,0.00079,13040.0
2024,SOMA3,0.00253,41719.0
2024,SUZB3,0.00456,75161.0
2024,TAEE11,0.03937,649047.0
2024,TIMS3,0.07689,1267478.0
2024,TOTS3,0.00238,39157.0
2024,UGPA3,0.00212,34995.0
2024,USIM5,0.01093,180139.0
2024,VALE3,0.03208,528853.0
2024,VAMO3,0.00152,25039.0
2024,VBBR3,0.00452,74571.0
2024,VIVT3,0.08,1518183.0
2024,WEGE3,0.02027,334172.0
2024,YDUQ3,0.00195,32111.0
2025,ABEV3,0.01648,286411.0
2025,ALOS3,0.00302,52431.0
2025,AMOB3,0.0041,71307.0
2025,ASAI3,0.00226,39336.0
2025,AURE3,0.00896,155668.0
2025,AZUL4,0.00647,112431.0
2025,AZZA3,0.00226,39235.0
2025,B3SA3,0.01855,322443.0
2025,BBAS3,0.0671,1166340.0
2025,BBDC3,0.01147,888778.0
2025,BBDC4,0.03965,888778.0
2025,BBSE3,0.03038,528094.0
2025,BEEF3,0.00457,79453.0
2025,BPAC11,0.0045,78204.0
2025,BRAP4,0.01185,205924.0
2025,BRAV3,0.00465,80886.0
2025,BRFS3,0.0037,64351.0
2025,BRKM5,0.00367,63709.0
2025,CMIG4,0.0,0.0
2025,CMIN3,0.01017,176860.0
2025,COGN3,0.01059,184104.0
2025,CPFE3,0.0068,118271.0
2025,CPLE6,0.0,0.0
2025,CRFB3,0.00126,21831.0
2025,CSAN3,0.00894,155346.0
2025,CSNA3,0.00513,89104.0
2025,CVCB3,0.00852,148187.0
2025,CXSE3,0.01625,282438.0
2025,CYRE3,0.00481,83666.0
2025,EGIE3,0.01513,263061.0
2025,EMBR3,0.00345,60047.0
2025,ENEV3,0.00162,28115.0
2025,ENGI11,0.0016,27749.0
2025,EQTL3,0.00318,55294.0
2025,FLRY3,0.01022,177581.0
2025,GGBR4,0.01467,254931.0
2025,GOAU4,0.01193,207383.0
2025,HAPV3,0.00329,57149.0
2025,HYPE3,0.00213,36950.0
2025,IGTI11,0.00324,56268.0
2025,IRBR3,0.01067,185427.0
2025,ISAE4,0.00176,30628.0
2025,ITSA4,0.0562,976977.0
2025,ITUB4,0.02949,512628.0
2025,JBSS3,0.00544,94512.0
2025,KLBN11,0.03746,651147.0
2025,LREN3,0.00658,114417.0
2025,MGLU3,0.02725,473643.0
2025,MRFG3,0.00422,73342.0
2025,MRVE3,0.00347,60242.0
2025,MULT3,0.00229,39842.0
2025,NTCO3,0.00309,53751.0
2025,PETR3,0.01757,905484.0
2025,PETR4,0.03452,905484.0
2025,PETZ3,0.00552,96010.0
2025,POMO4,0.00351,61076.0
2025,PRIO3,0.00901,156534.0
2025,PSSA3,0.00736,127965.0
2025,RADL3,0.00279,48419.0
2025,RAIL3,0.00232,40305.0
2025,RAIZ4,0.00693,120450.0
2025,RDOR3,0.00422,73356.0
2025,RECV3,0.00169,29321.0
2025,RENT3,0.00245,42620.0
2025,SANB11,0.01902,330653.0
2025,SBSP3,0.00328,57019.0
2025,SLCE3,0.00406,70624.0
2025,SMTO3,0.00109,19005.0
2025,SUZB3,0.00492,85528.0
2025,TAEE11,0.04449,773359.0
2025,TIMS3,0.07383,1283458.0
2025,TOTS3,0.00217,37684.0
2025,UGPA3,0.00169,29338.0
2025,USIM5,0.00779,135499.0
2025,VALE3,0.05365,932566.0
2025,VAMO3,0.00269,46722.0
2025,VBBR3,0.00494,85864.0
2025,VIVA3,0.0027,46993.0
2025,VIVT3,0.08,1464633.0
2025,WEGE3,0.02001,347780.0
2025,YDUQ3,0.00131,22698.0
2026,ABEV3,0.01529,242733.0
2026,ALOS3,0.00668,105961.0
2026,ASAI3,0.00245,38873.0
2026,AURE3,0.01486,235845.0
2026,AXIA3,0.00782,178629.0
2026,AXIA6,0.00109,178629.0
2026,AXIA7,0.00234,178629.0
2026,AZZA3,0.00327,51919.0
2026,B3SA3,0.01828,290198.0
2026,BBAS3,0.08,1492490.0
2026,BBDC3,0.01165,828517.0
2026,BBDC4,0.04054,828517.0
2026,BBSE3,0.03814,605394.0
2026,BEEF3,0.00356,56530.0
2026,BPAC11,0.00773,122650.0
2026,BRAP4,0.01059,168165.0
2026,BRAV3,0.00445,70580.0
2026,BRKM5,0.00365,57885.0
2026,CEAB3,0.00163,25898.0
2026,CMIG4,0.0,0.0
2026,CMIN3,0.00989,157021.0
2026,COGN3,0.01001,158956.0
2026,CPFE3,0.00662,105108.0
2026,CPLE3,0.0,0.0
2026,CSAN3,0.00921,146188.0
2026,CSMG3,0.00745,118189.0
2026,CSNA3,0.00624,99046.0
2026,CURY3,0.00272,43211.0
2026,CXSE3,0.01779,282438.0
2026,CYRE3,0.00419,79103.0
2026,CYRE4,0.00079,79103.0
2026,DIRR3,0.00265,42051.0
2026,EGIE3,0.01577,250373.0
2026,EMBJ3,0.00487,77318.0
2026,ENEV3,0.00178,28205.0
2026,ENGI11,0.00153,24242.0
2026,EQTL3,0.00435,68982.0
2026,FLRY3,0.01046,166088.0
2026,GGBR4,0.01325,210311.0
2026,GOAU4,0.01052,166959.0
2026,HAPV3,0.00376,59692.0
2026,HYPE3,0.00232,36779.0
2026,IGTI11,0.00216,34275.0
2026,IRBR3,0.00785,124637.0
2026,ISAE4,0.00188,29921.0
2026,ITSA4,0.06155,976977.0
2026,ITUB4,0.03808,604416.0
2026,KLBN11,0.04145,657952.0
2026,LREN3,0.00659,104567.0
2026,MBRF3,0.00638,101273.0
2026,MGLU3,0.02061,327102.0
2026,MOTV3,0.00185,29338.0
2026,MRVE3,0.00369,58571.0
2026,MULT3,0.0016,25446.0
2026,NATU3,0.00294,46701.0
2026,PETR3,0.02804,1112256.0
2026,PETR4,0.04203,1112256.0
2026,POMO4,0.00434,68838.0
2026,PRIO3,0.01056,167560.0
2026,PSSA3,0.00876,139038.0
2026,RADL3,0.00378,59973.0
2026,RAIL3,0.00201,31912.0
2026,RAIZ4,0.00808,128182.0
2026,RDOR3,0.00331,52465.0
2026,RECV3,0.00241,38197.0
2026,RENT3,0.00421,69351.0
2026,RENT4,0.00016,69351.0
2026,SANB11,0.0205,325373.0
2026,SBSP3,0.00284,45135.0
2026,SLCE3,0.0041,65115.0
2026,SMFT3,0.00092,14602.0
2026,SUZB3,0.00443,70289.0
2026,TAEE11,0.04722,749553.0
2026,TIMS3,0.08,1283458.0
2026,TOTS3,0.00282,44760.0
2026,UGPA3,0.00185,29338.0
2026,USIM5,0.0083,131829.0
2026,VALE3,0.04715,748458.0
2026,VAMO3,0.00327,51876.0
2026,VBBR3,0.00454,72031.0
2026,VIVA3,0.00254,40338.0
2026,VIVT3,0.01109,176094.0
2026,WEGE3,0.02262,359032.0
2026,YDUQ3,0.00134,21278.0
