data,pf_count,equal,ibov,ex_petr_vale
2020-01-03,99.746,99.658,99.27,99.387
2020-01-06,98.808,98.976,98.57,98.264
2020-01-07,98.641,99.201,98.388,98.075
2020-01-08,97.999,99.196,98.038,97.788
2020-01-09,97.449,99.307,97.785,97.608
2020-01-10,97.485,99.326,97.411,97.186
2020-01-13,99.191,101.062,98.948,98.716
2020-01-14,99.168,101.624,99.206,99.12
2020-01-15,98.177,100.821,98.179,98.127
2020-01-16,99.092,101.046,98.424,98.486
2020-01-17,100.183,102.402,99.92,99.784
2020-01-20,100.648,103.248,100.244,100.051
2020-01-21,99.246,102.075,98.695,98.662
2020-01-22,100.514,103.444,99.846,100.16
2020-01-23,101.338,104.476,100.805,101.39
2020-01-24,100.401,103.293,99.834,100.636
2020-01-27,98.579,100.035,96.55,97.783
2020-01-28,99.724,101.684,98.234,99.411
2020-01-29,98.625,100.705,97.311,98.348
2020-01-30,98.427,100.223,97.432,98.198
2020-01-31,96.977,98.998,95.942,96.833
2020-02-03,97.953,100.158,96.674,97.773
2020-02-04,98.732,100.87,97.456,98.209
2020-02-05,99.426,101.531,97.854,98.686
2020-02-06,98.681,100.258,97.147,97.341
2020-02-07,97.719,98.328,95.949,96.111
2020-02-10,97.117,96.688,94.937,95.141
2020-02-11,99.128,99.582,97.3,97.562
2020-02-12,100.097,100.764,98.398,98.448
2020-02-13,99.191,100.212,97.545,97.798
2020-02-14,97.547,99.196,96.465,96.813
2020-02-17,97.576,99.917,97.247,97.311
2020-02-18,97.287,99.741,96.967,96.921
2020-02-19,98.662,101.018,98.267,98.206
2020-02-20,96.935,99.241,96.638,96.613
2020-02-21,96.284,98.86,95.874,96.475
2020-02-26,90.081,91.81,89.159,90.416
2020-02-27,88.445,89.24,86.853,88.131
2020-02-28,88.998,89.809,87.855,89.359
2020-03-02,91.345,92.02,89.924,91.02
2020-03-03,90.805,91.235,89.006,90.118
2020-03-04,92.737,92.879,90.429,91.074
2020-03-05,89.283,87.829,86.219,86.845
2020-03-06,86.777,84.693,82.647,84.037
2020-03-09,77.747,74.673,72.586,76.067
2020-03-10,81.609,80.033,77.77,80.462
2020-03-11,77.06,73.973,71.83,74.674
2020-03-12,66.636,61.757,61.214,63.976
2020-03-13,74.838,70.087,69.728,71.797
2020-03-16,66.024,59.441,60.02,61.534
2020-03-17,69.57,61.836,62.929,64.714
2020-03-18,63.723,53.818,56.417,57.955
2020-03-19,65.714,55.506,57.629,59.408
2020-03-20,63.591,54.838,56.563,58.407
2020-03-23,59.622,51.942,53.613,55.179
2020-03-24,63.688,57.002,58.807,60.192
2020-03-25,67.386,62.477,63.215,64.599
2020-03-26,70.138,66.166,65.538,67.24
2020-03-27,67.056,62.707,61.927,63.663
2020-03-30,68.205,63.265,62.949,64.529
2020-03-31,67.313,61.243,61.582,62.28
2020-04-01,66.112,58.934,59.851,60.007
2020-04-02,67.33,59.756,60.935,60.94
2020-04-03,64.691,57.269,58.646,58.589
2020-04-06,68.349,61.124,62.47,62.594
2020-04-07,69.938,63.16,64.397,64.628
2020-04-08,72.344,65.584,66.309,66.653
2020-04-09,70.999,65.253,65.514,65.947
2020-04-13,72.269,65.944,66.487,66.812
2020-04-14,72.94,67.481,67.4,68.027
2020-04-15,71.583,66.982,66.483,67.328
2020-04-16,69.893,66.379,65.624,66.6
2020-04-17,70.316,67.245,66.617,67.396
2020-04-20,70.184,67.799,66.603,67.741
2020-04-22,71.07,69.586,68.048,69.14
2020-04-23,70.307,68.607,67.193,67.878
2020-04-24,65.553,64.016,63.531,63.759
2020-04-27,67.799,66.383,65.984,66.403
2020-04-28,70.569,69.361,68.576,69.196
2020-04-29,72.126,71.154,70.143,70.329
2020-04-30,69.701,68.879,67.896,67.986
2020-05-04,69.364,67.036,66.521,66.731
2020-05-05,70.112,67.132,67.023,67.146
2020-05-06,69.36,66.621,66.68,66.897
2020-05-07,67.586,65.167,65.883,65.472
2020-05-08,69.399,66.666,67.691,66.699
2020-05-11,68.251,65.453,66.68,65.832
2020-05-12,66.98,64.287,65.674,64.661
2020-05-13,66.567,63.887,65.59,64.621
2020-05-14,67.904,65.524,66.635,66.133
2020-05-15,66.298,64.215,65.409,64.678
2020-05-18,69.852,67.951,68.476,67.222
2020-05-19,68.555,67.542,68.095,66.533
2020-05-20,69.526,68.541,68.581,66.838
2020-05-21,71.137,70.076,70.022,68.91
2020-05-22,70.273,69.193,69.302,68.388
2020-05-25,73.41,72.568,72.245,71.73
2020-05-26,73.127,72.451,72.081,71.613
2020-05-27,74.486,75.227,74.17,73.852
2020-05-28,73.775,74.482,73.33,72.968
2020-05-29,73.413,74.459,73.712,72.69
2020-06-01,74.738,75.928,74.739,73.871
2020-06-02,77.287,78.769,76.785,75.981
2020-06-03,78.77,81.305,78.434,77.935
2020-06-04,79.299,81.32,79.132,78.414
2020-06-05,80.429,82.267,79.813,79.169
2020-06-08,83.452,85.901,82.35,82.095
2020-06-09,82.867,85.465,81.593,81.438
2020-06-10,81.189,83.163,79.855,79.625
2020-06-12,79.814,81.043,78.26,78.137
2020-06-15,78.777,80.603,77.906,77.565
2020-06-16,80.392,81.339,78.881,78.162
2020-06-17,81.607,83.312,80.581,80.096
2020-06-18,82.425,83.742,81.068,80.607
2020-06-19,82.45,84.159,81.445,81.356
2020-06-22,81.192,83.524,80.403,80.298
2020-06-23,81.459,84.094,80.942,80.562
2020-06-24,79.716,82.318,79.594,79.197
2020-06-25,81.063,83.399,80.948,80.564
2020-06-26,79.233,81.152,79.136,78.63
2020-06-29,80.454,82.641,80.739,80.292
2020-06-30,79.516,82.319,80.167,79.59
2020-07-01,80.393,83.627,81.134,81.013
2020-07-02,80.601,83.229,81.161,80.724
2020-07-03,81.292,84.09,81.608,81.37
2020-07-06,82.995,85.957,83.44,83.148
2020-07-07,81.553,85.042,82.448,82.093
2020-07-08,82.92,86.352,84.142,83.813
2020-07-09,82.878,86.022,83.628,83.594
2020-07-10,82.953,86.756,84.363,84.247
2020-07-13,81.872,85.582,83.237,82.833
2020-07-14,82.708,86.359,84.707,83.557
2020-07-15,83.835,87.711,85.847,84.747
2020-07-16,83.683,86.812,84.803,84.025
2020-07-17,85.17,89.097,86.772,86.289
2020-07-20,87.115,90.243,88.069,87.973
2020-07-21,87.189,89.898,87.971,87.813
2020-07-22,86.527,89.787,87.954,88.005
2020-07-23,84.387,87.892,86.27,86.157
2020-07-24,84.357,87.932,86.345,86.239
2020-07-27,86.237,89.077,88.112,87.711
2020-07-28,86.586,89.072,87.802,87.69
2020-07-29,87.308,89.847,89.063,88.59
2020-07-30,86.853,89.84,88.561,88.463
2020-07-31,86.255,88.703,86.792,86.639
2020-08-03,85.474,88.486,86.723,86.805
2020-08-04,84.068,86.97,85.362,85.039
2020-08-05,84.739,88.376,86.699,85.806
2020-08-06,86.333,90.205,87.816,87.239
2020-08-07,85.17,89.133,86.677,86.288
2020-08-10,86.544,89.707,87.241,86.347
2020-08-11,85.632,89.386,86.17,85.548
2020-08-12,84.802,88.698,86.122,85.091
2020-08-13,83.303,87.088,84.725,83.861
2020-08-14,84.261,87.862,85.477,84.666
2020-08-17,82.617,85.912,83.995,82.671
2020-08-18,84.134,88.208,86.078,84.933
2020-08-19,83.362,87.228,85.057,83.842
2020-08-20,83.611,87.831,85.574,84.464
2020-08-21,83.675,88.458,85.619,84.738
2020-08-24,84.714,89.131,86.274,85.222
2020-08-25,84.533,89.111,86.122,85.334
2020-08-26,83.214,87.516,84.865,84.03
2020-08-27,83.279,87.443,84.862,84.247
2020-08-28,84.567,89.011,86.144,85.6
2020-08-31,82.05,86.72,83.804,83.268
2020-09-01,84.152,89.021,86.165,85.362
2020-09-02,83.979,89.029,85.948,85.203
2020-09-03,84.264,88.012,84.944,84.3
2020-09-04,84.738,88.771,85.384,84.615
2020-09-08,84.129,88.69,84.378,83.922
2020-09-09,85.273,89.469,85.426,84.87
2020-09-10,82.92,87.509,83.354,82.892
2020-09-11,81.907,86.309,82.956,81.851
2020-09-14,83.02,88.519,84.568,83.965
2020-09-15,82.957,88.608,84.588,83.854
2020-09-16,82.52,88.404,84.063,83.469
2020-09-17,82.808,88.54,84.419,83.5
2020-09-18,81.211,86.614,82.894,81.908
2020-09-21,80.293,85.231,81.799,81.176
2020-09-22,80.423,85.5,82.054,81.482
2020-09-23,78.868,84.113,80.739,79.862
2020-09-24,79.808,85.201,81.816,81.209
2020-09-25,79.464,84.922,81.805,81.201
2020-09-28,77.999,82.649,79.838,79.074
2020-09-29,76.916,81.575,78.922,78.216
2020-09-30,77.331,82.556,79.785,79.035
2020-10-01,77.932,83.831,80.523,79.901
2020-10-02,77.397,82.46,79.29,78.844
2020-10-05,78.552,83.98,81.038,80.323
2020-10-06,78.779,84.055,80.638,80.06
2020-10-07,78.526,83.595,80.563,79.73
2020-10-08,80.659,85.301,82.582,81.723
2020-10-09,80.316,84.839,82.214,81.514
2020-10-13,80.475,85.464,83.074,82.352
2020-10-14,80.958,86.314,83.775,83.13
2020-10-15,80.99,86.565,83.538,83.044
2020-10-16,79.965,86.125,82.91,82.52
2020-10-19,80.233,86.602,83.204,82.849
2020-10-20,81.506,87.964,84.792,84.538
2020-10-21,81.59,87.954,84.802,84.36
2020-10-22,83.411,88.535,85.954,85.434
2020-10-23,83.248,88.142,85.399,84.811
2020-10-26,83.375,87.662,85.194,84.89
2020-10-27,82.042,86.567,84.004,83.564
2020-10-28,78.332,82.438,80.431,80.115
2020-10-29,78.811,83.068,81.454,80.737
2020-10-30,77.513,80.948,79.236,78.405
2020-11-03,78.675,82.009,80.614,79.234
2020-11-04,79.349,83.776,82.49,81.892
2020-11-05,81.319,86.956,84.989,84.773
2020-11-06,81.234,87.538,85.01,84.732
2020-11-09,85.281,90.494,87.636,87.099
2020-11-10,87.464,91.231,88.849,87.876
2020-11-11,86.69,90.563,88.158,86.994
2020-11-12,84.942,88.549,86.171,85.145
2020-11-13,86.311,90.601,88.141,87.19
2020-11-16,88.336,92.092,89.759,88.568
2020-11-17,89.654,93.039,90.433,88.869
2020-11-18,89.064,92.331,89.804,88.214
2020-11-19,89.231,92.54,89.832,87.901
2020-11-23,89.613,92.868,90.559,87.608
2020-11-24,91.182,94.634,92.589,88.917
2020-11-25,91.136,95.176,92.882,89.18
2020-11-26,90.935,95.501,92.961,89.276
2020-11-27,90.893,95.675,93.255,89.449
2020-11-30,89.242,94.114,91.832,87.991
2020-12-01,91.933,96.319,93.896,89.614
2020-12-02,92.448,96.902,94.3,90.226
2020-12-03,93.225,98.149,95.232,91.248
2020-12-04,94.187,98.734,95.875,91.057
2020-12-07,94.593,98.953,95.827,91.085
2020-12-08,94.492,99.196,95.781,91.177
2020-12-09,93.872,98.164,95.066,90.242
2020-12-10,96.132,99.637,96.98,91.761
2020-12-11,96.31,99.941,97.259,92.251
2020-12-14,95.745,99.545,96.966,92.142
2020-12-15,97.057,101.03,97.953,93.06
2020-12-16,98.177,101.933,99.472,94.477
2020-12-17,98.507,102.105,99.649,94.427
2020-12-18,97.972,101.509,99.246,93.91
2020-12-21,95.807,99.585,97.844,92.842
2020-12-22,96.179,99.606,98.124,93.049
2020-12-23,97.703,100.743,99.396,94.256
2020-12-28,98.955,102.212,100.403,95.417
2020-12-29,99.143,102.607,100.761,95.88
2020-12-30,98.663,102.348,100.618,95.575
2021-01-04,97.69,101.415,99.987,93.913
2021-01-05,97.406,101.071,100.548,93.9
2021-01-06,97.222,99.855,101.078,93.982
2021-01-07,98.129,100.772,102.853,94.748
2021-01-08,100.239,103.957,105.485,97.962
2021-01-11,98.633,102.196,103.571,95.768
2021-01-12,99.556,103.612,104.575,97.499
2021-01-13,98.429,102.891,102.924,96.607
2021-01-14,99.62,104.644,104.139,97.731
2021-01-15,97.771,102.705,101.627,95.889
2021-01-18,97.813,102.945,102.251,96.547
2021-01-19,96.999,102.294,101.771,95.782
2021-01-20,96.302,101.653,100.957,95.282
2021-01-21,95.144,100.347,99.89,94.093
2021-01-22,94.264,99.274,98.818,93.008
2021-01-26,93.346,98.295,98.221,92.555
2021-01-27,94.18,98.542,97.731,92.191
2021-01-28,96.462,101.388,100.625,95.191
2021-01-29,93.915,98.49,97.836,92.816
2021-02-01,95.516,100.356,98.981,93.318
2021-02-02,96.529,101.872,99.714,94.309
2021-02-03,98.07,103.237,100.972,95.283
2021-02-04,97.628,102.591,100.58,95.025
2021-02-05,97.639,102.912,101.14,95.087
2021-02-08,96.887,102.948,100.795,94.873
2021-02-09,96.798,102.64,100.722,95.026
2021-02-10,96.125,101.296,99.879,93.808
2021-02-11,97.473,102.465,100.558,94.763
2021-02-12,97.264,102.531,100.458,94.391
2021-02-17,97.232,102.918,101.533,94.8
2021-02-18,95.653,101.602,100.478,93.484
2021-02-19,95.179,101.575,100.148,93.944
2021-02-22,91.098,98.433,95.02,90.576
2021-02-23,93.294,99.849,97.178,91.982
2021-02-24,93.473,100.438,97.55,92.136
2021-02-25,91.211,97.653,94.673,89.463
2021-02-26,89.395,95.628,92.799,87.768
2021-03-01,88.332,94.206,93.052,87.523
2021-03-02,89.089,94.581,94.069,88.297
2021-03-03,89.286,94.267,93.768,88.506
2021-03-04,90.648,96.001,95.038,89.852
2021-03-05,92.533,97.751,97.157,91.415
2021-03-08,89.029,93.583,93.286,87.364
2021-03-09,89.305,93.795,93.892,88.055
2021-03-10,90.806,95.657,95.111,89.406
2021-03-11,92.094,97.99,96.973,90.883
2021-03-12,92.105,96.927,96.278,90.485
2021-03-15,92.844,97.954,96.861,91.054
2021-03-16,92.228,97.076,96.159,90.416
2021-03-17,94.373,99.516,98.293,92.429
2021-03-18,93.329,97.7,96.848,91.302
2021-03-19,94.343,99.642,98.017,92.636
2021-03-22,93.463,98.752,96.969,91.827
2021-03-23,92.328,97.804,95.521,90.706
2021-03-24,90.753,96.32,94.511,89.151
2021-03-25,91.926,98.017,95.932,90.803
2021-03-26,92.477,98.257,96.802,91.229
2021-03-29,92.572,98.519,97.34,91.326
2021-03-30,94.063,100.685,98.547,92.942
2021-03-31,93.214,100.434,98.365,92.441
2021-04-01,92.106,99.191,97.2,91.242
2021-04-05,93.188,101.009,99.11,92.503
2021-04-06,93.107,101.412,99.094,92.737
2021-04-07,93.275,101.346,99.2,92.447
2021-04-08,93.719,102.199,99.781,93.311
2021-04-09,93.369,101.953,99.238,92.89
2021-04-12,94.111,102.742,100.202,93.882
2021-04-13,94.147,103.399,100.611,94.327
2021-04-14,94.637,103.569,101.452,94.628
2021-04-15,94.705,104.193,101.795,95.05
2021-04-16,95.046,104.806,102.143,95.483
2021-04-19,94.663,104.441,101.991,94.895
2021-04-20,94.196,104.136,101.256,94.491
2021-04-22,93.932,103.541,100.673,93.803
2021-04-23,94.972,104.423,101.65,94.693
2021-04-26,94.803,104.898,101.705,94.636
2021-04-27,93.597,103.594,100.687,93.44
2021-04-28,94.784,104.493,102.092,94.473
2021-04-29,94.01,104.233,101.259,93.634
2021-04-30,93.256,103.138,100.271,92.914
2021-05-03,93.618,103.408,100.536,93.395
2021-05-04,92.226,102.308,99.274,91.84
2021-05-05,93.635,103.831,100.836,93.208
2021-05-06,93.663,103.724,101.137,93.01
2021-05-07,94.974,105.778,102.922,94.711
2021-05-10,95.332,105.449,102.813,94.561
2021-05-11,95.733,105.92,103.703,94.791
2021-05-12,93.503,102.815,100.959,92.345
2021-05-13,94.636,104.022,101.799,93.564
2021-05-14,95.56,105.247,102.79,94.517
2021-05-17,96.002,106.088,103.681,94.964
2021-05-18,95.972,106.023,103.717,94.965
2021-05-19,96.321,106.02,103.427,95.088
2021-05-20,96.355,106.429,103.481,95.485
2021-05-21,96.257,106.096,103.389,95.612
2021-05-24,97.172,107.175,104.604,96.862
2021-05-25,97.031,107.343,103.723,96.501
2021-05-26,97.614,108.047,104.568,96.875
2021-05-27,97.85,108.896,104.886,97.22
2021-05-28,98.483,109.161,105.893,97.756
2021-05-31,98.622,109.39,106.446,97.926
2021-06-01,100.795,111.5,108.176,100.091
2021-06-02,101.688,112.147,109.301,100.76
2021-06-04,102.512,112.806,109.743,101.385
2021-06-07,103.523,113.591,110.292,102.35
2021-06-08,102.718,112.633,109.458,101.409
2021-06-09,102.83,112.241,109.559,101.119
2021-06-10,103.658,112.993,109.701,101.34
2021-06-11,102.542,111.775,109.166,100.334
2021-06-14,103.38,112.872,109.813,101.193
2021-06-15,103.283,112.883,109.714,101.336
2021-06-16,102.692,111.952,109.012,101.004
2021-06-17,102.2,110.98,107.998,100.616
2021-06-18,102.111,111.173,108.292,100.352
2021-06-21,102.299,112.005,109.017,100.768
2021-06-22,100.946,111.302,108.597,99.979
2021-06-23,100.356,110.576,108.311,99.268
2021-06-24,101.031,111.644,109.227,100.178
2021-06-25,98.997,109.406,107.323,97.858
2021-06-28,99.182,109.599,107.469,98.389
2021-06-29,98.475,108.807,107.383,97.835
2021-06-30,97.503,108.122,106.94,96.971
2021-07-01,96.827,107.262,105.982,96.35
2021-07-02,98.057,108.771,107.632,97.884
2021-07-05,97.591,108.465,107.04,97.392
2021-07-06,96.231,106.721,105.5,95.956
2021-07-07,97.77,108.334,107.123,97.755
2021-07-08,96.174,106.821,105.781,96.458
2021-07-12,98.095,108.909,107.608,98.329
2021-07-13,98.317,109.494,108.092,98.733
2021-07-14,98.564,110.032,108.294,99.198
2021-07-15,97.697,109.077,107.502,98.466
2021-07-16,96.916,108.271,106.23,97.492
2021-07-19,95.458,106.278,104.91,96.278
2021-07-20,96.145,107.1,105.758,96.965
2021-07-21,96.481,107.235,106.204,97.085
2021-07-22,96.385,107.558,106.388,97.267
2021-07-23,95.638,106.48,105.465,96.355
2021-07-26,95.963,106.741,106.267,96.579
2021-07-27,95.208,105.469,105.093,95.681
2021-07-28,96.726,106.555,106.505,96.598
2021-07-29,96.007,106.097,105.99,96.265
2021-07-30,94.157,103.307,102.722,93.86
2021-08-02,94.924,104.065,103.325,94.772
2021-08-03,95.296,104.141,104.22,94.99
2021-08-04,94.013,102.911,102.722,93.535
2021-08-05,93.73,101.984,102.581,92.844
2021-08-06,95.029,102.931,103.573,93.98
2021-08-09,95.196,103.299,103.75,94.435
2021-08-10,94.039,102.302,103.061,93.368
2021-08-11,94.389,102.068,102.937,93.152
2021-08-12,93.498,100.711,101.795,91.597
2021-08-13,93.919,100.998,102.21,92.104
2021-08-16,92.601,99.068,100.512,90.24
2021-08-17,91.997,97.689,99.436,89.232
2021-08-18,91.642,97.196,98.372,88.708
2021-08-19,92.441,98.692,98.813,90.401
2021-08-20,93.396,100.056,99.561,91.328
2021-08-23,93.176,99.428,99.071,90.656
2021-08-24,95.093,102.136,101.381,92.63
2021-08-25,95.542,102.866,101.893,93.24
2021-08-26,94.127,100.787,100.127,91.415
2021-08-27,95.166,102.255,101.775,92.521
2021-08-30,94.626,101.379,100.984,91.795
2021-08-31,94.633,100.714,100.175,91.544
2021-09-01,94.555,101.1,100.694,92.228
2021-09-02,92.023,98.642,98.401,89.689
2021-09-03,92.083,98.812,98.617,90.02
2021-09-06,93.262,100.065,99.406,91.222
2021-09-08,89.6,96.452,95.648,87.72
2021-09-09,91.445,98.624,97.291,89.599
2021-09-10,90.764,97.867,96.385,88.512
2021-09-13,92.579,100.053,98.171,90.29
2021-09-14,92.253,99.868,97.983,90.326
2021-09-15,91.216,99.12,97.04,89.399
2021-09-16,91.081,98.576,95.97,88.899
2021-09-17,89.769,97.032,93.983,87.317
2021-09-20,87.928,95.135,91.795,85.398
2021-09-21,88.879,96.427,92.981,86.379
2021-09-22,90.81,97.939,94.694,87.617
2021-09-23,92.233,99.336,96.197,88.992
2021-09-24,91.489,98.971,95.539,88.41
2021-09-27,91.842,98.875,95.792,88.385
2021-09-28,89.369,96.037,92.874,85.703
2021-09-29,90.059,96.777,93.703,86.344
2021-09-30,89.868,96.507,93.596,86.181
2021-10-01,91.54,98.253,95.216,87.831
2021-10-04,89.07,95.261,93.101,85.14
2021-10-05,89.566,94.924,93.156,85.062
2021-10-06,89.491,94.816,93.242,85.108
2021-10-07,89.195,94.677,93.263,84.725
2021-10-08,91.79,97.375,95.159,86.662
2021-10-11,91.241,96.872,94.608,85.649
2021-10-13,92.628,98.653,95.685,87.184
2021-10-14,92.264,98.286,95.456,86.91
2021-10-15,93.622,99.447,96.69,88.149
2021-10-18,93.892,99.493,96.504,88.091
2021-10-19,90.957,95.77,93.337,85.072
2021-10-20,91.699,95.585,93.433,85.368
2021-10-21,89.083,92.41,90.86,83.015
2021-10-22,87.703,90.951,89.646,81.576
2021-10-25,89.319,92.824,91.686,83.089
2021-10-26,87.491,90.38,89.751,81.062
2021-10-27,87.377,91.057,89.703,81.319
2021-10-28,86.856,89.863,89.148,80.678
2021-10-29,85.692,88.689,87.289,79.613
2021-11-01,87.803,90.389,89.018,81.154
2021-11-03,89.91,92.187,89.073,82.703
2021-11-04,88.185,90.541,87.214,80.976
2021-11-05,89.899,92.402,88.405,82.779
2021-11-08,89.84,92.037,88.368,81.963
2021-11-09,90.185,93.26,89.004,82.818
2021-11-10,90.86,93.707,89.369,83.391
2021-11-11,91.843,95.425,90.851,84.737
2021-11-12,90.84,93.912,89.66,83.039
2021-11-16,89.322,91.699,88.138,81.434
2021-11-17,88.223,90.14,86.82,80.387
2021-11-18,87.837,90.136,86.465,80.458
2021-11-19,89.334,90.948,86.896,80.842
2021-11-22,88.324,89.306,86.126,79.173
2021-11-23,89.021,90.12,87.426,79.817
2021-11-24,89.887,90.534,88.143,80.142
2021-11-25,91.354,91.906,89.237,81.009
2021-11-26,88.361,88.538,86.212,78.256
2021-11-29,88.519,88.905,86.709,78.271
2021-11-30,87.94,87.96,85.951,77.297
2021-12-01,86.762,86.43,84.99,76.019
2021-12-02,89.047,89.502,88.103,78.099
2021-12-03,89.729,90.684,88.612,78.793
2021-12-06,90.841,92.251,90.121,79.782
2021-12-07,90.74,92.133,90.71,80.106
2021-12-08,90.904,93.511,91.164,80.766
2021-12-09,89.166,91.863,89.642,79.094
2021-12-10,90.402,93.462,90.879,80.302
2021-12-13,89.525,92.832,90.563,79.58
2021-12-14,89.035,91.997,90.037,79.129
2021-12-15,89.673,93.098,90.552,79.789
2021-12-16,90.099,93.26,91.262,79.865
2021-12-17,89.504,93.003,90.409,79.402
2021-12-20,87.697,90.797,88.57,77.708
2021-12-21,88.11,91.307,88.975,77.775
2021-12-22,88.099,90.992,88.759,77.629
2021-12-23,87.951,90.587,88.461,77.335
2021-12-27,88.594,91.236,89.001,77.794
2021-12-28,88.416,91.171,88.438,77.466
2021-12-29,87.868,90.132,87.8,76.756
2021-12-30,88.538,91.259,88.403,77.407
2022-01-03,87.287,89.092,87.644,76.193
2022-01-04,86.867,87.648,87.3,75.854
2022-01-05,84.899,84.858,85.185,73.745
2022-01-06,84.923,84.89,85.653,74.021
2022-01-07,85.122,85.088,86.629,74.251
2022-01-10,84.432,84.059,85.977,73.726
2022-01-11,85.488,85.591,87.523,74.822
2022-01-12,86.766,87.442,89.132,76.139
2022-01-13,87.04,86.989,89.0,75.925
2022-01-14,88.117,88.04,90.179,76.816
2022-01-17,88.117,87.507,89.98,76.67
2022-01-18,87.888,86.836,89.837,76.066
2022-01-19,89.342,88.736,91.094,77.299
2022-01-20,90.567,90.947,92.013,78.56
2022-01-21,90.654,91.197,91.878,78.696
2022-01-24,89.692,89.968,90.874,77.645
2022-01-25,91.67,92.038,92.639,79.225
2022-01-26,92.03,93.214,94.096,80.489
2022-01-27,93.485,94.599,94.722,81.165
2022-01-28,93.238,94.109,94.016,81.016
2022-01-31,94.468,95.538,94.784,82.59
2022-02-01,94.515,95.447,95.424,82.174
2022-02-02,92.963,93.746,94.592,81.344
2022-02-03,93.13,93.424,94.2,81.07
2022-02-04,92.901,92.689,94.663,80.948
2022-02-07,92.488,92.391,94.453,80.507
2022-02-08,92.948,92.763,94.654,80.687
2022-02-09,93.596,93.761,94.845,80.875
2022-02-10,93.861,93.908,95.603,81.084
2022-02-11,93.779,93.159,95.782,81.019
2022-02-14,94.301,93.929,95.981,81.695
2022-02-15,95.703,95.983,96.7,83.316
2022-02-16,95.86,96.307,97.139,83.458
2022-02-17,95.092,95.414,95.745,82.583
2022-02-18,94.717,94.662,95.104,81.785
2022-02-21,93.182,92.639,94.225,80.339
2022-02-22,93.841,93.939,95.209,81.368
2022-02-23,93.18,93.097,94.463,80.529
2022-02-24,92.879,92.791,94.112,80.229
2022-02-25,93.221,92.634,95.42,80.608
2022-03-02,93.543,93.308,97.133,80.863
2022-03-03,93.589,93.328,97.127,81.014
2022-03-04,92.329,91.647,96.543,79.937
2022-03-07,89.132,87.845,94.113,77.618
2022-03-08,89.797,88.729,93.784,77.827
2022-03-09,93.07,92.766,96.059,81.022
2022-03-10,91.978,91.409,95.859,79.714
2022-03-11,90.581,88.999,94.215,78.332
2022-03-14,89.904,88.048,92.709,77.776
2022-03-15,89.518,88.231,91.892,77.626
2022-03-16,91.59,90.32,93.708,79.433
2022-03-17,93.253,92.064,95.364,81.177
2022-03-18,94.915,94.782,97.249,82.863
2022-03-21,95.439,94.397,97.961,82.681
2022-03-22,96.901,96.427,98.903,84.297
2022-03-23,97.075,96.87,99.059,84.336
2022-03-24,99.003,99.235,100.405,85.637
2022-03-25,100.005,100.209,100.428,86.009
2022-03-28,99.65,99.921,100.139,86.002
2022-03-29,100.795,101.425,101.215,87.174
2022-03-30,100.824,101.061,101.423,86.868
2022-03-31,100.731,100.774,101.203,86.515
2022-04-01,102.797,103.265,102.528,87.943
2022-04-04,102.238,102.94,102.283,87.616
2022-04-05,100.383,100.719,100.263,85.844
2022-04-06,99.588,98.977,99.709,84.9
2022-04-07,99.565,99.063,100.244,84.656
2022-04-08,98.945,98.379,99.788,84.371
2022-04-11,98.009,97.115,98.634,83.381
2022-04-12,97.287,96.529,97.954,82.713
2022-04-13,97.779,96.989,98.49,82.985
2022-04-14,97.453,96.167,97.984,82.688
2022-04-18,97.608,96.038,97.566,82.747
2022-04-19,97.222,96.331,97.035,82.321
2022-04-20,96.639,95.484,96.433,81.932
2022-04-22,94.892,93.116,93.679,80.298
2022-04-25,95.211,93.408,93.348,80.329
2022-04-26,93.146,91.077,91.263,78.112
2022-04-27,93.407,91.563,92.221,78.423
2022-04-28,93.632,92.029,92.702,78.504
2022-04-29,91.88,89.84,90.979,76.649
2022-05-02,90.752,88.471,89.935,75.688
2022-05-03,90.678,88.401,89.842,75.546
2022-05-04,92.639,90.531,91.373,76.705
2022-05-05,89.474,87.117,88.809,74.037
2022-05-06,89.15,86.041,88.667,73.456
2022-05-09,87.947,84.58,87.077,72.721
2022-05-10,87.935,85.067,86.959,72.609
2022-05-11,87.842,84.747,88.045,72.654
2022-05-12,89.663,86.392,89.133,73.987
2022-05-13,90.767,88.353,90.176,75.104
2022-05-16,91.405,89.246,91.28,75.67
2022-05-17,92.197,90.168,91.749,76.394
2022-05-18,90.307,87.792,89.605,74.571
2022-05-19,90.654,88.381,90.244,74.722
2022-05-20,91.625,89.275,91.495,75.651
2022-05-23,93.243,90.205,93.062,76.554
2022-05-24,93.287,90.059,93.26,77.027
2022-05-25,93.066,89.901,93.259,76.727
2022-05-26,94.261,91.487,94.364,77.971
2022-05-27,93.982,91.318,94.408,78.419
2022-05-30,93.054,90.293,93.64,77.652
2022-05-31,93.354,90.422,93.909,77.981
2022-06-01,92.935,90.044,93.917,77.619
2022-06-02,93.66,91.163,94.788,78.437
2022-06-03,92.188,89.63,93.699,77.156
2022-06-06,90.801,88.264,92.927,76.245
2022-06-07,89.796,87.391,92.829,75.624
2022-06-08,88.835,86.497,91.393,74.622
2022-06-09,87.933,85.847,90.319,74.133
2022-06-10,86.376,84.001,88.959,72.746
2022-06-13,83.952,80.681,86.527,70.641
2022-06-14,83.339,79.821,86.076,70.01
2022-06-15,84.449,81.55,86.704,70.96
2022-06-17,82.851,80.127,84.189,69.768
2022-06-20,83.46,79.708,84.212,70.029
2022-06-21,83.533,79.767,84.071,69.973
2022-06-22,83.184,79.765,83.933,69.985
2022-06-23,82.673,79.537,82.717,69.352
2022-06-24,82.611,79.595,83.216,69.633
2022-06-27,83.229,80.141,84.981,70.211
2022-06-28,82.679,79.389,84.835,69.599
2022-06-29,81.804,78.414,84.017,68.927
2022-06-30,81.639,77.651,83.107,68.404
2022-07-01,82.191,78.108,83.454,68.819
2022-07-04,81.308,77.458,83.163,68.265
2022-07-05,81.845,78.044,82.898,68.578
2022-07-06,82.577,79.134,83.256,69.04
2022-07-07,84.151,80.798,84.952,70.204
2022-07-08,84.311,80.629,84.58,69.977
2022-07-11,82.874,78.636,82.828,68.481
2022-07-12,83.392,79.452,82.878,68.727
2022-07-13,82.618,78.892,82.549,68.363
2022-07-14,82.303,78.253,81.065,67.962
2022-07-15,82.532,78.344,81.427,68.065
2022-07-18,82.516,77.981,81.735,67.991
2022-07-19,83.756,79.072,82.856,69.042
2022-07-20,84.004,80.079,82.892,69.318
2022-07-21,84.384,80.47,83.521,69.927
2022-07-22,83.701,79.907,83.43,69.553
2022-07-25,83.94,80.063,84.564,69.998
2022-07-26,83.353,78.927,84.144,69.364
2022-07-27,84.303,81.163,85.549,70.829
2022-07-28,85.154,82.066,86.526,71.545
2022-07-29,84.973,81.913,87.005,71.366
2022-08-01,84.637,81.551,86.213,70.978
2022-08-02,84.977,81.875,87.172,71.631
2022-08-03,86.127,83.65,87.52,72.59
2022-08-04,88.745,86.895,89.305,74.53
2022-08-05,89.05,86.66,89.795,74.635
2022-08-08,90.473,88.097,91.422,75.602
2022-08-09,90.464,87.045,91.632,75.318
2022-08-10,92.111,89.317,92.969,76.912
2022-08-11,91.361,88.047,92.532,76.308
2022-08-12,93.821,90.544,95.101,77.788
2022-08-15,94.336,91.996,95.327,78.346
2022-08-16,94.631,91.6,95.732,78.355
2022-08-17,94.711,91.726,95.897,78.424
2022-08-18,94.262,91.301,95.986,78.357
2022-08-19,92.502,89.326,94.032,77.049
2022-08-22,92.079,88.352,93.192,76.017
2022-08-23,93.386,90.027,95.179,76.899
2022-08-24,93.888,91.053,95.214,77.269
2022-08-25,94.549,91.773,95.749,77.779
2022-08-26,93.46,90.404,94.709,76.654
2022-08-29,93.289,90.369,94.729,76.555
2022-08-30,92.182,88.929,93.133,76.092
2022-08-31,91.017,88.047,92.368,74.916
2022-09-01,91.497,88.718,93.111,75.644
2022-09-02,91.857,89.325,93.499,76.457
2022-09-05,92.47,90.241,94.628,77.214
2022-09-06,90.793,87.993,92.571,75.748
2022-09-08,91.417,88.469,92.699,75.816
2022-09-09,93.151,90.418,94.71,76.911
2022-09-12,94.131,91.443,95.643,77.893
2022-09-13,92.001,89.078,93.44,76.222
2022-09-14,91.694,88.789,93.231,76.111
2022-09-15,91.18,87.838,92.731,75.281
2022-09-16,90.711,87.349,92.163,74.765
2022-09-19,92.562,89.257,94.308,76.469
2022-09-20,93.142,89.456,94.893,77.389
2022-09-21,92.889,89.329,94.403,77.064
2022-09-22,94.456,90.813,96.202,78.428
2022-09-23,93.2,89.491,94.217,77.347
2022-09-26,90.998,87.074,92.023,75.097
2022-09-27,89.808,85.779,91.4,74.5
2022-09-28,90.253,86.069,91.463,74.547
2022-09-29,89.144,84.472,90.8,73.782
2022-09-30,90.97,86.371,92.801,75.012
2022-10-03,95.925,91.249,97.943,79.315
2022-10-04,95.19,91.128,98.024,79.279
2022-10-05,95.304,91.185,98.84,79.484
2022-10-06,96.022,92.206,99.147,79.816
2022-10-07,95.508,90.9,98.146,78.681
2022-10-10,95.542,91.111,97.78,78.75
2022-10-11,94.471,90.241,96.841,77.931
2022-10-13,93.839,89.686,96.396,77.371
2022-10-14,91.957,87.429,94.517,76.043
2022-10-17,92.77,88.683,95.826,77.277
2022-10-18,94.137,90.165,97.613,78.721
2022-10-19,94.937,89.884,98.061,78.947
2022-10-20,95.164,89.767,98.818,79.2
2022-10-21,96.591,91.456,101.144,80.826
2022-10-24,94.17,89.794,97.841,79.008
2022-10-25,93.314,88.552,96.671,77.955
2022-10-26,91.317,86.172,95.101,76.138
2022-10-27,93.906,88.971,96.684,78.401
2022-10-28,94.686,89.865,96.598,79.245
2022-10-31,96.141,92.475,97.861,81.667
2022-11-01,96.65,93.229,98.614,82.012
2022-11-03,97.436,93.688,98.586,82.403
2022-11-04,97.515,94.001,99.647,83.032
2022-11-07,95.266,91.105,97.275,80.905
2022-11-08,95.454,91.236,97.965,81.13
2022-11-09,93.723,89.807,95.789,79.11
2022-11-10,90.133,85.236,92.58,75.482
2022-11-11,90.565,86.481,94.67,75.713
2022-11-14,91.327,87.32,95.436,76.057
2022-11-16,88.493,84.249,92.975,73.708
2022-11-17,87.629,82.917,92.519,73.086
2022-11-18,86.883,82.145,91.825,73.013
2022-11-21,88.19,83.886,92.557,74.023
2022-11-22,87.311,82.913,91.958,73.705
2022-11-23,87.091,82.219,91.659,73.171
2022-11-24,89.627,85.03,94.314,75.639
2022-11-25,87.343,82.39,91.907,73.297
2022-11-28,86.69,81.581,91.743,72.82
2022-11-29,87.689,82.852,93.537,73.679
2022-11-30,88.254,83.539,94.866,74.42
2022-12-01,86.998,81.689,93.551,73.267
2022-12-02,88.028,82.653,94.393,73.925
2022-12-05,85.502,79.833,92.265,71.73
2022-12-06,86.178,80.439,92.376,71.568
2022-12-07,85.789,80.411,92.231,72.24
2022-12-08,83.636,78.255,90.446,70.256
2022-12-09,83.523,77.839,90.821,70.04
2022-12-12,82.452,76.62,88.776,68.685
2022-12-13,80.914,75.045,87.619,67.517
2022-12-14,81.102,75.771,87.544,68.051
2022-12-15,81.038,75.519,87.489,67.712
2022-12-16,80.017,74.208,86.719,67.196
2022-12-19,81.97,76.416,88.157,68.692
2022-12-20,83.927,78.475,90.222,70.629
2022-12-21,84.41,78.957,90.504,70.618
2022-12-22,84.719,79.079,90.507,70.595
2022-12-23,86.262,80.886,92.515,72.223
2022-12-26,85.245,79.842,91.706,71.206
2022-12-27,84.382,78.655,91.376,70.301
2022-12-28,86.17,80.797,92.97,72.19
2022-12-29,85.958,80.326,92.796,72.156
2023-01-02,83.396,77.467,89.714,69.506
2023-01-03,81.317,75.363,87.85,67.767
2023-01-04,82.496,76.662,88.835,68.54
2023-01-05,84.214,78.314,90.677,69.887
2023-01-06,85.66,79.65,91.788,70.875
2023-01-09,86.003,79.844,92.118,71.144
2023-01-10,87.615,81.656,93.539,72.37
2023-01-11,88.535,83.025,94.257,73.078
2023-01-12,87.755,81.789,94.353,72.991
2023-01-13,87.066,80.622,93.542,72.147
2023-01-16,86.063,79.307,92.106,71.143
2023-01-17,87.594,80.563,93.983,72.47
2023-01-18,88.026,81.142,94.838,73.333
2023-01-19,88.224,80.971,95.305,73.397
2023-01-20,87.466,79.953,94.71,72.558
2023-01-23,87.721,80.085,94.211,71.757
2023-01-24,88.646,81.518,95.324,72.845
2023-01-25,89.479,82.635,96.308,73.628
2023-01-26,89.665,82.757,96.235,73.552
2023-01-27,88.972,82.06,94.88,72.843
2023-01-30,89.059,82.049,94.362,72.309
2023-01-31,90.634,83.731,95.749,73.695
2023-02-01,89.375,83.296,94.712,72.966
2023-02-02,88.356,82.44,92.715,72.116
2023-02-03,86.808,80.309,91.496,70.742
2023-02-06,86.778,80.067,91.468,70.496
2023-02-07,85.712,78.881,91.016,69.983
2023-02-08,87.356,79.873,92.67,71.478
2023-02-09,85.513,77.78,90.9,69.693
2023-02-10,85.813,77.83,91.21,69.969
2023-02-13,86.689,78.245,91.797,70.56
2023-02-14,86.031,76.922,90.796,69.491
2023-02-15,87.246,78.436,92.299,70.72
2023-02-16,87.741,78.786,92.69,71.08
2023-02-17,87.54,78.314,92.182,70.919
2023-02-22,85.871,76.627,90.368,69.405
2023-02-23,85.986,76.697,90.847,69.608
2023-02-24,84.837,75.615,89.289,68.52
2023-02-27,84.601,75.469,89.153,68.231
2023-02-28,83.968,74.697,88.496,67.932
2023-03-01,83.076,73.439,88.034,66.764
2023-03-02,82.461,73.154,87.141,66.146
2023-03-03,82.501,73.163,87.597,66.151
2023-03-06,84.274,74.934,88.3,67.3
2023-03-07,84.771,75.163,87.902,67.376
2023-03-08,86.648,77.586,89.852,69.151
2023-03-09,86.106,76.918,88.613,68.125
2023-03-10,84.644,75.362,87.388,66.99
2023-03-13,84.782,75.415,86.968,66.829
2023-03-14,84.853,75.042,86.809,66.713
2023-03-15,85.191,75.44,86.592,67.134
2023-03-16,85.768,76.086,87.233,67.794
2023-03-17,84.236,74.832,86.008,66.257
2023-03-20,83.458,73.484,85.115,65.443
2023-03-21,83.461,73.446,85.178,65.42
2023-03-22,82.897,72.805,84.523,64.964
2023-03-23,81.062,70.671,82.587,63.5
2023-03-24,82.139,71.982,83.349,64.445
2023-03-27,82.646,72.373,84.058,65.056
2023-03-28,83.58,73.757,85.336,66.085
2023-03-29,83.807,73.775,85.848,66.307
2023-03-30,85.394,75.595,87.468,67.718
2023-03-31,83.844,74.19,85.923,66.58
2023-04-03,82.965,73.157,85.606,65.777
2023-04-04,83.601,73.48,85.912,66.612
2023-04-05,83.129,72.727,85.161,65.993
2023-04-06,83.318,72.939,85.029,66.016
2023-04-10,83.806,73.424,85.894,66.426
2023-04-11,87.823,77.179,89.577,69.112
2023-04-12,89.003,78.077,90.147,69.97
2023-04-13,89.073,77.778,89.783,69.672
2023-04-14,89.006,77.084,89.632,69.493
2023-04-17,89.187,76.886,89.41,69.303
2023-04-18,88.91,76.324,89.534,69.025
2023-04-19,87.219,74.439,87.636,67.798
2023-04-20,87.608,75.205,88.019,68.419
2023-04-24,87.501,75.109,87.665,68.312
2023-04-25,87.013,74.329,87.052,68.058
2023-04-26,86.256,73.696,86.286,67.359
2023-04-27,87.047,74.359,86.801,67.936
2023-04-28,88.505,76.162,88.074,68.89
2023-05-02,86.867,74.513,85.961,67.621
2023-05-03,87.103,74.778,85.852,67.644
2023-05-04,87.799,75.704,86.17,68.196
2023-05-05,90.285,78.344,88.678,70.009
2023-05-08,90.979,79.064,89.432,70.436
2023-05-09,91.563,80.09,90.336,71.197
2023-05-10,92.325,81.101,90.618,71.725
2023-05-11,93.292,81.804,91.299,72.341
2023-05-12,93.192,81.647,91.474,72.146
2023-05-15,93.526,82.204,91.951,72.712
2023-05-16,91.902,80.84,91.247,71.962
2023-05-17,92.728,82.388,92.314,72.867
2023-05-18,93.529,83.474,92.861,73.36
2023-05-19,94.134,84.265,93.398,74.037
2023-05-22,94.229,84.582,92.949,73.875
2023-05-23,93.997,83.831,92.71,73.639
2023-05-24,93.174,82.812,91.758,72.759
2023-05-25,94.353,84.052,92.815,73.98
2023-05-26,94.874,84.708,93.534,74.304
2023-05-29,94.739,84.493,93.051,73.946
2023-05-30,93.676,83.643,91.899,73.135
2023-05-31,93.045,83.702,91.366,72.788
2023-06-01,94.65,85.522,93.246,74.166
2023-06-02,95.982,86.591,94.927,75.32
2023-06-05,96.136,86.785,95.044,75.437
2023-06-06,97.939,88.96,96.658,76.833
2023-06-07,98.191,89.278,97.398,77.057
2023-06-09,99.909,90.394,98.689,77.852
2023-06-12,100.468,90.79,98.957,78.145
2023-06-13,99.43,89.502,98.457,77.514
2023-06-14,101.545,91.48,100.418,78.8
2023-06-15,101.709,91.983,100.547,79.092
2023-06-16,101.104,91.366,100.156,78.577
2023-06-19,102.016,92.159,101.084,79.297
2023-06-20,102.082,92.521,100.885,79.405
2023-06-21,102.503,92.751,101.558,79.745
2023-06-22,100.862,91.199,100.304,78.69
2023-06-23,100.99,91.791,100.341,79.342
2023-06-26,99.99,90.595,99.722,78.409
2023-06-27,99.276,89.366,99.114,77.714
2023-06-28,98.863,88.97,98.404,77.298
2023-06-29,100.471,90.775,99.84,78.547
2023-06-30,100.469,91.195,99.59,79.169
2023-07-03,101.168,91.796,100.928,79.943
2023-07-04,100.821,91.61,100.424,79.456
2023-07-05,101.125,92.339,100.823,80.002
2023-07-06,99.034,90.335,99.033,78.397
2023-07-07,100.237,92.104,100.274,79.633
2023-07-10,99.379,91.239,99.468,78.983
2023-07-11,98.604,90.585,98.859,78.044
2023-07-12,98.28,90.291,99.235,78.352
2023-07-13,99.212,90.91,100.583,79.263
2023-07-14,98.053,89.566,99.273,78.134
2023-07-17,98.5,90.145,99.701,78.75
2023-07-18,98.288,90.155,99.383,78.584
2023-07-19,97.921,89.755,99.139,78.276
2023-07-20,98.318,89.829,99.587,78.669
2023-07-21,100.123,91.659,101.387,80.249
2023-07-24,100.597,92.508,102.335,80.573
2023-07-25,100.947,92.834,102.897,80.464
2023-07-26,102.126,93.582,103.363,81.025
2023-07-27,100.302,92.257,101.195,79.699
2023-07-28,100.851,92.76,101.361,80.275
2023-07-31,101.838,93.953,102.842,80.934
2023-08-01,101.75,93.796,102.256,80.747
2023-08-02,101.586,93.562,101.928,80.684
2023-08-03,101.18,93.002,101.698,80.193
2023-08-04,100.649,92.839,100.789,79.664
2023-08-07,100.34,92.54,100.681,79.404
2023-08-08,100.028,92.252,100.436,79.234
2023-08-09,99.114,91.294,99.862,78.645
2023-08-10,99.362,91.555,99.812,78.717
2023-08-11,99.286,91.258,99.572,78.591
2023-08-14,98.439,90.008,98.513,77.798
2023-08-15,97.614,89.29,97.974,77.321
2023-08-16,97.528,88.568,97.486,76.553
2023-08-17,96.821,87.722,96.972,75.903
2023-08-18,97.559,88.341,97.332,76.371
2023-08-21,96.678,87.361,96.505,75.595
2023-08-22,97.807,88.537,97.962,76.662
2023-08-23,98.422,88.716,99.631,77.631
2023-08-24,97.42,87.778,98.695,76.858
2023-08-25,96.425,86.526,97.693,75.937
2023-08-28,97.233,86.811,98.775,76.74
2023-08-29,98.357,87.458,99.857,77.415
2023-08-30,97.59,86.933,99.125,76.604
2023-08-31,95.685,84.993,97.612,75.317
2023-09-01,97.197,86.494,99.427,76.079
2023-09-04,96.952,86.467,99.329,76.027
2023-09-05,96.066,85.539,98.953,75.197
2023-09-06,95.197,84.495,97.817,74.183
2023-09-08,94.783,84.042,97.251,73.931
2023-09-11,96.071,85.003,98.575,75.154
2023-09-12,96.97,86.046,99.49,76.017
2023-09-13,97.061,86.257,99.665,76.443
2023-09-14,97.445,86.159,100.691,76.58
2023-09-15,96.91,85.302,100.156,76.223
2023-09-18,97.121,85.019,99.76,75.854
2023-09-19,96.691,84.292,99.387,75.421
2023-09-20,97.529,84.982,100.103,76.044
2023-09-21,95.353,83.017,97.952,74.388
2023-09-22,94.846,82.475,97.838,74.062
2023-09-25,94.88,82.419,97.767,74.189
2023-09-26,93.679,81.176,96.306,73.227
2023-09-27,93.364,80.95,96.419,72.861
2023-09-28,94.63,82.255,97.603,73.932
2023-09-29,95.19,83.053,98.307,74.379
2023-10-02,94.109,81.698,97.035,73.41
2023-10-03,92.523,79.997,95.653,72.16
2023-10-04,93.256,80.703,95.812,72.958
2023-10-05,93.192,80.234,95.539,72.664
2023-10-06,93.475,80.02,96.287,72.924
2023-10-09,94.142,80.833,97.118,73.323
2023-10-10,95.797,82.776,98.452,74.506
2023-10-11,96.012,82.822,98.716,74.703
2023-10-13,94.659,81.023,97.623,73.269
2023-10-16,95.465,81.545,98.28,73.653
2023-10-17,94.28,80.46,97.752,72.621
2023-10-18,93.368,78.787,96.194,71.171
2023-10-19,93.25,78.89,96.147,71.403
2023-10-20,92.404,78.539,95.431,71.201
2023-10-23,92.676,79.572,95.119,71.861
2023-10-24,93.158,80.078,95.943,72.209
2023-10-25,92.333,78.959,95.157,71.342
2023-10-26,94.039,80.772,96.799,72.898
2023-10-27,92.291,78.948,95.554,71.238
2023-10-30,91.59,78.031,94.905,70.569
2023-10-31,92.082,78.887,95.421,71.067
2023-11-01,93.95,80.303,97.031,72.312
2023-11-03,96.853,83.46,99.652,74.713
2023-11-06,96.65,83.028,99.927,74.96
2023-11-07,99.018,84.939,100.586,76.215
2023-11-08,99.707,84.912,100.444,76.371
2023-11-09,99.155,84.527,100.37,75.936
2023-11-10,100.563,85.903,101.74,77.195
2023-11-13,100.249,85.62,101.521,76.638
2023-11-14,102.221,88.04,104.01,78.59
2023-11-16,104.29,90.059,105.063,79.856
2023-11-17,104.034,89.691,105.473,79.732
2023-11-20,104.691,90.373,106.344,80.274
2023-11-21,104.408,89.596,105.932,79.609
2023-11-22,104.751,89.883,106.293,80.089
2023-11-23,105.495,90.326,106.749,80.631
2023-11-24,104.665,89.341,105.877,79.854
2023-11-27,104.839,89.698,105.996,80.155
2023-11-28,105.411,90.36,106.717,80.688
2023-11-29,105.136,89.924,106.349,80.476
2023-11-30,106.435,90.611,107.386,81.25
2023-12-01,107.342,91.706,108.037,81.771
2023-12-04,106.271,90.442,106.941,81.284
2023-12-05,107.154,91.067,107.025,81.594
2023-12-06,106.553,90.648,105.946,81.008
2023-12-07,107.19,91.219,106.272,81.3
2023-12-08,107.844,91.678,107.186,81.761
2023-12-11,107.57,91.137,107.036,81.642
2023-12-12,107.405,91.133,106.604,81.32
2023-12-13,110.468,93.971,109.186,83.8
2023-12-14,111.248,94.627,110.347,84.608
2023-12-15,110.407,93.553,109.803,83.974
2023-12-18,110.97,94.305,110.551,84.452
2023-12-19,111.259,94.943,111.198,84.876
2023-12-20,110.464,94.309,110.315,83.97
2023-12-21,111.106,95.134,111.477,84.649
2023-12-22,112.027,95.805,111.959,85.107
2023-12-26,112.492,96.175,112.617,85.5
2023-12-27,113.3,96.796,113.174,85.924
2023-12-28,112.856,96.368,113.167,86.012
2024-01-02,111.01,94.312,111.912,84.591
2024-01-03,110.892,94.345,112.027,84.36
2024-01-04,109.3,92.775,110.671,83.348
2024-01-05,109.781,93.521,111.343,84.178
2024-01-08,110.525,94.684,111.684,84.765
2024-01-09,109.835,93.994,110.857,84.222
2024-01-10,109.267,93.348,110.346,84.061
2024-01-11,108.641,92.644,110.184,83.692
2024-01-12,109.22,93.243,110.47,84.132
2024-01-15,109.794,93.598,110.92,84.478
2024-01-16,107.844,91.549,109.042,82.919
2024-01-17,107.548,90.902,108.392,82.615
2024-01-18,106.502,89.967,107.373,81.718
2024-01-19,107.036,90.7,107.643,82.234
2024-01-22,106.076,89.674,106.771,81.356
2024-01-23,107.199,90.977,108.172,82.314
2024-01-24,106.799,90.461,107.795,81.892
2024-01-25,107.313,90.933,108.093,82.019
2024-01-26,107.802,90.995,108.766,82.16
2024-01-29,106.815,89.93,108.375,81.642
2024-01-30,105.384,88.491,107.446,80.856
2024-01-31,106.281,89.377,107.741,81.273
2024-02-01,107.077,89.621,108.356,81.686
2024-02-02,106.079,88.524,107.261,81.057
2024-02-05,106.383,88.264,107.607,81.491
2024-02-06,108.941,90.255,109.988,83.514
2024-02-07,108.425,90.317,109.307,82.599
2024-02-08,107.143,88.902,108.133,81.622
2024-02-09,106.829,88.874,107.972,81.707
2024-02-14,106.438,88.097,107.122,81.004
2024-02-15,106.871,88.503,107.785,81.279
2024-02-16,106.962,89.275,108.563,81.36
2024-02-19,107.461,89.351,108.824,81.663
2024-02-20,108.267,90.575,109.566,82.948
2024-02-21,108.154,90.455,109.664,82.914
2024-02-22,109.356,91.081,109.84,83.014
2024-02-23,108.411,90.243,109.147,82.352
2024-02-26,108.375,90.227,109.307,82.625
2024-02-27,110.759,92.427,111.062,84.079
2024-02-28,109.985,91.706,109.768,83.711
2024-02-29,108.77,91.099,108.811,82.791
2024-03-01,109.257,91.571,108.946,82.944
2024-03-04,108.309,90.577,108.238,82.294
2024-03-05,108.2,90.723,108.033,82.33
2024-03-06,108.014,90.47,108.701,82.533
2024-03-07,107.952,90.044,108.237,82.241
2024-03-08,107.744,90.345,107.167,82.629
2024-03-11,106.833,89.838,106.368,82.575
2024-03-12,107.915,90.97,107.67,83.588
2024-03-13,108.169,91.331,107.955,83.942
2024-03-14,108.165,91.192,107.689,83.905
2024-03-15,106.977,89.978,106.889,83.224
2024-03-18,107.363,90.052,107.068,83.121
2024-03-19,107.325,90.636,107.553,83.62
2024-03-20,108.846,92.536,108.899,84.665
2024-03-21,107.908,91.86,108.084,84.192
2024-03-22,106.775,90.706,107.13,83.254
2024-03-25,106.06,90.411,107.049,83.016
2024-03-26,105.685,89.981,106.991,83.251
2024-03-27,106.389,90.613,107.69,83.723
2024-03-28,106.691,90.73,108.04,83.73
2024-04-01,105.999,89.807,107.099,82.586
2024-04-02,106.017,89.616,107.57,82.559
2024-04-03,105.997,89.407,107.375,82.636
2024-04-04,106.717,89.762,107.468,83.0
2024-04-05,106.229,89.175,106.934,82.579
2024-04-08,107.528,90.257,108.673,83.462
2024-04-09,108.526,91.205,109.544,84.392
2024-04-10,106.615,89.152,107.996,82.672
2024-04-11,105.898,88.584,107.441,82.163
2024-04-12,104.33,86.894,106.218,81.09
2024-04-15,103.242,85.737,105.702,80.329
2024-04-16,102.435,84.841,104.905,79.569
2024-04-17,102.223,84.333,104.721,79.156
2024-04-18,101.811,84.065,104.742,79.123
2024-04-19,102.765,85.213,105.525,79.33
2024-04-22,103.138,85.771,105.904,79.363
2024-04-23,102.275,85.329,105.545,79.173
2024-04-24,101.657,84.668,105.202,78.718
2024-04-25,101.268,84.275,105.122,78.571
2024-04-26,102.474,85.787,106.707,79.972
2024-04-29,103.802,86.673,107.404,80.094
2024-04-30,102.548,85.235,106.2,79.062
2024-05-02,104.901,86.834,107.21,79.892
2024-05-03,106.75,88.692,108.38,81.271
2024-05-06,106.398,88.029,108.343,81.104
2024-05-07,106.116,88.337,108.971,81.42
2024-05-08,106.0,88.585,109.199,81.59
2024-05-09,104.444,87.445,108.109,80.184
2024-05-10,103.533,86.534,107.613,79.79
2024-05-13,104.241,86.655,108.081,80.167
2024-05-14,104.493,86.832,108.385,80.796
2024-05-15,104.696,87.389,107.974,81.33
2024-05-16,105.196,87.804,108.19,81.787
2024-05-17,104.882,87.664,108.078,81.602
2024-05-20,104.393,87.656,107.74,81.238
2024-05-21,104.189,87.654,107.454,81.04
2024-05-22,102.999,86.053,105.968,79.492
2024-05-23,102.042,85.417,105.192,78.917
2024-05-24,101.607,85.204,104.835,78.61
2024-05-27,101.637,85.172,104.995,78.584
2024-05-28,100.784,84.511,104.391,78.034
2024-05-29,99.846,83.511,103.486,77.268
2024-05-31,98.849,82.693,102.973,76.386
2024-06-03,99.097,82.993,102.917,76.724
2024-06-04,98.875,82.488,102.723,76.793
2024-06-05,98.751,82.146,102.39,76.648
2024-06-06,100.073,83.332,103.648,77.689
2024-06-07,98.22,81.958,101.85,76.532
2024-06-10,97.597,81.446,101.844,76.172
2024-06-11,99.043,82.542,102.582,76.903
2024-06-12,97.357,81.133,101.149,75.914
2024-06-13,96.897,80.896,100.839,75.584
2024-06-14,97.411,81.311,100.918,75.934
2024-06-17,96.586,80.298,100.477,75.511
2024-06-18,96.739,80.359,100.891,75.479
2024-06-19,97.24,80.953,101.424,75.992
2024-06-20,97.37,80.951,101.58,75.81
2024-06-21,97.867,81.549,102.334,76.664
2024-06-24,99.389,82.811,103.427,77.583
2024-06-25,99.07,82.352,103.169,77.402
2024-06-26,99.073,82.149,103.431,77.461
2024-06-27,100.459,83.961,104.837,78.61
2024-06-28,99.923,83.012,104.499,77.99
2024-07-01,100.263,83.348,105.182,78.284
2024-07-02,99.992,83.142,105.241,78.405
2024-07-03,100.653,84.224,105.979,79.115
2024-07-04,101.661,85.401,106.402,79.792
2024-07-05,102.076,86.089,106.489,79.817
2024-07-08,101.796,86.01,106.726,79.852
2024-07-09,102.48,86.844,107.198,80.384
2024-07-10,102.94,86.911,107.291,80.764
2024-07-11,104.425,87.968,108.198,81.616
2024-07-12,104.988,88.13,108.707,81.99
2024-07-15,105.341,88.554,109.065,82.19
2024-07-16,105.075,88.208,108.887,82.205
2024-07-17,105.515,88.204,109.173,82.545
2024-07-18,103.637,86.083,107.657,81.159
2024-07-19,103.402,85.92,107.627,81.091
2024-07-22,103.892,86.54,107.832,81.562
2024-07-23,102.368,85.189,106.761,80.845
2024-07-24,101.886,84.391,106.62,80.506
2024-07-25,101.394,84.0,106.225,80.144
2024-07-26,101.991,84.959,107.522,81.244
2024-07-29,101.4,84.247,107.068,81.052
2024-07-30,100.92,83.85,106.381,80.751
2024-07-31,102.012,84.457,107.657,81.425
2024-08-01,102.024,84.278,107.44,81.732
2024-08-02,101.568,84.214,106.141,81.003
2024-08-05,101.165,83.761,105.648,80.618
2024-08-06,101.411,83.684,106.489,81.164
2024-08-07,102.724,85.311,107.541,82.262
2024-08-08,104.051,86.597,108.508,83.106
2024-08-09,105.478,87.989,110.156,84.828
2024-08-12,106.027,87.987,110.578,85.003
2024-08-13,107.078,88.689,111.659,86.224
2024-08-14,107.812,89.209,112.435,86.889
2024-08-15,108.872,89.671,113.14,87.362
2024-08-16,108.727,89.293,112.971,87.171
2024-08-19,111.429,91.951,114.51,88.563
2024-08-20,111.745,91.852,114.771,88.827
2024-08-21,112.261,92.286,115.089,88.99
2024-08-22,110.903,90.845,114.0,87.837
2024-08-23,112.18,92.276,114.367,88.526
2024-08-26,112.204,92.302,115.447,88.438
2024-08-27,111.926,92.078,115.352,88.133
2024-08-28,112.233,91.884,115.831,88.474
2024-08-29,111.219,90.502,114.732,87.508
2024-08-30,111.035,90.301,114.701,87.385
2024-09-02,110.213,89.282,113.838,86.812
2024-09-03,110.209,89.075,113.308,86.923
2024-09-04,112.062,90.73,114.791,88.327
2024-09-05,112.575,90.89,115.121,88.653
2024-09-06,111.062,89.502,113.493,87.449
2024-09-09,110.481,88.876,113.632,87.427
2024-09-10,110.292,88.725,113.28,87.477
2024-09-11,110.536,89.22,113.582,87.418
2024-09-12,109.952,88.834,113.035,86.913
2024-09-13,111.354,90.361,113.754,87.601
2024-09-16,111.761,90.497,113.953,87.634
2024-09-17,111.82,90.814,113.82,87.633
2024-09-18,110.837,89.917,112.798,87.049
2024-09-19,109.99,89.115,112.271,86.358
2024-09-20,108.186,87.087,110.535,84.816
2024-09-23,107.357,86.39,110.116,84.21
2024-09-24,108.468,87.42,111.455,84.862
2024-09-25,108.056,86.725,110.975,84.256
2024-09-26,108.967,87.628,112.176,84.948
2024-09-27,109.043,87.704,111.939,84.828
2024-09-30,108.303,87.062,111.169,84.209
2024-10-01,108.304,87.169,111.741,84.363
2024-10-02,109.326,88.027,112.602,84.972
2024-10-03,107.5,86.594,111.047,83.512
2024-10-04,107.493,86.899,111.148,83.735
2024-10-07,107.181,86.62,111.339,83.595
2024-10-08,107.199,86.831,110.912,83.879
2024-10-09,105.707,85.465,109.605,82.731
2024-10-10,105.708,85.545,109.935,82.814
2024-10-11,105.2,85.223,109.63,82.331
2024-10-14,106.128,86.098,110.485,83.219
2024-10-15,106.354,86.122,110.517,83.548
2024-10-16,107.148,86.697,111.113,83.947
2024-10-17,106.427,85.883,110.306,83.574
2024-10-18,106.441,85.696,110.058,83.422
2024-10-21,106.449,85.981,109.942,83.581
2024-10-22,105.562,85.421,109.402,83.078
2024-10-23,105.526,85.4,108.99,83.071
2024-10-24,106.138,86.086,109.694,83.628
2024-10-25,105.499,85.393,109.547,82.927
2024-10-28,106.8,86.484,110.66,83.813
2024-10-29,105.395,85.923,110.253,83.485
2024-10-30,106.105,86.5,110.176,83.529
2024-10-31,105.347,85.719,109.395,82.8
2024-11-01,103.976,84.457,108.052,81.67
2024-11-04,106.372,86.873,110.071,83.528
2024-11-05,106.331,86.969,110.195,83.822
2024-11-06,106.294,87.055,109.925,83.708
2024-11-07,105.277,85.387,109.369,82.621
2024-11-08,103.718,83.979,107.807,81.46
2024-11-11,104.342,84.462,107.844,81.91
2024-11-12,103.6,83.986,107.696,81.85
2024-11-13,103.404,83.878,107.726,81.876
2024-11-14,102.893,83.702,107.775,81.833
2024-11-18,102.934,83.201,107.755,81.312
2024-11-19,103.39,83.746,108.116,81.804
2024-11-21,101.844,82.705,107.041,80.706
2024-11-22,103.722,84.369,108.9,81.828
2024-11-25,104.44,85.161,108.824,81.862
2024-11-26,105.732,86.115,109.571,82.814
2024-11-27,103.49,84.054,107.671,80.8
2024-11-28,100.371,80.961,105.091,78.525
2024-11-29,101.369,81.669,105.984,78.961
2024-12-02,100.976,81.14,105.619,78.492
2024-12-03,102.103,81.609,106.381,79.27
2024-12-04,102.182,81.52,106.337,79.59
2024-12-05,103.291,82.469,107.831,80.816
2024-12-06,101.295,80.51,106.218,79.671
2024-12-09,101.373,80.589,107.284,79.693
2024-12-10,102.604,82.071,108.143,80.487
2024-12-11,104.203,83.631,109.294,81.72
2024-12-12,100.748,80.597,106.299,79.383
2024-12-13,99.467,79.157,105.093,78.449
2024-12-16,98.455,78.396,104.206,77.657
2024-12-17,98.927,78.861,105.166,78.39
2024-12-18,95.437,75.428,101.855,75.718
2024-12-19,96.291,76.58,102.205,76.384
2024-12-20,97.332,77.645,102.976,77.074
2024-12-23,95.489,75.944,101.85,75.855
2024-12-26,95.479,75.841,102.113,75.935
2024-12-27,94.977,75.308,101.43,75.398
2024-12-30,95.012,75.316,101.442,75.258
2025-01-02,92.885,74.996,101.309,74.934
2025-01-03,92.136,73.992,99.966,73.937
2025-01-06,95.807,75.819,101.222,75.403
2025-01-07,98.493,76.677,102.184,76.159
2025-01-08,96.127,75.327,100.887,75.103
2025-01-09,96.372,75.352,101.019,75.268
2025-01-10,95.589,74.716,100.239,74.391
2025-01-13,94.389,74.464,100.366,74.486
2025-01-14,93.14,74.826,100.612,74.691
2025-01-15,98.088,77.563,103.438,77.141
2025-01-16,96.685,76.092,102.244,76.008
2025-01-17,98.965,76.621,103.185,76.508
2025-01-20,102.345,76.977,103.348,76.657
2025-01-21,102.785,77.357,104.019,77.412
2025-01-22,105.318,77.785,103.71,77.501
2025-01-23,103.714,77.163,103.298,77.271
2025-01-24,103.079,77.076,103.267,77.143
2025-01-27,109.408,79.329,105.304,78.772
2025-01-28,107.951,78.578,104.624,78.411
2025-01-29,107.568,78.203,104.098,77.96
2025-01-30,112.345,80.72,107.034,80.161
2025-01-31,111.078,80.033,106.378,79.602
2025-02-03,112.369,79.994,106.238,79.558
2025-02-04,111.038,79.189,105.544,79.06
2025-02-05,111.869,78.838,105.871,79.426
2025-02-06,113.701,79.547,106.453,79.864
2025-02-07,114.158,78.322,105.099,78.675
2025-02-10,113.786,79.239,105.903,79.248
2025-02-11,115.757,80.322,106.704,80.063
2025-02-12,115.229,78.751,104.897,78.597
2025-02-13,117.268,79.057,105.294,78.95
2025-02-14,120.194,81.425,108.135,81.154
2025-02-17,123.649,82.144,108.683,81.654
2025-02-18,118.752,81.748,108.399,81.048
2025-02-19,115.719,80.37,107.368,80.004
2025-02-20,114.249,80.242,107.614,79.754
2025-02-21,113.738,79.742,107.215,79.321
2025-02-24,111.754,78.21,105.758,78.095
2025-02-25,115.619,78.681,106.247,78.78
2025-02-26,114.067,77.424,105.225,77.858
2025-02-27,112.308,77.982,105.251,78.549
2025-02-28,109.355,76.347,103.564,77.315
2025-03-05,108.46,76.558,103.773,77.932
2025-03-06,107.101,76.859,104.036,78.172
2025-03-07,111.785,78.49,105.45,79.25
2025-03-10,114.737,77.913,105.015,79.034
2025-03-11,114.686,77.26,104.161,78.305
2025-03-12,115.236,77.531,104.462,78.735
2025-03-13,115.868,78.282,105.958,79.934
2025-03-14,121.401,80.557,108.757,81.881
2025-03-17,123.919,81.576,110.341,83.003
2025-03-18,121.983,82.029,110.881,83.431
2025-03-19,124.315,82.968,111.752,84.297
2025-03-20,123.117,82.688,111.286,83.838
2025-03-21,122.462,82.615,111.615,83.91
2025-03-24,121.549,81.954,110.751,83.15
2025-03-25,122.724,82.741,111.381,83.615
2025-03-26,127.452,83.261,111.762,83.781
2025-03-27,127.985,83.782,112.293,84.087
2025-03-28,125.996,82.91,111.241,83.286
2025-03-31,121.783,81.7,109.856,82.206
2025-04-01,126.881,82.393,110.604,82.776
2025-04-02,128.133,82.816,110.641,82.917
2025-04-03,132.433,83.455,110.599,83.774
2025-04-04,126.221,80.712,107.323,81.561
2025-04-07,125.891,79.697,105.916,80.877
2025-04-08,121.743,78.802,104.52,80.537
2025-04-09,128.747,81.719,107.778,82.731
2025-04-10,128.607,80.9,106.563,82.075
2025-04-11,129.82,81.885,107.682,82.762
2025-04-14,131.682,83.206,109.177,84.096
2025-04-15,130.141,82.947,109.0,84.285
2025-04-16,130.146,82.723,108.218,83.827
2025-04-17,130.1,83.81,109.342,84.619
2025-04-22,131.682,84.459,110.028,85.089
2025-04-23,135.599,85.363,111.506,86.507
2025-04-24,140.946,87.335,113.5,88.337
2025-04-25,142.15,87.344,113.634,88.754
2025-04-28,142.086,87.335,113.867,88.993
2025-04-29,140.956,87.221,113.932,89.054
2025-04-30,141.879,86.879,113.91,89.441
2025-05-02,141.522,86.984,113.967,89.225
2025-05-05,142.234,85.981,112.581,88.217
2025-05-06,139.797,85.581,112.602,88.041
2025-05-07,140.888,85.103,112.503,87.902
2025-05-08,144.581,87.368,114.893,90.129
2025-05-09,147.993,86.355,115.129,90.245
2025-05-12,146.369,86.422,115.172,89.685
2025-05-13,146.804,88.361,117.196,91.352
2025-05-14,145.54,87.949,116.741,91.045
2025-05-15,148.074,88.662,117.509,91.676
2025-05-16,150.89,89.259,117.385,91.516
2025-05-19,153.299,89.273,117.764,91.947
2025-05-20,150.258,89.483,118.163,92.295
2025-05-21,148.032,87.809,116.284,90.716
2025-05-22,153.443,87.802,115.771,90.464
2025-05-23,151.581,88.266,116.236,90.881
2025-05-26,158.003,88.662,116.499,91.233
2025-05-27,166.734,89.973,117.684,92.346
2025-05-28,166.823,89.723,117.133,91.982
2025-05-29,164.268,89.642,116.834,91.726
2025-05-30,163.496,88.848,115.563,90.913
2025-06-02,165.003,88.657,115.361,90.552
2025-06-03,170.463,89.864,116.001,91.16
2025-06-04,166.766,89.595,115.542,90.984
2025-06-05,166.89,89.087,114.896,90.336
2025-06-06,163.323,88.706,114.783,90.082
2025-06-09,162.367,88.596,114.443,89.839
2025-06-10,161.444,89.263,115.065,90.029
2025-06-11,163.814,89.206,115.649,90.352
2025-06-12,163.711,89.33,116.215,90.701
2025-06-13,160.427,88.446,115.72,90.1
2025-06-16,165.529,89.935,117.443,91.501
2025-06-17,162.956,89.461,117.092,91.366
2025-06-18,162.223,89.341,116.989,91.335
2025-06-20,159.05,87.907,115.639,90.292
2025-06-23,159.176,87.531,115.162,90.013
2025-06-24,161.244,88.021,115.68,90.761
2025-06-25,159.771,86.812,114.501,89.669
2025-06-26,161.588,87.728,115.637,90.35
2025-06-27,161.747,87.384,115.428,90.064
2025-06-30,164.85,88.84,117.105,91.701
2025-07-01,161.424,89.079,117.69,92.072
2025-07-02,152.972,88.333,117.27,90.957
2025-07-03,155.506,89.716,118.853,92.544
2025-07-04,156.1,90.0,119.317,92.973
2025-07-07,155.928,88.963,117.641,91.541
2025-07-08,157.132,88.719,117.483,91.094
2025-07-09,155.316,87.351,115.946,89.816
2025-07-10,153.525,87.068,115.324,88.917
2025-07-11,150.839,86.243,114.855,88.168
2025-07-14,149.656,85.904,114.106,87.732
2025-07-15,152.612,86.267,114.065,88.149
2025-07-16,152.984,86.309,114.285,88.339
2025-07-17,151.422,86.21,114.33,88.521
2025-07-18,147.119,84.484,112.489,86.82
2025-07-21,147.382,84.852,113.151,87.105
2025-07-22,146.109,84.658,113.041,86.531
2025-07-23,147.196,85.994,114.164,87.399
2025-07-24,145.557,85.202,112.849,86.301
2025-07-25,147.004,85.145,112.609,86.221
2025-07-28,144.726,84.117,111.433,85.167
2025-07-29,145.08,84.38,111.936,85.56
2025-07-30,147.623,85.492,113.002,86.71
2025-07-31,143.779,84.539,112.227,86.088
2025-08-01,146.538,84.355,111.692,85.669
2025-08-04,148.488,84.418,112.143,86.048
2025-08-05,145.9,84.544,112.295,86.137
2025-08-06,151.991,85.527,113.464,87.384
2025-08-07,151.543,86.491,115.143,88.885
2025-08-08,149.319,86.157,114.624,88.997
2025-08-11,148.159,85.382,114.379,88.699
2025-08-12,155.835,86.633,116.312,90.445
2025-08-13,150.052,85.432,115.277,89.475
2025-08-14,151.246,85.083,114.998,89.496
2025-08-15,151.271,85.168,114.985,89.513
2025-08-18,154.42,86.22,115.812,90.278
2025-08-19,149.222,84.329,113.375,87.992
2025-08-20,149.256,84.553,113.573,88.16
2025-08-21,148.567,84.242,113.442,87.911
2025-08-22,152.621,86.532,116.357,90.122
2025-08-25,152.082,86.995,116.405,90.089
2025-08-26,151.241,86.96,116.191,89.841
2025-08-27,152.571,88.086,117.401,90.964
2025-08-28,157.671,89.491,118.955,92.374
2025-08-29,158.373,89.895,119.27,92.566
2025-09-01,157.512,89.86,119.02,92.313
2025-09-02,154.688,89.172,118.353,91.625
2025-09-03,153.122,88.96,117.956,91.301
2025-09-04,154.772,90.204,118.908,92.195
2025-09-05,158.868,91.678,120.297,93.677
2025-09-08,154.614,91.323,119.582,92.864
2025-09-09,152.757,91.017,119.435,92.647
2025-09-10,152.865,91.188,120.052,92.903
2025-09-11,152.882,91.884,120.728,93.552
2025-09-12,152.359,91.377,119.987,92.917
2025-09-15,155.412,92.23,121.062,93.727
2025-09-16,155.375,92.913,121.496,94.1
2025-09-17,160.822,93.975,122.789,95.272
2025-09-18,157.612,93.556,122.709,95.333
2025-09-19,155.863,93.152,123.017,95.743
2025-09-22,152.118,91.945,122.379,94.963
2025-09-23,152.847,92.839,123.489,95.88
2025-09-24,151.249,92.691,123.546,95.578
2025-09-25,145.197,91.32,122.546,94.666
2025-09-26,147.306,91.654,122.665,95.108
2025-09-29,148.51,92.135,123.415,96.012
2025-09-30,149.244,91.727,123.331,96.022
2025-10-01,148.133,91.48,122.724,95.27
2025-10-02,145.88,90.251,121.402,94.0
2025-10-03,143.797,90.415,121.614,94.293
2025-10-06,142.666,89.866,121.114,93.655
2025-10-07,139.234,88.074,119.214,91.935
2025-10-08,138.512,88.526,119.88,92.582
2025-10-09,135.321,87.98,119.511,92.411
2025-10-10,133.283,87.176,118.644,91.709
2025-10-13,131.666,87.814,119.574,92.307
2025-10-14,133.208,87.711,119.49,92.278
2025-10-15,138.956,88.591,120.267,92.918
2025-10-16,135.369,87.911,119.926,92.825
2025-10-17,136.366,88.749,120.937,93.779
2025-10-20,136.622,89.377,121.873,94.532
2025-10-21,137.026,89.391,121.516,94.309
2025-10-22,130.563,89.65,122.18,94.55
2025-10-23,133.664,90.415,122.896,95.171
2025-10-24,135.166,90.973,123.276,95.677
2025-10-27,137.582,91.697,123.948,96.29
2025-10-28,137.943,91.659,124.336,96.544
2025-10-29,138.943,91.972,125.351,97.285
2025-10-30,139.686,92.333,125.475,97.367
2025-10-31,140.103,92.828,126.116,97.713
2025-11-03,139.526,92.851,126.887,98.33
2025-11-04,139.286,93.38,127.098,98.633
2025-11-05,145.335,94.91,129.282,100.304
2025-11-06,143.029,94.137,129.32,100.353
2025-11-07,146.492,94.246,129.932,100.609
2025-11-10,147.524,94.981,130.938,101.417
2025-11-11,154.047,96.9,133.04,103.223
2025-11-12,154.386,97.045,132.942,103.329
2025-11-13,152.479,95.861,132.545,102.868
2025-11-14,152.227,96.105,133.031,103.361
2025-11-17,154.789,95.33,132.402,102.692
2025-11-18,152.37,95.619,132.005,102.308
2025-11-19,148.632,94.776,131.042,101.404
2025-11-21,146.187,94.233,130.527,100.94
2025-11-24,150.212,94.417,130.956,101.435
2025-11-25,150.946,95.055,131.489,101.971
2025-11-26,158.306,96.623,133.719,104.023
2025-11-27,159.037,96.89,133.498,103.77
2025-11-28,152.574,97.197,134.155,104.467
2025-12-01,150.009,96.695,133.767,103.873
2025-12-02,151.902,98.213,135.859,105.773
2025-12-03,149.257,98.694,136.418,105.601
2025-12-04,154.01,100.238,138.696,107.509
2025-12-05,141.653,95.324,132.719,102.43
2025-12-08,137.647,95.858,133.409,103.113
2025-12-09,136.914,95.723,133.235,102.83
2025-12-10,135.802,96.499,134.158,103.39
2025-12-11,133.995,96.533,134.254,103.497
2025-12-12,138.218,97.525,135.584,104.689
2025-12-15,136.137,98.111,137.031,106.03
2025-12-16,131.535,95.562,133.739,103.025
2025-12-17,127.777,94.43,132.684,101.566
2025-12-18,125.611,94.72,133.186,102.095
2025-12-19,126.041,94.885,133.65,102.359
2025-12-22,124.247,94.187,133.371,101.439
2025-12-23,126.204,95.769,135.323,103.372
2025-12-26,126.894,96.239,135.695,103.643
2025-12-29,126.614,96.031,135.351,103.444
2025-12-30,127.267,96.581,135.887,103.969
2026-01-02,126.718,95.681,135.393,103.475
2026-01-05,127.63,96.345,136.515,104.627
2026-01-06,128.729,97.495,138.028,105.765
2026-01-07,127.625,96.388,136.604,104.237
2026-01-08,127.956,96.876,137.415,104.957
2026-01-09,128.414,97.349,137.78,105.475
2026-01-12,128.566,97.613,137.595,105.268
2026-01-13,127.225,96.355,136.602,103.803
2026-01-14,129.604,97.605,139.278,105.251
2026-01-15,129.864,97.605,139.634,105.719
2026-01-16,129.061,96.578,138.986,105.007
2026-01-19,129.13,96.61,139.027,105.049
2026-01-20,130.466,97.288,140.232,105.827
2026-01-21,134.427,100.579,144.904,109.317
2026-01-22,137.622,102.78,148.085,112.228
2026-01-23,140.178,104.451,150.843,113.882
2026-01-26,140.469,104.555,150.727,114.072
2026-01-27,142.843,106.56,153.424,115.945
2026-01-28,145.453,108.14,155.761,117.298
2026-01-29,143.855,106.345,154.448,115.799
2026-01-30,142.377,105.725,152.956,114.961
2026-02-02,143.397,106.63,154.161,116.289
2026-02-03,145.401,108.078,156.591,117.617
2026-02-04,142.217,105.308,153.246,114.331
2026-02-05,142.287,105.667,153.599,115.516
2026-02-06,142.673,106.326,154.293,116.515
2026-02-09,145.496,107.722,157.069,118.565
2026-02-10,145.303,107.498,156.806,118.322
2026-02-11,149.15,109.414,159.985,120.399
2026-02-12,147.461,107.637,158.355,119.445
2026-02-13,145.614,107.068,157.257,118.905
2026-02-18,145.527,107.216,156.879,119.037
2026-02-19,147.04,108.542,159.002,120.867
2026-02-20,148.526,109.321,160.689,121.807
2026-02-23,147.748,108.388,159.272,120.024
2026-02-24,150.033,110.198,161.495,121.711
2026-02-25,149.352,109.387,161.291,121.027
2026-02-26,149.5,109.819,161.086,120.986
2026-02-27,147.73,108.178,159.216,119.396
2026-03-02,147.45,107.839,159.654,119.111
2026-03-03,142.858,104.121,154.424,114.895
2026-03-04,144.67,105.883,156.331,116.993
2026-03-05,141.004,103.221,152.197,113.527
2026-03-06,140.319,102.423,151.27,112.467
2026-03-09,141.031,102.766,152.577,113.244
2026-03-10,142.946,104.171,154.712,115.12
2026-03-11,142.918,103.893,155.153,114.852
2026-03-12,139.118,100.359,151.202,110.975
2026-03-13,137.958,98.981,149.826,109.96
2026-03-16,139.487,100.517,151.7,111.249
2026-03-17,139.568,100.887,152.151,111.433
2026-03-18,138.113,99.838,151.502,110.879
2026-03-19,138.514,100.241,152.034,111.565
2026-03-20,135.451,97.465,148.616,108.95
2026-03-23,140.046,101.86,153.435,113.081
2026-03-24,140.246,101.998,153.921,112.908
2026-03-25,142.324,103.989,156.38,114.889
2026-03-26,139.933,102.062,154.11,112.5
2026-03-27,138.522,100.557,153.118,111.017
2026-03-30,139.095,101.019,153.925,111.574
2026-03-31,143.179,104.212,158.098,115.381
2026-04-01,144.06,104.83,158.512,116.328
2026-04-02,143.681,104.571,158.596,115.906
2026-04-06,143.505,104.221,158.689,115.793
2026-04-07,143.301,103.689,158.771,115.88
2026-04-08,146.917,106.76,162.095,119.584
2026-04-09,149.183,108.741,164.564,121.601
2026-04-10,150.255,109.36,166.416,122.713
2026-04-13,150.25,109.762,166.987,122.552
2026-04-14,151.206,110.755,167.54,123.774
2026-04-15,150.044,110.055,166.765,123.408
2026-04-16,148.769,108.768,165.99,122.082
2026-04-17,148.782,108.905,165.075,121.774
2026-04-20,149.097,109.385,165.41,121.958
2026-04-22,145.959,107.292,162.675,119.292
2026-04-23,144.405,105.757,161.401,118.001
2026-04-24,143.955,105.444,160.867,117.741
2026-04-27,142.782,104.074,159.884,116.781
2026-04-28,142.041,103.318,159.074,116.126
2026-04-29,139.013,101.18,155.811,113.355
2026-04-30,141.25,102.848,157.977,115.025
2026-05-04,139.817,102.084,156.528,114.144
2026-05-05,141.079,103.343,157.501,115.404
2026-05-06,141.132,104.671,158.292,116.197
2026-05-07,137.976,102.752,154.519,113.215
2026-05-08,138.435,103.0,155.27,113.983
2026-05-11,136.746,101.029,153.415,111.367
2026-05-12,135.773,100.722,152.094,110.411
2026-05-13,133.397,98.312,149.358,108.019
2026-05-14,134.506,99.453,150.427,109.176
2026-05-15,133.321,98.499,149.515,107.912
2026-05-18,132.696,98.111,149.255,107.583
2026-05-19,130.935,96.274,146.98,105.675
2026-05-20,133.795,99.223,149.575,108.602
2026-05-21,133.942,98.792,149.823,108.539
2026-05-22,133.207,97.812,148.609,107.419
2026-05-25,134.924,99.445,149.578,108.714
2026-05-26,133.807,98.442,148.929,108.162
2026-05-27,133.732,97.942,148.216,107.663
2026-05-28,132.703,97.51,147.642,107.16
2026-05-29,131.642,96.543,146.566,106.6
2026-06-01,130.642,95.641,145.225,105.371
2026-06-02,131.939,96.636,146.912,106.357
2026-06-03,129.586,94.24,143.651,104.047
2026-06-05,128.671,93.63,142.544,103.747
2026-06-08,128.58,93.428,142.249,103.467
2026-06-09,129.507,94.253,143.214,104.304
2026-06-10,128.849,93.168,142.207,103.292
2026-06-11,131.051,94.815,144.634,105.361
2026-06-12,130.777,94.566,144.327,105.219
2026-06-15,130.118,94.41,143.722,105.094
2026-06-16,129.301,93.67,143.076,104.606
2026-06-17,128.314,92.271,142.068,104.009
2026-06-18,128.178,91.8,141.919,103.753
2026-06-19,128.155,92.222,142.171,103.812
2026-06-22,129.681,93.259,143.684,105.094
2026-06-23,130.08,93.864,144.433,106.045
2026-06-24,129.489,94.013,143.799,106.204
2026-06-25,130.528,94.644,145.05,107.176
2026-06-26,131.321,95.456,146.151,108.504
2026-06-29,131.33,95.488,146.075,108.407
2026-06-30,130.241,94.855,145.079,107.662
2026-07-01,129.874,94.422,144.796,107.392
2026-07-02,130.884,94.956,145.723,108.121
2026-07-03,131.902,95.91,146.969,109.079
2026-07-06,130.767,94.914,145.436,108.022
2026-07-07,130.686,94.621,145.076,107.687
2026-07-08,129.802,93.899,143.923,106.838
2026-07-09,131.768,95.685,145.684,108.631
2026-07-10,135.842,98.838,150.006,112.362
2026-07-13,134.137,97.3,148.212,110.455
2026-07-14,134.874,97.764,148.972,110.973
2026-07-15,134.382,97.229,148.441,110.371
2026-07-16,133.363,96.233,146.597,109.22
2026-07-17,133.09,95.77,146.504,108.722
2026-07-20,132.582,95.043,146.215,108.549
2026-07-21,133.164,94.644,146.177,108.201
2026-07-22,135.56,96.663,149.737,110.663
2026-07-23,134.18,95.609,149.042,109.674
2026-07-24,132.236,94.19,146.78,107.939
2026-07-27,133.207,95.517,147.871,109.401
2026-07-28,133.599,96.266,148.908,110.296
2026-07-29,131.468,94.475,146.648,107.911
2026-07-30,133.15,96.091,149.409,109.988
2026-07-31,133.979,96.336,150.118,110.413
2026-08-03,134.128,96.828,150.119,110.907
2026-08-04,133.523,96.789,150.03,110.679
2026-08-05,133.215,96.558,149.887,110.75
2026-08-06,131.282,95.162,148.049,109.177
2026-08-07,129.42,93.921,145.491,107.351
2026-08-10,128.856,92.834,145.21,106.326
2026-08-11,126.009,90.607,141.579,103.398
2026-08-12,125.567,90.271,141.256,102.996
2026-08-13,124.362,89.988,140.927,102.777
2026-08-14,124.178,89.448,140.786,102.705
2026-08-17,123.98,89.609,140.659,102.379
2026-08-18,123.294,88.806,140.281,101.944
2026-08-19,124.133,89.678,141.542,102.817
2026-08-20,124.053,89.532,141.623,102.019
2026-08-21,126.636,91.901,144.242,104.328
2026-08-24,127.468,92.423,144.98,104.965
2026-08-25,129.997,94.461,147.232,107.108
2026-08-26,130.291,94.281,147.239,107.148
2026-08-27,130.832,94.612,147.702,106.944
2026-08-28,131.126,94.348,148.149,107.135
2026-08-31,132.881,95.543,149.629,108.046
2026-09-01,134.505,96.65,151.572,109.047
2026-09-02,138.923,100.04,156.195,112.435
2026-09-03,139.527,100.594,156.181,113.216
2026-09-04,139.891,100.786,156.146,113.341
2026-09-08,141.362,101.777,158.018,114.624
2026-09-09,139.716,100.541,156.553,113.06
2026-09-10,141.984,102.338,158.779,115.061
2026-09-11,140.698,101.089,157.883,114.259
2026-09-14,139.293,100.06,156.445,113.517
2026-09-15,139.988,100.501,157.29,113.852
2026-09-16,140.081,100.55,156.484,114.209
2026-09-17,140.106,100.173,156.859,114.233
2026-09-18,139.665,99.791,156.215,113.97
2026-09-21,140.349,101.128,157.368,115.447
2026-09-22,140.559,101.498,158.066,115.92
2026-09-23,138.641,100.21,156.709,114.397
2026-09-24,137.387,99.379,155.15,113.234
2026-09-25,137.497,99.587,154.738,113.27
2026-09-28,136.874,98.967,154.328,112.494
2026-09-29,137.603,99.526,155.034,113.395
2026-09-30,140.238,101.596,157.152,115.378
2026-10-01,140.709,102.289,157.876,115.606
2026-10-02,144.425,105.137,162.023,118.663
2026-10-05,154.499,113.572,174.502,129.148
2026-10-06,153.484,114.134,173.594,129.043
2026-10-07,152.954,114.243,172.301,127.917
2026-10-08,154.009,115.736,173.918,129.143
2026-10-09,155.295,118.112,175.909,130.744
