trimestre,ibov,ex_petr,ex_vale,ex_petr_vale,petr,vale,peso_petr_vale_%,ibov_menos_ex_pv_pp
1T19,4.8,3.2,5.4,3.7,16.7,-0.3,22.3,1.2
2T19,5.8,7.1,6.3,7.9,-2.5,1.7,23.5,-2.1
3T19,3.7,4.1,5.0,5.7,1.2,-7.9,20.8,-1.9
4T19,10.7,10.8,10.3,10.4,9.7,14.6,21.0,0.3
1T20,-37.0,-34.6,-38.7,-36.3,-54.5,-18.9,19.8,-0.8
2T20,30.2,28.0,30.3,27.8,55.5,29.4,19.8,2.4
3T20,-0.5,0.5,-1.7,-0.7,-9.7,10.1,20.2,0.2
4T20,26.1,24.2,23.4,20.9,45.1,47.9,21.8,5.2
1T21,-2.2,-0.7,-4.7,-3.3,-15.8,17.1,22.2,1.0
2T21,8.7,6.8,7.4,4.9,28.2,17.9,24.0,3.8
3T21,-12.5,-13.7,-10.1,-11.1,-1.8,-25.7,25.4,-1.4
4T21,-5.5,-8.5,-6.7,-10.2,19.5,2.3,23.8,4.6
1T22,14.5,14.3,12.4,11.8,16.3,27.3,28.0,2.7
2T22,-17.9,-20.8,-17.5,-20.9,2.8,-19.9,28.5,3.1
3T22,11.7,8.0,13.6,9.7,31.1,-1.0,27.4,2.0
4T22,-0.0,1.1,-4.5,-3.8,-9.1,23.8,27.5,3.8
1T23,-7.4,-7.7,-7.4,-7.7,-4.9,-7.7,27.1,0.3
2T23,15.9,12.0,22.7,18.9,49.3,-20.0,24.8,-3.0
3T23,-1.3,-4.0,-2.7,-6.1,20.4,8.4,25.3,4.8
4T23,15.1,16.0,14.7,15.6,9.6,17.8,27.2,-0.5
1T24,-4.5,-5.1,-2.4,-2.7,-0.4,-17.7,25.4,-1.9
2T24,-3.3,-5.6,-4.0,-6.9,13.6,2.3,25.8,3.6
3T24,6.4,7.6,6.5,8.0,-1.8,5.8,24.1,-1.6
4T24,-8.7,-11.0,-8.1,-10.6,8.2,-13.3,24.8,1.9
1T25,8.3,9.1,8.3,9.2,3.0,8.0,24.1,-0.9
2T25,6.6,9.1,8.4,11.6,-11.2,-7.1,21.1,-5.0
3T25,5.3,5.7,4.4,4.7,2.0,13.2,22.2,0.6
4T25,10.2,11.4,7.3,8.3,0.4,31.5,23.3,1.9
1T26,16.3,11.4,16.6,11.0,61.1,14.6,22.8,5.4
2T26,-8.2,-6.5,-8.6,-6.7,-20.0,-5.6,24.1,-1.5
3T26,8.3,5.2,10.4,7.2,33.4,-7.7,23.4,1.2
4T26,11.9,11.4,13.6,13.3,15.4,-3.5,22.8,-1.4
