data,ate2a,2a4a,acima4a
2017-08-01,0.718,0.753,
2017-08-02,0.713,0.746,
2017-08-03,0.73,0.741,
2017-08-04,0.706,0.738,
2017-08-07,0.725,0.742,
2017-08-08,0.702,0.745,
2017-08-09,0.705,0.753,
2017-08-10,0.709,0.757,
2017-08-11,0.702,0.758,
2017-08-14,0.715,0.757,
2017-08-15,0.715,0.762,
2017-08-16,0.72,0.77,
2017-08-17,0.717,0.781,
2017-08-18,0.717,0.774,
2017-08-21,0.741,0.77,
2017-08-22,0.731,0.774,
2017-08-23,0.756,0.759,
2017-08-24,0.738,0.758,
2017-08-25,0.738,0.76,
2017-08-28,0.752,0.761,
2017-08-29,0.734,0.752,
2017-08-30,0.734,0.751,
2017-08-31,0.759,0.725,
2017-09-01,0.759,0.715,
2017-09-04,0.759,0.715,
2017-09-05,0.759,0.708,
2017-09-06,0.758,0.701,
2017-09-08,0.764,0.714,
2017-09-11,0.761,0.718,
2017-09-12,0.761,0.719,
2017-09-13,0.761,0.718,
2017-09-14,0.765,0.716,
2017-09-15,0.743,0.707,
2017-09-18,0.757,0.711,
2017-09-19,0.755,0.699,
2017-09-20,0.754,0.666,
2017-09-21,0.754,0.688,
2017-09-22,0.754,0.673,
2017-09-25,0.754,0.672,
2017-09-26,0.756,0.662,
2017-09-27,0.756,0.666,
2017-09-28,0.756,0.667,
2017-09-29,0.758,0.67,
2017-10-02,0.724,0.672,
2017-10-03,0.727,0.701,
2017-10-04,0.722,0.68,
2017-10-05,0.724,0.685,
2017-10-06,0.724,0.677,
2017-10-09,0.725,0.684,
2017-10-10,0.725,0.677,
2017-10-11,0.724,0.68,
2017-10-13,0.725,0.684,
2017-10-16,0.714,0.687,
2017-10-17,0.715,0.691,
2017-10-18,0.715,0.691,
2017-10-19,0.709,0.693,
2017-10-20,0.707,0.697,
2017-10-23,0.703,0.708,
2017-10-24,0.703,0.711,
2017-10-25,0.682,0.707,
2017-10-26,0.685,0.713,
2017-10-27,0.698,0.719,
2017-10-30,0.682,0.715,
2017-10-31,0.678,0.714,
2017-11-01,0.658,0.699,0.421
2017-11-03,0.657,0.731,0.496
2017-11-06,0.657,0.711,0.422
2017-11-07,0.657,0.714,0.425
2017-11-08,0.652,0.71,0.422
2017-11-09,0.65,0.711,0.426
2017-11-10,0.66,0.717,0.433
2017-11-13,0.651,0.719,0.434
2017-11-14,0.65,0.728,0.433
2017-11-16,0.659,0.724,0.428
2017-11-17,0.647,0.725,0.424
2017-11-20,0.647,0.725,0.424
2017-11-21,0.641,0.723,0.421
2017-11-22,0.641,0.724,0.421
2017-11-23,0.642,0.72,0.418
2017-11-24,0.642,0.721,0.442
2017-11-27,0.64,0.719,0.443
2017-11-28,0.646,0.715,0.44
2017-11-29,0.643,0.724,0.447
2017-11-30,0.643,0.737,0.449
2017-12-01,1.387,0.713,0.446
2017-12-04,1.433,0.708,0.442
2017-12-05,1.247,0.705,0.44
2017-12-06,1.244,0.705,0.44
2017-12-07,1.337,0.71,0.444
2017-12-08,1.292,0.714,0.443
2017-12-11,1.293,0.709,0.443
2017-12-12,1.333,0.717,0.446
2017-12-13,1.146,0.719,0.444
2017-12-14,1.075,0.723,0.447
2017-12-15,1.052,0.721,0.445
2017-12-18,1.049,0.722,0.446
2017-12-19,1.091,0.726,0.448
2017-12-20,1.089,0.718,0.443
2017-12-21,1.089,0.715,0.441
2017-12-22,1.085,0.715,0.441
2017-12-26,1.08,0.711,0.437
2017-12-27,1.081,0.71,0.436
2017-12-28,1.088,0.729,0.435
2017-12-29,1.088,0.729,0.435
2018-01-02,0.854,0.763,0.426
2018-01-03,0.85,0.762,0.425
2018-01-04,0.843,0.762,0.424
2018-01-05,0.834,0.773,0.427
2018-01-08,0.832,0.788,0.425
2018-01-09,0.809,0.768,0.427
2018-01-10,0.81,0.767,0.428
2018-01-11,0.807,0.771,0.426
2018-01-12,0.808,0.772,0.427
2018-01-15,0.806,0.77,0.425
2018-01-16,0.802,0.75,0.427
2018-01-17,0.8,0.762,0.428
2018-01-18,0.801,0.768,0.429
2018-01-19,0.798,0.763,0.429
2018-01-22,0.799,0.763,0.429
2018-01-23,0.791,0.76,0.431
2018-01-24,0.795,0.757,0.424
2018-01-25,0.795,0.757,0.424
2018-01-26,0.788,0.747,0.42
2018-01-29,0.786,0.766,0.422
2018-01-30,0.773,0.784,0.423
2018-01-31,0.754,0.786,0.423
2018-02-01,0.78,0.84,
2018-02-02,0.757,0.844,
2018-02-05,0.754,0.845,
2018-02-06,0.758,0.848,
2018-02-07,0.758,0.842,
2018-02-08,0.735,0.856,
2018-02-09,0.732,0.859,
2018-02-14,0.732,0.859,
2018-02-15,0.726,0.845,
2018-02-16,0.716,0.833,
2018-02-19,0.713,0.836,
2018-02-20,0.712,0.833,
2018-02-21,0.711,0.831,
2018-02-22,0.712,0.824,
2018-02-23,0.712,0.827,
2018-02-26,0.715,0.833,
2018-02-27,0.712,0.823,
2018-02-28,0.712,0.827,
2018-03-01,0.772,0.96,
2018-03-02,0.778,0.957,
2018-03-05,0.777,0.954,
2018-03-06,0.777,0.952,
2018-03-07,0.775,0.95,
2018-03-08,0.774,0.941,
2018-03-09,0.773,0.945,
2018-03-12,0.773,0.954,
2018-03-13,0.781,0.959,
2018-03-14,0.784,0.938,
2018-03-15,0.783,0.943,
2018-03-16,0.806,0.961,
2018-03-19,0.784,0.91,
2018-03-20,0.797,0.914,
2018-03-21,0.798,0.903,
2018-03-22,0.81,0.905,
2018-03-23,0.798,0.908,
2018-03-26,0.796,0.895,
2018-03-27,0.802,0.901,
2018-03-28,0.802,0.903,
2018-03-29,0.802,0.901,
2018-04-02,0.729,0.917,
2018-04-03,0.728,0.921,
2018-04-04,0.726,0.928,
2018-04-05,0.726,0.923,
2018-04-06,0.722,0.927,
2018-04-09,0.725,0.929,
2018-04-10,0.719,0.931,
2018-04-11,0.717,0.926,
2018-04-12,0.712,0.92,
2018-04-13,0.699,0.923,
2018-04-16,0.704,0.923,
2018-04-17,0.704,0.921,
2018-04-18,0.689,0.917,
2018-04-19,0.711,0.911,
2018-04-20,0.709,0.909,
2018-04-23,0.71,0.912,
2018-04-24,0.678,0.909,
2018-04-25,0.681,0.912,
2018-04-26,0.669,0.901,
2018-04-27,0.672,0.903,
2018-04-30,0.651,0.893,
2018-05-02,1.039,0.949,
2018-05-03,1.054,0.965,
2018-05-04,1.042,0.962,
2018-05-07,1.04,0.956,
2018-05-08,1.035,0.961,
2018-05-09,1.048,0.97,
2018-05-10,1.033,0.94,
2018-05-11,1.041,0.945,
2018-05-14,1.045,0.949,
2018-05-15,1.028,0.942,
2018-05-16,1.034,0.933,
2018-05-17,1.047,0.943,
2018-05-18,1.052,0.948,
2018-05-21,1.051,0.944,
2018-05-22,1.047,0.943,
2018-05-23,1.046,0.941,
2018-05-24,1.052,0.957,
2018-05-25,1.054,0.959,
2018-05-28,1.053,0.961,
2018-05-29,1.055,0.96,
2018-05-30,1.055,0.956,
2018-06-01,1.085,1.15,1.8
2018-06-04,1.083,1.15,1.8
2018-06-05,1.082,1.155,1.8
2018-06-06,1.099,1.162,1.8
2018-06-07,1.117,1.178,1.8
2018-06-08,1.11,1.171,1.8
2018-06-11,1.111,1.172,1.8
2018-06-12,1.113,1.179,1.8
2018-06-13,1.111,1.181,1.8
2018-06-14,1.122,1.196,1.8
2018-06-15,1.12,1.186,1.8
2018-06-18,1.114,1.181,1.8
2018-06-19,1.099,1.174,1.8
2018-06-20,1.108,1.172,1.8
2018-06-21,1.117,1.178,1.8
2018-06-22,1.117,1.178,1.8
2018-06-25,1.103,1.176,1.8
2018-06-26,1.1,1.164,1.8
2018-06-27,1.068,1.167,1.8
2018-06-28,1.095,1.163,1.8
2018-06-29,1.068,1.157,1.8
2018-07-02,1.007,1.147,1.8
2018-07-03,0.994,1.143,1.8
2018-07-04,0.997,1.141,1.8
2018-07-05,0.998,1.143,1.8
2018-07-06,0.992,1.133,1.8
2018-07-09,0.992,1.133,1.8
2018-07-10,0.987,1.128,1.75
2018-07-11,0.982,1.13,1.75
2018-07-12,0.994,1.135,1.75
2018-07-13,0.973,1.133,1.75
2018-07-16,0.969,1.127,1.75
2018-07-17,0.957,1.123,1.7
2018-07-18,0.992,1.109,1.7
2018-07-19,0.988,1.107,1.7
2018-07-20,0.969,1.118,1.7
2018-07-23,0.981,1.115,1.7
2018-07-24,0.96,1.115,1.7
2018-07-25,0.952,1.115,1.7
2018-07-26,0.948,1.112,1.7
2018-07-27,0.947,1.109,1.7
2018-07-30,0.939,1.109,1.7
2018-07-31,0.938,1.111,1.6
2018-08-01,0.921,1.071,1.462
2018-08-02,0.92,1.071,1.398
2018-08-03,0.919,1.071,1.462
2018-08-06,0.929,1.072,1.462
2018-08-07,0.927,1.076,1.623
2018-08-08,0.927,1.073,1.559
2018-08-09,0.916,1.065,1.462
2018-08-10,0.914,1.068,1.51
2018-08-13,0.915,1.073,1.527
2018-08-14,0.912,1.073,1.527
2018-08-15,0.913,1.074,1.51
2018-08-16,0.913,1.076,1.51
2018-08-17,0.913,1.076,1.51
2018-08-20,0.907,1.065,1.51
2018-08-21,0.911,1.066,1.51
2018-08-22,0.911,1.06,1.509
2018-08-23,0.91,1.067,1.509
2018-08-24,0.908,1.074,1.509
2018-08-27,0.908,1.066,1.509
2018-08-28,0.889,1.064,1.509
2018-08-29,0.897,1.062,1.509
2018-08-30,0.903,1.06,1.509
2018-08-31,0.899,1.055,1.5
2018-09-03,0.749,1.092,
2018-09-04,0.746,1.092,
2018-09-05,0.745,1.084,
2018-09-06,0.746,1.092,
2018-09-10,0.743,1.081,
2018-09-11,0.74,1.072,
2018-09-12,0.74,1.08,
2018-09-13,0.736,1.078,
2018-09-14,0.728,1.086,
2018-09-17,0.735,1.086,
2018-09-18,0.734,1.084,
2018-09-19,0.715,1.068,
2018-09-20,0.731,1.075,
2018-09-21,0.728,1.075,
2018-09-24,0.729,1.07,
2018-09-25,0.729,1.074,
2018-09-26,0.759,1.073,
2018-09-27,0.775,1.082,
2018-09-28,0.725,1.07,
2018-10-01,0.723,1.065,
2018-10-02,0.724,1.068,
2018-10-03,0.722,1.072,
2018-10-04,0.724,1.071,
2018-10-05,0.727,1.079,
2018-10-08,0.718,1.075,
2018-10-09,0.716,1.074,
2018-10-10,0.636,1.202,
2018-10-11,0.636,1.202,
2018-10-15,0.636,1.205,
2018-10-16,0.635,1.199,
2018-10-17,0.635,1.197,
2018-10-18,0.635,1.184,
2018-10-19,0.635,1.189,
2018-10-22,0.634,1.175,
2018-10-23,0.624,1.174,
2018-10-24,0.621,1.174,
2018-10-25,0.619,1.171,
2018-10-26,0.619,1.171,
2018-10-29,0.616,1.158,
2018-10-30,0.616,1.158,
2018-10-31,0.621,1.162,
2018-11-01,0.687,1.044,0.725
2018-11-05,0.686,1.039,0.725
2018-11-06,0.683,1.038,0.725
2018-11-07,0.671,1.034,0.725
2018-11-08,0.676,1.037,0.725
2018-11-09,0.675,1.032,0.725
2018-11-12,0.676,1.032,0.734
2018-11-13,0.667,1.024,0.726
2018-11-14,0.676,1.031,0.734
2018-11-16,0.666,1.028,0.734
2018-11-19,0.683,1.05,0.734
2018-11-20,0.683,1.05,0.734
2018-11-21,0.681,1.026,0.734
2018-11-22,0.678,1.046,0.734
2018-11-23,0.674,1.024,0.725
2018-11-26,0.668,1.018,0.725
2018-11-27,0.675,1.023,0.715
2018-11-28,0.678,1.023,0.704
2018-11-29,0.672,0.996,0.697
2018-11-30,0.673,0.999,0.697
2018-12-03,0.725,1.012,0.698
2018-12-04,0.729,1.005,0.698
2018-12-05,0.731,0.979,0.698
2018-12-06,0.722,0.968,0.698
2018-12-07,0.718,0.97,0.698
2018-12-10,0.711,0.967,0.698
2018-12-11,0.716,0.966,0.698
2018-12-12,0.714,0.965,0.698
2018-12-13,0.717,0.97,0.698
2018-12-14,0.715,0.97,0.698
2018-12-17,0.716,0.971,0.707
2018-12-18,0.72,0.985,0.707
2018-12-19,0.78,0.923,0.707
2018-12-20,0.789,0.938,0.707
2018-12-21,0.781,0.922,0.707
2018-12-24,0.781,0.922,0.707
2018-12-26,0.778,0.923,0.707
2018-12-27,0.782,0.934,0.707
2018-12-28,0.803,0.934,0.707
2018-12-31,0.803,0.934,0.707
2019-01-02,0.705,0.947,0.774
2019-01-03,0.702,0.929,0.775
2019-01-04,0.704,0.93,0.773
2019-01-07,0.709,0.935,0.779
2019-01-08,0.703,0.934,0.775
2019-01-09,0.702,0.938,0.764
2019-01-10,0.716,0.958,0.776
2019-01-11,0.715,0.955,0.776
2019-01-14,0.705,0.947,0.743
2019-01-15,0.707,0.948,0.749
2019-01-16,0.708,0.95,0.773
2019-01-17,0.706,0.949,0.771
2019-01-18,0.703,0.949,0.767
2019-01-21,0.704,0.95,0.767
2019-01-22,0.7,0.937,0.759
2019-01-23,0.695,0.934,0.753
2019-01-24,0.701,0.952,0.76
2019-01-25,0.689,0.967,0.825
2019-01-28,0.705,0.968,0.762
2019-01-29,0.7,0.949,0.754
2019-01-30,0.7,0.958,0.761
2019-01-31,0.701,0.943,0.742
2019-02-01,0.704,0.929,0.7
2019-02-04,0.699,0.943,0.712
2019-02-05,0.699,0.949,0.737
2019-02-06,0.694,0.911,0.717
2019-02-07,0.699,0.919,0.722
2019-02-08,0.703,0.913,0.753
2019-02-11,0.702,0.922,0.751
2019-02-12,0.691,0.908,0.722
2019-02-13,0.7,0.95,0.739
2019-02-14,0.685,0.913,0.719
2019-02-15,0.682,0.91,0.709
2019-02-18,0.684,0.913,0.719
2019-02-19,0.679,0.911,0.733
2019-02-20,0.687,0.914,0.746
2019-02-21,0.686,0.909,0.723
2019-02-22,0.68,0.894,0.721
2019-02-25,0.682,0.893,0.725
2019-02-26,0.68,0.896,0.749
2019-02-27,0.683,0.895,0.746
2019-02-28,0.682,0.894,0.75
2019-03-01,0.636,0.968,0.843
2019-03-06,0.754,0.847,0.717
2019-03-07,0.651,0.972,0.847
2019-03-08,0.646,0.953,0.826
2019-03-11,0.642,0.963,0.82
2019-03-12,0.649,0.98,0.848
2019-03-13,0.643,0.978,0.829
2019-03-14,0.634,0.952,0.798
2019-03-15,0.627,0.954,0.79
2019-03-18,0.625,0.95,0.799
2019-03-19,0.56,0.949,0.796
2019-03-20,0.556,0.945,0.791
2019-03-21,0.557,0.947,0.709
2019-03-22,0.563,0.961,0.76
2019-03-25,0.571,0.955,0.754
2019-03-26,0.561,0.955,0.719
2019-03-27,0.588,0.97,0.705
2019-03-28,0.567,0.963,0.686
2019-03-29,0.567,0.966,0.695
2019-04-01,0.545,0.934,0.69
2019-04-02,0.587,0.93,0.691
2019-04-03,0.581,0.917,0.696
2019-04-04,0.581,0.916,0.693
2019-04-05,0.579,0.915,0.692
2019-04-08,0.555,0.924,0.696
2019-04-09,0.703,0.827,0.694
2019-04-10,0.705,0.821,0.691
2019-04-11,0.706,0.815,0.695
2019-04-12,0.705,0.818,0.699
2019-04-15,0.715,0.833,0.689
2019-04-16,0.711,0.826,0.694
2019-04-17,0.703,0.815,0.695
2019-04-18,0.7,0.815,0.696
2019-04-22,0.698,0.81,0.698
2019-04-23,0.698,0.807,0.686
2019-04-24,0.705,0.806,0.7
2019-04-25,0.705,0.807,0.704
2019-04-26,0.704,0.805,0.706
2019-04-29,0.709,0.807,0.716
2019-04-30,0.72,0.826,0.706
2019-05-02,0.694,0.844,0.668
2019-05-03,0.679,0.826,0.663
2019-05-06,0.673,0.824,0.662
2019-05-07,0.686,0.835,0.664
2019-05-08,0.684,0.833,0.659
2019-05-09,0.672,0.814,0.657
2019-05-10,0.666,0.812,0.651
2019-05-13,0.681,0.801,0.654
2019-05-14,0.678,0.799,0.656
2019-05-15,0.679,0.799,0.658
2019-05-16,0.683,0.802,0.665
2019-05-17,0.692,0.807,0.676
2019-05-20,0.686,0.806,0.669
2019-05-21,0.678,0.802,0.682
2019-05-22,0.677,0.802,0.68
2019-05-23,0.682,0.814,0.678
2019-05-24,0.673,0.802,0.678
2019-05-27,0.666,0.796,0.675
2019-05-28,0.672,0.812,0.668
2019-05-29,0.664,0.79,0.651
2019-05-30,0.662,0.801,0.65
2019-05-31,0.661,0.799,0.669
2019-06-03,0.664,0.806,0.672
2019-06-04,0.66,0.803,0.657
2019-06-05,0.665,0.805,0.668
2019-06-06,0.661,0.802,0.658
2019-06-07,0.651,0.791,0.653
2019-06-10,0.648,0.789,0.653
2019-06-11,0.642,0.787,0.645
2019-06-12,0.644,0.788,0.656
2019-06-13,0.638,0.785,0.65
2019-06-14,0.643,0.795,0.647
2019-06-17,0.642,0.784,0.651
2019-06-18,0.634,0.782,0.647
2019-06-19,0.633,0.802,0.628
2019-06-21,0.618,0.793,0.617
2019-06-24,0.619,0.786,0.619
2019-06-25,0.634,0.785,0.623
2019-06-26,0.636,0.797,0.62
2019-06-27,0.644,0.792,0.618
2019-06-28,0.642,0.791,0.612
2019-07-01,0.622,0.765,0.7
2019-07-02,0.625,0.764,0.704
2019-07-03,0.623,0.765,0.694
2019-07-04,0.613,0.77,0.701
2019-07-05,0.611,0.771,0.694
2019-07-08,0.616,0.76,0.688
2019-07-09,0.616,0.76,0.688
2019-07-10,0.614,0.757,0.685
2019-07-11,0.609,0.769,0.682
2019-07-12,0.61,0.767,0.696
2019-07-15,0.608,0.765,0.695
2019-07-16,0.608,0.766,0.702
2019-07-17,0.607,0.761,0.702
2019-07-18,0.604,0.77,0.698
2019-07-19,0.603,0.767,0.699
2019-07-22,0.6,0.765,0.701
2019-07-23,0.625,0.763,0.709
2019-07-24,0.486,0.762,0.706
2019-07-25,0.507,0.773,0.717
2019-07-26,0.511,0.772,0.704
2019-07-29,0.505,0.77,0.711
2019-07-30,0.506,0.771,0.716
2019-07-31,0.513,0.775,0.728
2019-08-01,0.612,0.785,0.787
2019-08-02,0.612,0.786,0.786
2019-08-05,0.635,0.79,0.8
2019-08-06,0.633,0.783,0.793
2019-08-07,0.632,0.782,0.787
2019-08-08,0.632,0.779,0.781
2019-08-09,0.632,0.783,0.785
2019-08-12,0.632,0.785,0.791
2019-08-13,0.646,0.787,0.782
2019-08-14,0.646,0.797,0.796
2019-08-15,0.649,0.798,0.798
2019-08-16,0.641,0.812,0.794
2019-08-19,0.643,0.814,0.802
2019-08-20,0.646,0.813,0.82
2019-08-21,0.648,0.81,0.826
2019-08-22,0.647,0.814,0.828
2019-08-23,0.652,0.812,0.833
2019-08-26,0.655,0.82,0.842
2019-08-27,0.67,0.833,0.847
2019-08-28,0.677,0.834,0.879
2019-08-29,0.677,0.836,0.876
2019-08-30,0.674,0.826,0.864
2019-09-02,0.7,0.901,0.916
2019-09-03,0.697,0.902,0.909
2019-09-04,0.697,0.887,0.9
2019-09-05,0.701,0.887,0.9
2019-09-06,0.694,0.887,0.915
2019-09-09,0.699,0.891,0.912
2019-09-10,0.701,0.891,0.918
2019-09-11,0.706,0.892,0.917
2019-09-12,0.704,0.891,0.912
2019-09-13,0.705,0.892,0.918
2019-09-16,0.697,0.891,0.91
2019-09-17,0.687,0.895,0.893
2019-09-18,0.683,0.894,0.886
2019-09-19,0.681,0.894,0.9
2019-09-20,0.69,0.895,0.887
2019-09-23,0.694,0.898,0.892
2019-09-24,0.687,0.897,0.89
2019-09-25,0.701,0.898,0.896
2019-09-26,0.701,0.899,0.889
2019-09-27,0.7,0.912,0.891
2019-09-30,0.7,0.904,0.914
2019-10-01,0.699,0.91,1.003
2019-10-02,0.706,0.913,1.007
2019-10-03,0.709,0.913,1.009
2019-10-04,0.711,0.913,1.015
2019-10-07,0.717,0.919,1.031
2019-10-08,0.722,0.917,1.022
2019-10-09,0.721,0.918,1.027
2019-10-10,0.721,0.922,1.023
2019-10-11,0.719,0.925,1.023
2019-10-14,0.718,0.926,1.025
2019-10-15,0.723,0.933,1.038
2019-10-16,0.762,0.938,1.05
2019-10-17,0.746,0.945,1.04
2019-10-18,0.769,0.971,1.058
2019-10-21,0.774,0.973,1.082
2019-10-22,0.783,0.99,1.11
2019-10-23,0.791,0.999,1.127
2019-10-24,0.849,1.072,1.198
2019-10-25,0.85,1.076,1.212
2019-10-28,0.859,1.095,1.19
2019-10-29,0.86,1.098,1.224
2019-10-30,0.866,1.12,1.26
2019-10-31,0.876,1.134,1.257
2019-11-01,0.977,1.103,1.258
2019-11-04,0.988,1.109,1.262
2019-11-05,1.007,1.112,1.263
2019-11-06,1.04,1.165,1.337
2019-11-07,1.183,1.259,1.407
2019-11-08,1.132,1.264,1.461
2019-11-11,1.138,1.263,1.471
2019-11-12,1.217,1.339,1.588
2019-11-13,1.241,1.353,1.614
2019-11-14,1.189,1.297,1.542
2019-11-18,1.193,1.288,1.537
2019-11-19,1.179,1.3,1.527
2019-11-20,1.179,1.3,1.527
2019-11-21,1.181,1.307,1.514
2019-11-22,1.184,1.308,1.501
2019-11-25,1.185,1.311,1.497
2019-11-26,1.17,1.299,1.535
2019-11-27,1.173,1.295,1.532
2019-11-28,1.174,1.294,1.52
2019-11-29,1.19,1.305,1.52
2019-12-02,1.175,1.338,1.551
2019-12-03,1.167,1.33,1.533
2019-12-04,1.146,1.312,1.492
2019-12-05,1.17,1.329,1.516
2019-12-06,1.126,1.297,1.503
2019-12-09,1.12,1.289,1.492
2019-12-10,1.116,1.278,1.484
2019-12-11,1.09,1.272,1.484
2019-12-12,1.08,1.271,1.464
2019-12-13,1.081,1.251,1.495
2019-12-16,1.079,1.27,1.493
2019-12-17,1.112,1.291,1.505
2019-12-18,1.09,1.292,1.503
2019-12-19,1.11,1.309,1.508
2019-12-20,1.083,1.291,1.488
2019-12-23,1.076,1.29,1.473
2019-12-24,1.076,1.29,1.473
2019-12-26,1.061,1.283,1.464
2019-12-27,1.069,1.273,1.46
2019-12-30,1.093,1.299,1.488
2019-12-31,1.093,1.299,1.487
2020-01-02,1.115,1.354,1.477
2020-01-03,1.103,1.346,1.473
2020-01-06,1.067,1.306,1.459
2020-01-07,1.068,1.33,1.448
2020-01-08,1.102,1.308,1.44
2020-01-09,1.121,1.289,1.433
2020-01-10,1.107,1.283,1.429
2020-01-13,1.118,1.284,1.441
2020-01-14,1.107,1.272,1.436
2020-01-15,1.094,1.263,1.412
2020-01-16,1.103,1.283,1.429
2020-01-17,1.109,1.277,1.425
2020-01-20,1.104,1.274,1.425
2020-01-21,1.076,1.27,1.414
2020-01-22,1.062,1.269,1.408
2020-01-23,1.053,1.271,1.411
2020-01-24,1.029,1.264,1.405
2020-01-27,1.043,1.267,1.416
2020-01-28,1.043,1.265,1.402
2020-01-29,1.029,1.262,1.403
2020-01-30,1.028,1.262,1.407
2020-01-31,1.057,1.27,1.41
2020-02-03,1.073,1.323,1.42
2020-02-04,1.051,1.324,1.4
2020-02-05,1.066,1.325,1.399
2020-02-06,1.072,1.326,1.407
2020-02-07,1.074,1.321,1.42
2020-02-10,1.061,1.317,1.415
2020-02-11,1.06,1.314,1.411
2020-02-12,1.05,1.304,1.412
2020-02-13,1.068,1.309,1.414
2020-02-14,1.065,1.298,1.402
2020-02-17,1.059,1.305,1.413
2020-02-18,1.056,1.288,1.408
2020-02-19,1.053,1.286,1.416
2020-02-20,1.06,1.288,1.424
2020-02-21,1.063,1.291,1.432
2020-02-26,1.068,1.299,1.45
2020-02-27,1.06,1.294,1.447
2020-02-28,1.079,1.314,1.477
2020-03-02,1.084,1.332,1.492
2020-03-03,1.057,1.3,1.481
2020-03-04,1.069,1.322,1.482
2020-03-05,1.089,1.347,1.508
2020-03-06,1.176,1.359,1.539
2020-03-09,1.303,1.462,1.61
2020-03-10,1.374,1.561,1.787
2020-03-11,1.392,1.597,1.876
2020-03-12,1.507,1.746,2.052
2020-03-13,1.569,1.747,2.011
2020-03-16,1.598,1.853,2.198
2020-03-17,1.55,1.786,2.124
2020-03-18,1.942,2.361,2.741
2020-03-19,2.366,2.669,3.758
2020-03-20,2.707,3.149,4.318
2020-03-23,2.939,3.553,4.941
2020-03-24,2.836,3.463,4.844
2020-03-25,3.278,3.768,5.181
2020-03-26,3.256,3.717,5.023
2020-03-27,3.399,3.969,5.34
2020-03-30,3.464,3.949,5.705
2020-03-31,3.539,3.941,5.371
2020-04-01,4.687,5.393,5.333
2020-04-02,4.669,5.381,5.368
2020-04-03,4.676,5.343,5.431
2020-04-06,5.07,5.487,5.765
2020-04-07,5.364,5.515,5.586
2020-04-08,5.416,5.804,6.029
2020-04-09,5.287,5.464,5.582
2020-04-13,5.098,5.413,5.441
2020-04-14,5.091,5.294,5.227
2020-04-15,4.488,5.11,4.847
2020-04-16,4.389,5.036,4.656
2020-04-17,4.175,4.705,4.114
2020-04-20,4.25,4.441,3.944
2020-04-22,4.022,4.234,3.835
2020-04-23,3.909,4.327,3.711
2020-04-24,4.306,4.307,4.197
2020-04-27,4.401,4.683,4.317
2020-04-28,4.123,4.148,3.954
2020-04-29,4.103,4.225,3.739
2020-04-30,4.015,3.981,3.74
2020-05-04,4.313,3.893,3.684
2020-05-05,4.262,3.781,3.655
2020-05-06,4.279,3.696,3.576
2020-05-07,4.189,3.738,3.598
2020-05-08,4.223,3.686,3.59
2020-05-11,4.179,3.73,3.578
2020-05-12,4.23,3.737,3.668
2020-05-13,4.265,3.771,3.725
2020-05-14,4.286,3.79,3.737
2020-05-15,4.235,3.836,3.813
2020-05-18,4.159,3.791,3.747
2020-05-19,4.117,3.76,3.734
2020-05-20,4.144,3.761,3.755
2020-05-21,4.144,3.733,3.716
2020-05-22,4.133,3.777,3.729
2020-05-25,4.098,3.691,3.616
2020-05-26,4.059,3.747,3.612
2020-05-27,4.023,3.738,3.602
2020-05-28,4.035,3.721,3.614
2020-05-29,4.036,3.77,3.575
2020-06-01,4.091,3.662,3.54
2020-06-02,4.013,3.628,3.485
2020-06-03,3.995,3.631,3.477
2020-06-04,3.953,3.556,3.486
2020-06-05,3.994,3.635,3.509
2020-06-08,3.932,3.609,3.454
2020-06-09,3.792,3.502,3.42
2020-06-10,3.749,3.467,3.403
2020-06-12,3.697,3.473,3.395
2020-06-15,3.661,3.453,3.382
2020-06-16,3.696,3.456,3.405
2020-06-17,3.602,3.441,3.358
2020-06-18,3.545,3.429,3.399
2020-06-19,3.551,3.404,3.365
2020-06-22,3.568,3.357,3.366
2020-06-23,3.482,3.33,3.305
2020-06-24,3.521,3.276,3.318
2020-06-25,3.371,3.208,3.218
2020-06-26,3.326,3.138,3.205
2020-06-29,3.357,3.221,3.165
2020-06-30,3.294,3.078,3.117
2020-07-01,3.047,3.185,3.084
2020-07-02,3.059,3.179,3.088
2020-07-03,3.018,3.143,3.051
2020-07-06,3.026,3.105,3.012
2020-07-07,3.011,2.998,3.001
2020-07-08,2.996,3.027,3.0
2020-07-09,3.072,2.967,2.979
2020-07-10,3.022,2.922,2.941
2020-07-13,3.011,2.907,2.911
2020-07-14,3.002,2.904,2.873
2020-07-15,2.992,2.867,2.888
2020-07-16,2.973,2.868,2.883
2020-07-17,2.963,2.846,2.871
2020-07-20,2.956,2.834,2.867
2020-07-21,2.905,2.826,2.854
2020-07-22,2.925,2.814,2.847
2020-07-23,2.905,2.794,2.843
2020-07-24,2.803,2.734,2.79
2020-07-27,2.782,2.786,2.753
2020-07-28,2.779,2.682,2.735
2020-07-29,2.694,2.686,2.721
2020-07-30,2.667,2.599,2.633
2020-07-31,2.668,2.591,2.634
2020-08-03,2.596,2.591,2.615
2020-08-04,2.613,2.606,2.634
2020-08-05,2.543,2.586,2.588
2020-08-06,2.51,2.54,2.534
2020-08-07,2.509,2.549,2.535
2020-08-10,2.493,2.515,2.551
2020-08-11,2.489,2.535,2.568
2020-08-12,2.5,2.547,2.585
2020-08-13,2.461,2.546,2.609
2020-08-14,2.48,2.553,2.599
2020-08-17,2.483,2.554,2.63
2020-08-18,2.284,2.418,2.514
2020-08-19,2.279,2.434,2.541
2020-08-20,2.28,2.432,2.499
2020-08-21,2.27,2.412,2.491
2020-08-24,2.229,2.413,2.469
2020-08-25,2.233,2.411,2.45
2020-08-26,2.251,2.438,2.471
2020-08-27,2.234,2.41,2.451
2020-08-28,2.205,2.396,2.416
2020-08-31,2.201,2.375,2.413
2020-09-01,2.041,2.392,2.372
2020-09-02,2.024,2.375,2.354
2020-09-03,2.029,2.363,2.335
2020-09-04,2.009,2.35,2.296
2020-09-08,2.036,2.356,2.316
2020-09-09,1.995,2.328,2.303
2020-09-10,2.001,2.332,2.32
2020-09-11,2.048,2.371,2.315
2020-09-14,1.999,2.336,2.299
2020-09-15,2.012,2.335,2.309
2020-09-16,2.015,2.335,2.325
2020-09-17,1.98,2.318,2.301
2020-09-18,2.076,2.319,2.365
2020-09-21,2.068,2.32,2.355
2020-09-22,2.043,2.296,2.341
2020-09-23,2.036,2.317,2.384
2020-09-24,2.005,2.295,2.336
2020-09-25,1.989,2.274,2.338
2020-09-28,2.037,2.315,2.399
2020-09-29,2.048,2.351,2.366
2020-09-30,2.035,2.331,2.336
2020-10-01,1.689,2.362,2.379
2020-10-02,1.735,2.337,2.39
2020-10-05,1.714,2.31,2.385
2020-10-06,1.728,2.334,2.406
2020-10-07,1.716,2.329,2.402
2020-10-08,1.682,2.308,2.412
2020-10-09,1.707,2.323,2.412
2020-10-13,1.707,2.336,2.389
2020-10-14,1.701,2.325,2.397
2020-10-15,1.726,2.336,2.441
2020-10-16,1.742,2.357,2.435
2020-10-19,1.719,2.327,2.414
2020-10-20,1.711,2.32,2.378
2020-10-21,1.706,2.318,2.371
2020-10-22,1.72,2.323,2.385
2020-10-23,1.746,2.35,2.408
2020-10-26,1.741,2.345,2.414
2020-10-27,1.744,2.359,2.434
2020-10-28,1.746,2.358,2.425
2020-10-29,1.734,2.346,2.414
2020-10-30,1.743,2.347,2.445
2020-11-03,2.026,2.376,2.466
2020-11-04,2.011,2.347,2.444
2020-11-05,1.956,2.328,2.417
2020-11-06,1.973,2.319,2.401
2020-11-09,1.946,2.305,2.384
2020-11-10,1.934,2.309,2.385
2020-11-11,1.96,2.347,2.379
2020-11-12,1.961,2.325,2.415
2020-11-13,1.946,2.267,2.379
2020-11-16,1.928,2.28,2.378
2020-11-17,1.913,2.274,2.362
2020-11-18,1.918,2.304,2.374
2020-11-19,1.934,2.301,2.374
2020-11-20,1.94,2.319,2.402
2020-11-23,1.956,2.328,2.392
2020-11-24,1.948,2.323,2.371
2020-11-25,1.933,2.317,2.366
2020-11-26,1.923,2.299,2.346
2020-11-27,1.917,2.3,2.344
2020-11-30,1.924,2.307,2.353
2020-12-01,1.864,2.302,2.333
2020-12-02,1.843,2.281,2.323
2020-12-03,1.816,2.256,2.278
2020-12-04,1.831,2.267,2.275
2020-12-07,1.818,2.261,2.277
2020-12-08,1.815,2.257,2.261
2020-12-09,1.807,2.259,2.265
2020-12-10,1.796,2.252,2.252
2020-12-11,1.81,2.246,2.277
2020-12-14,1.816,2.263,2.29
2020-12-15,1.802,2.258,2.269
2020-12-16,1.824,2.261,2.295
2020-12-17,1.822,2.271,2.292
2020-12-18,1.818,2.263,2.282
2020-12-21,1.786,2.259,2.287
2020-12-22,1.741,2.218,2.254
2020-12-23,1.752,2.231,2.275
2020-12-24,1.746,2.231,2.274
2020-12-28,1.793,2.264,2.298
2020-12-29,1.762,2.242,2.289
2020-12-30,1.748,2.242,2.293
2020-12-31,1.748,2.241,2.292
2021-01-04,1.784,2.258,2.295
2021-01-05,1.775,2.251,2.305
2021-01-06,1.907,2.212,2.346
2021-01-07,1.895,2.239,2.334
2021-01-08,1.904,2.256,2.346
2021-01-11,1.931,2.239,2.364
2021-01-12,1.911,2.228,2.335
2021-01-13,1.931,2.252,2.355
2021-01-14,1.91,2.233,2.327
2021-01-15,1.882,2.222,2.33
2021-01-18,1.849,2.209,2.311
2021-01-19,1.882,2.185,2.314
2021-01-20,1.882,2.196,2.316
2021-01-21,1.896,2.203,2.333
2021-01-22,1.913,2.202,2.362
2021-01-25,1.911,2.201,2.362
2021-01-26,1.886,2.19,2.326
2021-01-27,1.891,2.189,2.3
2021-01-28,1.861,2.178,2.275
2021-01-29,1.87,2.125,2.249
2021-02-01,1.813,2.163,2.243
2021-02-02,1.81,2.14,2.217
2021-02-03,1.803,2.131,2.195
2021-02-04,1.798,2.141,2.18
2021-02-05,1.807,2.13,2.144
2021-02-08,1.874,2.057,2.131
2021-02-09,1.87,2.066,2.147
2021-02-10,1.855,2.044,2.12
2021-02-11,1.84,2.021,2.089
2021-02-12,1.837,2.004,2.075
2021-02-17,1.85,2.012,2.092
2021-02-18,1.845,2.001,2.081
2021-02-19,1.846,2.004,2.093
2021-02-22,1.881,2.029,2.126
2021-02-23,1.853,2.007,2.106
2021-02-24,1.858,2.01,2.115
2021-02-25,1.869,1.994,2.103
2021-02-26,1.886,2.001,2.101
2021-03-01,1.924,2.019,2.098
2021-03-02,1.912,2.01,2.064
2021-03-03,1.954,2.003,2.076
2021-03-04,1.909,1.964,1.988
2021-03-05,1.909,1.952,1.972
2021-03-08,1.93,1.975,2.004
2021-03-09,1.939,1.988,2.031
2021-03-10,1.941,1.995,2.031
2021-03-11,1.941,1.99,2.023
2021-03-12,1.952,1.993,2.045
2021-03-15,1.959,1.995,2.038
2021-03-16,1.945,1.972,2.018
2021-03-17,1.954,1.976,2.024
2021-03-18,1.973,1.975,1.974
2021-03-19,1.956,1.993,1.992
2021-03-22,1.945,2.0,1.999
2021-03-23,1.963,1.987,2.0
2021-03-24,1.963,1.998,2.022
2021-03-25,1.948,1.989,2.013
2021-03-26,1.934,1.986,2.015
2021-03-29,1.951,1.991,2.025
2021-03-30,1.924,1.985,2.012
2021-03-31,1.908,1.985,2.011
2021-04-01,1.892,2.043,2.009
2021-04-05,1.898,2.028,2.007
2021-04-06,1.904,2.034,2.015
2021-04-07,1.911,2.036,2.004
2021-04-08,1.891,2.011,1.979
2021-04-09,1.896,2.017,1.993
2021-04-12,1.889,2.012,1.996
2021-04-13,1.908,2.025,2.006
2021-04-14,1.898,1.978,2.0
2021-04-15,1.88,1.969,1.989
2021-04-16,1.869,1.949,1.968
2021-04-19,1.773,1.944,1.959
2021-04-20,1.769,1.95,1.969
2021-04-22,1.732,1.929,1.95
2021-04-23,1.743,1.926,1.933
2021-04-26,1.742,1.923,1.929
2021-04-27,1.744,1.922,1.928
2021-04-28,1.742,1.919,1.919
2021-04-29,1.738,1.918,1.915
2021-04-30,1.742,1.92,1.915
2021-05-03,1.718,1.916,1.911
2021-05-04,1.727,1.927,1.923
2021-05-05,1.734,1.915,1.913
2021-05-06,1.724,1.91,1.913
2021-05-07,1.735,1.907,1.913
2021-05-10,1.805,1.946,1.92
2021-05-11,1.776,1.932,1.915
2021-05-12,1.78,1.959,1.929
2021-05-13,1.77,1.953,1.926
2021-05-14,1.778,1.951,1.926
2021-05-17,1.77,1.941,1.921
2021-05-18,1.768,1.947,1.926
2021-05-19,1.772,1.949,1.936
2021-05-20,1.771,1.946,1.929
2021-05-21,1.765,1.936,1.916
2021-05-24,1.781,1.947,1.927
2021-05-25,1.772,1.941,1.921
2021-05-26,1.766,1.934,1.902
2021-05-27,1.762,1.928,1.904
2021-05-28,1.766,1.923,1.884
2021-05-31,1.766,1.921,1.888
2021-06-01,1.768,1.851,1.892
2021-06-02,1.807,1.845,1.884
2021-06-04,1.794,1.841,1.874
2021-06-07,1.72,1.85,1.877
2021-06-08,1.673,1.887,1.87
2021-06-09,1.679,1.889,1.864
2021-06-10,1.689,1.891,1.856
2021-06-11,1.722,1.935,1.851
2021-06-14,1.687,1.888,1.839
2021-06-15,1.685,1.88,1.831
2021-06-16,1.691,1.877,1.826
2021-06-17,1.698,1.878,1.832
2021-06-18,1.708,1.876,1.853
2021-06-21,1.696,1.87,1.838
2021-06-22,1.7,1.865,1.844
2021-06-23,1.709,1.867,1.811
2021-06-24,1.696,1.862,1.804
2021-06-25,1.678,1.855,1.802
2021-06-28,1.662,1.841,1.794
2021-06-29,1.661,1.829,1.792
2021-06-30,1.67,1.837,1.778
2021-07-01,1.673,1.856,1.783
2021-07-02,1.668,1.856,1.782
2021-07-05,1.669,1.852,1.787
2021-07-06,1.672,1.847,1.771
2021-07-07,1.663,1.828,1.768
2021-07-08,1.661,1.826,1.763
2021-07-09,1.661,1.826,1.763
2021-07-12,1.638,1.827,1.769
2021-07-13,1.641,1.831,1.773
2021-07-14,1.614,1.82,1.762
2021-07-15,1.609,1.819,1.759
2021-07-16,1.604,1.808,1.75
2021-07-19,1.595,1.805,1.746
2021-07-20,1.583,1.8,1.732
2021-07-21,1.576,1.794,1.726
2021-07-22,1.576,1.79,1.721
2021-07-23,1.61,1.796,1.739
2021-07-26,1.621,1.79,1.737
2021-07-27,1.625,1.788,1.735
2021-07-28,1.608,1.782,1.734
2021-07-29,1.6,1.782,1.732
2021-07-30,1.623,1.79,1.729
2021-08-02,1.631,1.798,1.73
2021-08-03,1.634,1.792,1.726
2021-08-04,1.632,1.791,1.725
2021-08-05,1.646,1.796,1.718
2021-08-06,1.642,1.795,1.718
2021-08-09,1.608,1.779,1.717
2021-08-10,1.577,1.773,1.714
2021-08-11,1.581,1.771,1.71
2021-08-12,1.579,1.777,1.715
2021-08-13,1.583,1.779,1.737
2021-08-16,1.585,1.781,1.713
2021-08-17,1.594,1.783,1.707
2021-08-18,1.606,1.79,1.69
2021-08-19,1.604,1.797,1.673
2021-08-20,1.591,1.79,1.673
2021-08-23,1.584,1.79,1.68
2021-08-24,1.56,1.781,1.674
2021-08-25,1.553,1.773,1.665
2021-08-26,1.546,1.773,1.665
2021-08-27,1.53,1.752,1.627
2021-08-30,1.531,1.757,1.626
2021-08-31,1.531,1.748,1.634
2021-09-01,1.531,1.747,1.665
2021-09-02,1.538,1.751,1.641
2021-09-03,1.538,1.749,1.632
2021-09-06,1.536,1.748,1.632
2021-09-08,1.524,1.744,1.639
2021-09-09,1.544,1.742,1.636
2021-09-10,1.537,1.739,1.636
2021-09-13,1.538,1.738,1.633
2021-09-14,1.519,1.733,1.63
2021-09-15,1.524,1.735,1.655
2021-09-16,1.524,1.733,1.643
2021-09-17,1.486,1.72,1.646
2021-09-20,1.482,1.713,1.637
2021-09-21,1.466,1.705,1.629
2021-09-22,1.468,1.707,1.628
2021-09-23,1.461,1.697,1.63
2021-09-24,1.461,1.695,1.631
2021-09-27,1.463,1.697,1.634
2021-09-28,1.475,1.7,1.64
2021-09-29,1.463,1.693,1.638
2021-09-30,1.457,1.69,1.637
2021-10-01,1.477,1.735,1.631
2021-10-04,1.478,1.73,1.633
2021-10-05,1.475,1.725,1.603
2021-10-06,1.462,1.716,1.626
2021-10-07,1.462,1.708,1.581
2021-10-08,1.444,1.731,1.606
2021-10-11,1.446,1.735,1.576
2021-10-13,1.443,1.733,1.572
2021-10-14,1.446,1.733,1.523
2021-10-15,1.452,1.738,1.533
2021-10-18,1.448,1.73,1.534
2021-10-19,1.472,1.737,1.544
2021-10-20,1.44,1.731,1.533
2021-10-21,1.473,1.745,1.546
2021-10-22,1.491,1.745,1.555
2021-10-25,1.511,1.76,1.588
2021-10-26,1.532,1.771,1.59
2021-10-27,1.531,1.776,1.589
2021-10-28,1.555,1.783,1.599
2021-10-29,1.554,1.783,1.593
2021-11-01,1.634,1.743,1.841
2021-11-03,1.611,1.732,1.837
2021-11-04,1.613,1.732,1.839
2021-11-05,1.609,1.735,1.837
2021-11-08,1.623,1.739,1.836
2021-11-09,1.612,1.732,1.829
2021-11-10,1.616,1.733,1.83
2021-11-11,1.61,1.736,1.829
2021-11-12,1.609,1.739,1.828
2021-11-16,1.611,1.743,1.829
2021-11-17,1.62,1.745,1.831
2021-11-18,1.627,1.75,1.832
2021-11-19,1.626,1.748,1.798
2021-11-22,1.654,1.761,1.85
2021-11-23,1.663,1.77,1.84
2021-11-24,1.645,1.761,1.844
2021-11-25,1.648,1.765,1.846
2021-11-26,1.64,1.768,1.844
2021-11-29,1.648,1.764,1.841
2021-11-30,1.642,1.758,1.838
2021-12-01,1.683,1.792,1.956
2021-12-02,1.681,1.776,1.884
2021-12-03,1.67,1.766,1.879
2021-12-06,1.667,1.765,1.879
2021-12-07,1.663,1.741,1.871
2021-12-08,1.665,1.777,1.966
2021-12-09,1.675,1.776,1.906
2021-12-10,1.669,1.772,1.902
2021-12-13,1.678,1.777,1.905
2021-12-14,1.676,1.776,1.904
2021-12-15,1.674,1.781,1.902
2021-12-16,1.682,1.788,1.918
2021-12-17,1.66,1.795,1.921
2021-12-20,1.671,1.794,1.917
2021-12-21,1.663,1.794,1.916
2021-12-22,1.665,1.796,1.916
2021-12-23,1.678,1.816,1.93
2021-12-24,1.678,1.816,1.93
2021-12-27,1.679,1.822,1.93
2021-12-28,1.677,1.822,1.937
2021-12-29,1.705,1.826,1.942
2021-12-30,1.698,1.813,1.932
2021-12-31,1.698,1.813,1.932
2022-01-03,1.799,1.797,1.922
2022-01-04,1.807,1.808,1.927
2022-01-05,1.813,1.795,1.928
2022-01-06,1.797,1.795,1.926
2022-01-07,1.791,1.788,1.928
2022-01-10,1.789,1.787,1.929
2022-01-11,1.781,1.787,1.932
2022-01-12,1.776,1.783,1.928
2022-01-13,1.776,1.781,1.927
2022-01-14,1.777,1.786,1.927
2022-01-17,1.777,1.791,1.923
2022-01-18,1.767,1.809,1.923
2022-01-19,1.763,1.808,1.919
2022-01-20,1.748,1.803,1.916
2022-01-21,1.755,1.811,1.92
2022-01-24,1.755,1.807,1.907
2022-01-25,1.756,1.806,1.918
2022-01-26,1.757,1.805,1.917
2022-01-27,1.766,1.81,1.915
2022-01-28,1.764,1.823,1.919
2022-01-31,1.761,1.825,1.929
2022-02-01,1.75,1.833,1.908
2022-02-02,1.748,1.842,1.904
2022-02-03,1.739,1.837,1.91
2022-02-04,1.743,1.842,1.913
2022-02-07,1.733,1.837,1.909
2022-02-08,1.739,1.838,1.911
2022-02-09,1.74,1.835,1.906
2022-02-10,1.744,1.837,1.904
2022-02-11,1.743,1.837,1.916
2022-02-14,1.74,1.841,1.906
2022-02-15,1.739,1.829,1.902
2022-02-16,1.736,1.828,1.898
2022-02-17,1.726,1.824,1.899
2022-02-18,1.72,1.824,1.899
2022-02-21,1.721,1.819,1.898
2022-02-22,1.714,1.813,1.895
2022-02-23,1.701,1.809,1.894
2022-02-24,1.703,1.8,1.918
2022-02-25,1.7,1.801,1.918
2022-03-02,1.706,1.815,2.051
2022-03-03,1.716,1.806,2.048
2022-03-04,1.715,1.817,2.067
2022-03-07,1.737,1.818,2.067
2022-03-08,1.736,1.822,2.067
2022-03-09,1.728,1.809,2.061
2022-03-10,1.733,1.81,2.053
2022-03-11,1.728,1.803,2.038
2022-03-14,1.736,1.813,2.035
2022-03-15,1.724,1.808,2.057
2022-03-16,1.723,1.806,2.06
2022-03-17,1.716,1.801,2.055
2022-03-18,1.72,1.8,2.052
2022-03-21,1.744,1.778,2.053
2022-03-22,1.731,1.773,2.041
2022-03-23,1.73,1.774,2.033
2022-03-24,1.721,1.768,2.029
2022-03-25,1.713,1.76,2.013
2022-03-28,1.711,1.759,1.987
2022-03-29,1.703,1.758,1.99
2022-03-30,1.702,1.759,1.991
2022-03-31,1.705,1.758,1.99
2022-04-01,1.56,1.791,2.003
2022-04-04,1.552,1.768,1.993
2022-04-05,1.558,1.781,2.01
2022-04-06,1.562,1.775,1.996
2022-04-07,1.561,1.775,1.996
2022-04-08,1.57,1.787,1.979
2022-04-11,1.577,1.789,1.977
2022-04-12,1.573,1.791,1.978
2022-04-13,1.577,1.795,2.006
2022-04-14,1.586,1.777,2.001
2022-04-18,1.56,1.794,1.96
2022-04-19,1.559,1.794,1.972
2022-04-20,1.562,1.795,1.963
2022-04-22,1.55,1.819,1.982
2022-04-25,1.537,1.796,1.969
2022-04-26,1.534,1.792,1.97
2022-04-27,1.526,1.802,1.962
2022-04-28,1.506,1.804,1.961
2022-04-29,1.51,1.8,1.961
2022-05-02,1.529,1.809,1.931
2022-05-03,1.521,1.785,1.914
2022-05-04,1.515,1.779,1.912
2022-05-05,1.513,1.783,1.937
2022-05-06,1.523,1.791,1.925
2022-05-09,1.485,1.817,1.925
2022-05-10,1.407,1.806,1.935
2022-05-11,1.436,1.797,1.926
2022-05-12,1.44,1.805,1.927
2022-05-13,1.457,1.787,1.926
2022-05-16,1.448,1.78,1.909
2022-05-17,1.446,1.776,1.904
2022-05-18,1.451,1.777,1.904
2022-05-19,1.447,1.774,1.903
2022-05-20,1.44,1.766,1.899
2022-05-23,1.444,1.761,1.899
2022-05-24,1.46,1.752,1.903
2022-05-25,1.466,1.767,1.933
2022-05-26,1.446,1.755,1.906
2022-05-27,1.44,1.749,1.903
2022-05-30,1.443,1.748,1.922
2022-05-31,1.443,1.748,1.921
2022-06-01,1.445,1.757,1.94
2022-06-02,1.458,1.749,1.94
2022-06-03,1.456,1.748,1.94
2022-06-06,1.456,1.749,1.94
2022-06-07,1.472,1.754,2.001
2022-06-08,1.473,1.746,2.001
2022-06-09,1.458,1.745,1.98
2022-06-10,1.435,1.751,2.001
2022-06-13,1.454,1.764,1.973
2022-06-14,1.485,1.755,2.001
2022-06-15,1.47,1.756,1.993
2022-06-17,1.475,1.756,1.992
2022-06-20,1.474,1.742,1.985
2022-06-21,1.481,1.752,2.003
2022-06-22,1.48,1.752,1.984
2022-06-23,1.462,1.751,1.973
2022-06-24,1.459,1.757,1.972
2022-06-27,1.467,1.763,1.973
2022-06-28,1.463,1.763,1.975
2022-06-29,1.465,1.77,1.967
2022-06-30,1.462,1.765,1.98
2022-07-01,1.615,1.77,1.953
2022-07-04,1.621,1.779,1.943
2022-07-05,1.599,1.795,1.945
2022-07-06,1.602,1.794,1.952
2022-07-07,1.602,1.793,1.944
2022-07-08,1.623,1.798,1.964
2022-07-11,1.635,1.79,1.968
2022-07-12,1.634,1.779,1.982
2022-07-13,1.625,1.806,1.972
2022-07-14,1.621,1.795,1.976
2022-07-15,1.607,1.801,1.975
2022-07-18,1.628,1.792,2.01
2022-07-19,1.622,1.79,2.049
2022-07-20,1.62,1.792,2.057
2022-07-21,1.621,1.794,2.057
2022-07-22,1.621,1.791,2.044
2022-07-25,1.626,1.798,2.026
2022-07-26,1.623,1.798,2.032
2022-07-27,1.619,1.798,2.032
2022-07-28,1.62,1.797,2.012
2022-07-29,1.619,1.797,2.014
2022-08-01,1.772,1.808,2.008
2022-08-02,1.795,1.817,2.02
2022-08-03,1.8,1.802,2.022
2022-08-04,1.798,1.799,2.011
2022-08-05,1.772,1.798,2.003
2022-08-08,1.776,1.787,2.022
2022-08-09,1.767,1.785,2.02
2022-08-10,1.782,1.775,2.021
2022-08-11,1.79,1.778,2.001
2022-08-12,1.781,1.765,2.022
2022-08-15,1.811,1.766,2.005
2022-08-16,1.809,1.767,2.005
2022-08-17,1.82,1.782,1.995
2022-08-18,1.812,1.776,2.016
2022-08-19,1.813,1.784,2.002
2022-08-22,1.809,1.783,2.005
2022-08-23,1.811,1.781,2.006
2022-08-24,1.81,1.781,2.002
2022-08-25,1.804,1.795,2.021
2022-08-26,1.795,1.784,2.021
2022-08-29,1.794,1.782,2.043
2022-08-30,1.802,1.773,2.044
2022-08-31,1.797,1.769,2.042
2022-09-01,1.761,1.84,1.986
2022-09-02,1.757,1.837,1.986
2022-09-05,1.754,1.834,1.98
2022-09-06,1.753,1.83,1.992
2022-09-08,1.75,1.827,1.99
2022-09-09,1.746,1.828,1.971
2022-09-12,1.743,1.824,1.989
2022-09-13,1.751,1.82,2.004
2022-09-14,1.752,1.818,1.985
2022-09-15,1.751,1.821,1.985
2022-09-16,1.742,1.82,1.983
2022-09-19,1.751,1.823,1.961
2022-09-20,1.739,1.821,1.961
2022-09-21,1.741,1.819,1.955
2022-09-22,1.746,1.819,1.958
2022-09-23,1.746,1.822,1.962
2022-09-26,1.738,1.816,1.961
2022-09-27,1.742,1.808,1.96
2022-09-28,1.754,1.813,1.972
2022-09-29,1.783,1.818,1.972
2022-09-30,1.776,1.806,1.951
2022-10-03,1.808,1.81,1.929
2022-10-04,1.819,1.811,1.928
2022-10-05,1.789,1.813,1.926
2022-10-06,1.779,1.807,1.927
2022-10-07,1.804,1.815,1.927
2022-10-10,1.798,1.839,1.927
2022-10-11,1.8,1.832,1.97
2022-10-13,1.797,1.804,1.962
2022-10-14,1.779,1.79,1.937
2022-10-17,1.766,1.797,1.929
2022-10-18,1.765,1.794,1.935
2022-10-19,1.765,1.792,1.947
2022-10-20,1.767,1.794,1.945
2022-10-21,1.763,1.792,1.945
2022-10-24,1.764,1.794,1.939
2022-10-25,1.76,1.817,1.946
2022-10-26,1.764,1.794,1.943
2022-10-27,1.762,1.791,1.943
2022-10-28,1.753,1.79,1.936
2022-10-31,1.748,1.791,1.927
2022-11-01,1.786,1.752,1.914
2022-11-03,1.785,1.751,1.914
2022-11-04,1.759,1.753,1.91
2022-11-07,1.767,1.758,1.918
2022-11-08,1.767,1.76,1.911
2022-11-09,1.772,1.755,1.925
2022-11-10,1.782,1.762,1.976
2022-11-11,1.778,1.765,1.984
2022-11-14,1.777,1.761,1.986
2022-11-16,1.78,1.769,1.965
2022-11-17,1.779,1.771,1.964
2022-11-18,1.78,1.774,1.965
2022-11-21,1.78,1.782,1.967
2022-11-22,1.778,1.779,1.974
2022-11-23,1.784,1.78,1.992
2022-11-24,1.778,1.778,1.965
2022-11-25,1.792,1.781,2.017
2022-11-28,1.781,1.782,1.963
2022-11-29,1.777,1.777,1.964
2022-11-30,1.787,1.777,1.953
2022-12-01,1.884,1.771,2.017
2022-12-02,1.883,1.768,2.008
2022-12-05,1.899,1.766,2.021
2022-12-06,1.903,1.765,2.025
2022-12-07,1.901,1.76,2.025
2022-12-08,1.901,1.762,2.032
2022-12-09,1.948,1.762,2.025
2022-12-12,1.913,1.763,2.057
2022-12-13,1.914,1.76,2.061
2022-12-14,1.955,1.76,2.093
2022-12-15,1.91,1.767,2.07
2022-12-16,1.947,1.766,2.098
2022-12-19,1.904,1.767,2.112
2022-12-20,1.896,1.772,2.083
2022-12-21,1.897,1.772,2.088
2022-12-22,1.898,1.77,2.11
2022-12-23,1.92,1.768,2.118
2022-12-26,1.918,1.769,2.117
2022-12-27,1.92,1.771,2.117
2022-12-28,1.915,1.769,2.116
2022-12-29,1.919,1.768,2.115
2022-12-30,1.919,1.768,2.115
2023-01-02,1.896,1.782,2.147
2023-01-03,1.9,1.776,2.172
2023-01-04,1.897,1.778,2.196
2023-01-05,1.9,1.774,2.169
2023-01-06,1.898,1.77,2.137
2023-01-09,1.894,1.769,2.134
2023-01-10,1.893,1.768,2.135
2023-01-11,1.893,1.767,2.127
2023-01-12,2.099,2.055,2.431
2023-01-13,2.194,2.135,2.471
2023-01-16,2.201,2.138,2.483
2023-01-17,2.244,2.124,2.395
2023-01-18,2.251,2.115,2.422
2023-01-19,2.218,2.088,2.361
2023-01-20,2.204,2.056,2.34
2023-01-23,2.201,2.049,2.344
2023-01-24,2.155,2.023,2.303
2023-01-25,2.141,2.019,2.296
2023-01-26,2.138,2.015,2.29
2023-01-27,2.13,2.015,2.288
2023-01-30,2.172,2.032,2.326
2023-01-31,2.17,2.031,2.324
2023-02-01,2.41,2.102,2.33
2023-02-02,2.423,2.093,2.33
2023-02-03,2.43,2.099,2.331
2023-02-06,2.437,2.104,2.331
2023-02-07,2.44,2.094,2.331
2023-02-08,2.575,2.271,2.567
2023-02-09,2.659,2.374,2.647
2023-02-10,2.667,2.375,2.647
2023-02-13,2.893,2.706,2.878
2023-02-14,2.934,2.808,2.949
2023-02-15,2.956,2.843,2.901
2023-02-16,2.952,2.86,2.889
2023-02-17,2.949,2.865,2.909
2023-02-22,2.949,2.866,2.909
2023-02-23,2.965,2.808,2.898
2023-02-24,2.935,2.805,2.848
2023-02-27,2.931,2.819,2.818
2023-02-28,2.928,2.833,2.799
2023-03-01,2.832,2.739,2.731
2023-03-02,2.827,2.74,2.741
2023-03-03,2.815,2.783,2.741
2023-03-06,2.801,2.825,2.703
2023-03-07,2.801,2.834,2.7
2023-03-08,2.815,2.824,2.714
2023-03-09,2.809,2.812,2.724
2023-03-10,2.803,2.82,2.695
2023-03-13,2.78,2.829,2.738
2023-03-14,2.787,2.829,2.718
2023-03-15,2.807,2.847,2.706
2023-03-16,2.763,2.826,2.688
2023-03-17,2.832,2.885,2.742
2023-03-20,2.826,2.945,2.784
2023-03-21,2.838,3.053,2.79
2023-03-22,2.812,3.044,2.805
2023-03-23,2.81,3.043,2.805
2023-03-24,2.853,3.099,3.026
2023-03-27,2.843,3.057,2.991
2023-03-28,2.824,2.974,2.827
2023-03-29,2.852,2.94,2.86
2023-03-30,2.838,2.985,2.872
2023-03-31,2.834,2.885,2.853
2023-04-03,2.729,2.81,2.826
2023-04-04,2.736,2.804,2.834
2023-04-05,2.743,2.803,2.837
2023-04-06,2.773,2.805,2.833
2023-04-10,2.778,2.817,2.884
2023-04-11,2.751,2.837,2.838
2023-04-12,2.755,2.84,2.85
2023-04-13,2.785,2.85,2.902
2023-04-14,2.803,2.918,2.991
2023-04-17,2.784,2.906,3.014
2023-04-18,2.811,2.914,3.013
2023-04-19,2.813,2.92,3.004
2023-04-20,2.813,2.938,3.021
2023-04-24,2.812,2.955,3.046
2023-04-25,2.815,2.954,3.03
2023-04-26,2.795,2.957,2.999
2023-04-27,2.802,2.966,3.001
2023-04-28,2.801,2.966,3.019
2023-05-02,2.771,2.895,2.895
2023-05-03,2.789,2.924,2.946
2023-05-04,2.797,2.93,2.928
2023-05-05,2.798,2.94,2.919
2023-05-08,2.801,2.941,2.938
2023-05-09,2.784,2.94,2.901
2023-05-10,2.796,2.941,2.99
2023-05-11,2.799,2.932,3.001
2023-05-12,2.804,2.954,2.882
2023-05-15,2.779,2.915,2.969
2023-05-16,2.773,2.914,2.937
2023-05-17,2.764,2.917,2.824
2023-05-18,2.746,2.903,2.794
2023-05-19,2.776,2.866,2.739
2023-05-22,2.786,2.841,2.754
2023-05-23,2.749,2.814,2.673
2023-05-24,2.74,2.803,2.649
2023-05-25,2.717,2.777,2.682
2023-05-26,2.707,2.757,2.623
2023-05-29,2.686,2.745,2.61
2023-05-30,2.68,2.737,2.594
2023-05-31,2.708,2.765,2.628
2023-06-01,2.778,2.703,2.622
2023-06-02,2.769,2.694,2.607
2023-06-05,2.7,2.69,2.592
2023-06-06,2.685,2.673,2.587
2023-06-07,2.683,2.668,2.582
2023-06-09,2.644,2.709,2.587
2023-06-12,2.609,2.692,2.581
2023-06-13,2.598,2.692,2.541
2023-06-14,2.595,2.704,2.527
2023-06-15,2.609,2.702,2.524
2023-06-16,2.599,2.696,2.512
2023-06-19,2.604,2.696,2.506
2023-06-20,2.578,2.694,2.51
2023-06-21,2.596,2.715,2.523
2023-06-22,2.593,2.714,2.519
2023-06-23,2.594,2.706,2.504
2023-06-26,2.588,2.697,2.498
2023-06-27,2.641,2.635,2.508
2023-06-28,2.631,2.648,2.497
2023-06-29,2.625,2.646,2.498
2023-06-30,2.667,2.717,2.561
2023-07-03,2.497,2.702,2.53
2023-07-04,2.488,2.696,2.523
2023-07-05,2.49,2.688,2.52
2023-07-06,2.344,2.679,2.515
2023-07-07,2.334,2.678,2.522
2023-07-10,2.325,2.715,2.497
2023-07-11,2.329,2.705,2.486
2023-07-12,2.402,2.671,2.481
2023-07-13,2.375,2.653,2.471
2023-07-14,2.41,2.697,2.5
2023-07-17,2.389,2.654,2.462
2023-07-18,2.4,2.682,2.463
2023-07-19,2.375,2.674,2.447
2023-07-20,2.424,2.553,2.48
2023-07-21,2.413,2.547,2.477
2023-07-24,2.418,2.549,2.462
2023-07-25,2.414,2.544,2.456
2023-07-26,2.285,2.501,2.439
2023-07-27,2.103,2.535,2.3
2023-07-28,2.25,2.564,2.406
2023-07-31,2.242,2.542,2.397
2023-08-01,2.293,2.529,2.367
2023-08-02,2.289,2.509,2.36
2023-08-03,2.271,2.496,2.351
2023-08-04,2.252,2.488,2.338
2023-08-07,2.246,2.48,2.321
2023-08-08,2.242,2.464,2.309
2023-08-09,2.25,2.467,2.305
2023-08-10,2.228,2.43,2.295
2023-08-11,2.221,2.432,2.308
2023-08-14,2.221,2.41,2.324
2023-08-15,2.193,2.402,2.346
2023-08-16,2.182,2.393,2.329
2023-08-17,2.16,2.355,2.31
2023-08-18,2.147,2.355,2.307
2023-08-21,2.14,2.335,2.314
2023-08-22,2.129,2.332,2.318
2023-08-23,2.105,2.305,2.311
2023-08-24,2.107,2.297,2.306
2023-08-25,2.101,2.291,2.282
2023-08-28,2.091,2.275,2.35
2023-08-29,2.099,2.275,2.299
2023-08-30,2.087,2.257,2.337
2023-08-31,2.094,2.259,2.351
2023-09-01,2.076,2.269,2.306
2023-09-04,2.066,2.263,2.322
2023-09-05,2.063,2.272,2.289
2023-09-06,2.057,2.259,2.282
2023-09-08,2.055,2.255,2.277
2023-09-11,2.062,2.238,2.272
2023-09-12,2.066,2.23,2.27
2023-09-13,2.088,2.304,2.343
2023-09-14,2.069,2.222,2.284
2023-09-15,2.035,2.244,2.281
2023-09-18,2.045,2.249,2.278
2023-09-19,2.03,2.241,2.261
2023-09-20,2.015,2.224,2.235
2023-09-21,2.013,2.222,2.231
2023-09-22,2.058,2.191,2.228
2023-09-25,2.059,2.195,2.226
2023-09-26,2.051,2.189,2.228
2023-09-27,2.038,2.181,2.229
2023-09-28,2.035,2.172,2.216
2023-09-29,2.028,2.172,2.207
2023-10-02,1.946,2.287,2.263
2023-10-03,1.934,2.245,2.196
2023-10-04,1.964,2.276,2.225
2023-10-05,1.98,2.298,2.232
2023-10-06,1.979,2.294,2.227
2023-10-09,1.975,2.303,2.227
2023-10-10,1.942,2.351,2.228
2023-10-11,1.935,2.351,2.219
2023-10-13,1.936,2.375,2.245
2023-10-16,1.913,2.319,2.196
2023-10-17,1.898,2.309,2.179
2023-10-18,1.891,2.313,2.178
2023-10-19,1.883,2.295,2.144
2023-10-20,1.876,2.275,2.126
2023-10-23,1.869,2.263,2.108
2023-10-24,1.868,2.252,2.13
2023-10-25,1.854,2.24,2.087
2023-10-26,1.848,2.241,2.111
2023-10-27,1.897,2.205,2.145
2023-10-30,1.845,2.111,2.08
2023-10-31,1.845,2.109,2.007
2023-11-01,1.89,2.191,2.089
2023-11-03,1.889,2.195,2.089
2023-11-06,1.921,2.062,2.081
2023-11-07,1.924,2.041,2.074
2023-11-08,1.92,2.037,2.066
2023-11-09,1.918,2.031,2.054
2023-11-10,1.876,2.043,2.051
2023-11-13,1.882,2.048,2.091
2023-11-14,1.87,2.026,2.08
2023-11-16,1.882,2.022,2.08
2023-11-17,1.879,2.011,2.071
2023-11-20,1.877,2.003,2.075
2023-11-21,1.909,1.998,2.068
2023-11-22,1.883,1.993,2.063
2023-11-23,1.881,1.99,2.061
2023-11-24,1.877,1.985,2.061
2023-11-27,1.879,1.978,2.08
2023-11-28,1.867,1.972,2.077
2023-11-29,1.87,1.968,2.073
2023-11-30,1.862,1.959,2.084
2023-12-01,1.885,1.987,2.088
2023-12-04,1.881,1.997,2.23
2023-12-05,1.873,2.032,2.176
2023-12-06,1.868,2.012,2.175
2023-12-07,1.875,2.033,2.168
2023-12-08,1.869,2.035,2.137
2023-12-11,1.877,2.045,2.154
2023-12-12,1.867,2.041,2.151
2023-12-13,1.864,2.043,2.146
2023-12-14,1.863,2.05,2.149
2023-12-15,1.868,2.054,2.166
2023-12-18,1.887,1.968,2.018
2023-12-19,1.878,2.056,2.165
2023-12-20,1.87,2.042,2.213
2023-12-21,1.882,2.046,2.211
2023-12-22,1.891,2.045,2.211
2023-12-26,1.881,2.032,2.235
2023-12-27,1.875,2.033,2.224
2023-12-28,1.921,2.077,2.28
2023-12-29,1.921,2.094,2.193
2024-01-02,1.86,2.028,2.091
2024-01-03,1.855,2.024,2.091
2024-01-04,1.851,2.022,2.105
2024-01-05,1.857,2.022,2.105
2024-01-08,1.898,2.052,2.118
2024-01-09,1.899,2.05,2.128
2024-01-10,1.9,2.049,2.115
2024-01-11,1.905,2.056,2.115
2024-01-12,1.95,2.044,2.09
2024-01-15,1.89,2.025,2.18
2024-01-16,1.88,2.019,2.183
2024-01-17,1.849,1.988,2.162
2024-01-18,1.901,1.993,2.167
2024-01-19,1.888,1.986,2.153
2024-01-22,1.952,1.971,2.145
2024-01-23,1.937,1.954,2.142
2024-01-24,1.93,1.947,2.138
2024-01-25,1.92,1.936,2.137
2024-01-26,1.904,1.926,2.13
2024-01-29,2.004,1.945,2.134
2024-01-30,1.98,1.954,2.13
2024-01-31,1.966,1.943,2.127
2024-02-01,1.994,1.919,2.094
2024-02-02,2.064,1.969,2.139
2024-02-05,2.011,1.935,2.103
2024-02-06,2.001,1.931,2.082
2024-02-07,1.987,1.923,2.081
2024-02-08,1.977,1.918,2.067
2024-02-09,1.979,1.931,2.083
2024-02-14,1.982,1.937,2.086
2024-02-15,1.968,1.939,2.076
2024-02-16,1.97,1.94,2.072
2024-02-19,1.968,1.939,2.065
2024-02-20,1.954,1.917,2.05
2024-02-21,1.948,1.909,2.042
2024-02-22,1.999,1.947,2.085
2024-02-23,1.996,1.885,2.012
2024-02-26,1.991,1.876,2.079
2024-02-27,1.976,1.875,2.017
2024-02-28,1.975,1.871,2.053
2024-02-29,1.912,1.864,2.045
2024-03-01,1.91,1.866,2.026
2024-03-04,1.954,1.859,2.02
2024-03-05,1.883,1.869,2.008
2024-03-06,1.884,1.846,1.995
2024-03-07,1.875,1.843,1.991
2024-03-08,1.875,1.838,1.993
2024-03-11,1.872,1.829,1.969
2024-03-12,1.854,1.833,1.961
2024-03-13,1.847,1.822,1.915
2024-03-14,1.849,1.817,1.924
2024-03-15,1.807,1.839,1.889
2024-03-18,1.773,1.839,1.801
2024-03-19,1.76,1.834,1.801
2024-03-20,1.763,1.837,1.803
2024-03-21,1.756,1.84,1.8
2024-03-22,1.747,1.83,1.805
2024-03-25,1.749,1.817,1.804
2024-03-26,1.746,1.843,1.799
2024-03-27,1.759,1.871,1.77
2024-03-28,1.763,1.877,1.798
2024-04-01,1.824,1.91,1.74
2024-04-02,1.81,1.888,1.719
2024-04-03,1.718,1.885,1.715
2024-04-04,1.802,1.882,1.705
2024-04-05,1.812,1.894,1.622
2024-04-08,1.794,1.896,1.623
2024-04-09,1.792,1.899,1.618
2024-04-10,1.794,1.898,1.616
2024-04-11,1.801,1.897,1.613
2024-04-12,1.873,1.914,1.654
2024-04-15,1.823,1.887,1.615
2024-04-16,1.823,1.878,1.652
2024-04-17,1.809,1.879,1.657
2024-04-18,1.791,1.878,1.651
2024-04-19,1.896,1.968,1.699
2024-04-22,1.811,1.881,1.66
2024-04-23,1.799,1.877,1.656
2024-04-24,1.802,1.873,1.647
2024-04-25,1.805,1.877,1.648
2024-04-26,1.798,1.871,1.634
2024-04-29,1.813,1.913,1.669
2024-04-30,1.799,1.878,1.633
2024-05-02,1.781,1.833,1.556
2024-05-03,1.827,1.842,1.555
2024-05-06,1.794,1.826,1.551
2024-05-07,1.798,1.829,1.553
2024-05-08,1.807,1.862,1.557
2024-05-09,1.826,1.836,1.677
2024-05-10,1.973,1.977,1.778
2024-05-13,1.886,1.905,1.716
2024-05-14,1.871,1.894,1.703
2024-05-15,1.875,1.854,1.709
2024-05-16,1.823,1.763,1.672
2024-05-17,1.828,1.748,1.646
2024-05-20,1.827,1.769,1.647
2024-05-21,1.826,1.758,1.66
2024-05-22,1.828,1.776,1.575
2024-05-23,1.827,1.766,1.576
2024-05-24,1.804,1.768,1.567
2024-05-27,1.806,1.763,1.563
2024-05-28,1.803,1.767,1.561
2024-05-29,1.737,1.772,1.553
2024-05-31,1.832,1.77,1.549
2024-06-03,1.826,1.777,1.575
2024-06-04,1.823,1.778,1.568
2024-06-05,1.814,1.767,1.562
2024-06-06,1.815,1.773,1.554
2024-06-07,1.798,1.78,1.555
2024-06-10,1.82,1.777,1.559
2024-06-11,1.8,1.755,1.561
2024-06-12,1.8,1.756,1.555
2024-06-13,1.807,1.765,1.553
2024-06-14,1.793,1.752,1.552
2024-06-17,1.657,1.756,1.556
2024-06-18,1.614,1.751,1.556
2024-06-19,1.619,1.755,1.556
2024-06-20,1.73,1.748,1.553
2024-06-21,1.595,1.741,1.534
2024-06-24,1.596,1.736,1.535
2024-06-25,1.594,1.735,1.534
2024-06-26,1.592,1.738,1.528
2024-06-27,1.669,1.673,1.521
2024-06-28,1.669,1.668,1.52
2024-07-01,1.865,1.631,1.507
2024-07-02,1.85,1.625,1.505
2024-07-03,1.848,1.629,1.498
2024-07-04,1.836,1.615,1.487
2024-07-05,1.833,1.616,1.486
2024-07-08,1.822,1.62,1.482
2024-07-09,1.808,1.62,1.475
2024-07-10,1.806,1.616,1.466
2024-07-11,1.807,1.614,1.455
2024-07-12,1.79,1.61,1.456
2024-07-15,1.779,1.602,1.451
2024-07-16,1.773,1.605,1.444
2024-07-17,1.797,1.581,1.442
2024-07-18,1.791,1.576,1.449
2024-07-19,1.775,1.571,1.443
2024-07-22,1.761,1.572,1.432
2024-07-23,1.765,1.554,1.464
2024-07-24,1.787,1.56,1.47
2024-07-25,1.769,1.548,1.461
2024-07-26,1.775,1.547,1.464
2024-07-29,1.771,1.535,1.458
2024-07-30,1.763,1.553,1.461
2024-07-31,1.739,1.536,1.455
2024-08-01,1.749,1.518,1.395
2024-08-02,1.744,1.517,1.402
2024-08-05,1.748,1.511,1.403
2024-08-06,1.904,1.612,1.487
2024-08-07,1.764,1.534,1.423
2024-08-08,1.758,1.54,1.42
2024-08-09,1.743,1.54,1.419
2024-08-12,1.731,1.517,1.413
2024-08-13,1.707,1.51,1.409
2024-08-14,1.701,1.509,1.407
2024-08-15,1.696,1.537,1.409
2024-08-16,1.712,1.529,1.413
2024-08-19,1.699,1.525,1.411
2024-08-20,1.7,1.519,1.409
2024-08-21,1.695,1.516,1.411
2024-08-22,1.694,1.516,1.406
2024-08-23,1.667,1.509,1.4
2024-08-26,1.657,1.524,1.399
2024-08-27,1.642,1.513,1.399
2024-08-28,1.631,1.507,1.384
2024-08-29,1.631,1.509,1.376
2024-08-30,1.584,1.529,1.385
2024-09-02,1.59,1.54,1.359
2024-09-03,1.579,1.532,1.349
2024-09-04,1.57,1.529,1.344
2024-09-05,1.568,1.531,1.338
2024-09-06,1.571,1.53,1.328
2024-09-09,1.57,1.528,1.325
2024-09-10,1.567,1.542,1.321
2024-09-11,1.565,1.543,1.318
2024-09-12,1.573,1.453,1.296
2024-09-13,1.568,1.449,1.292
2024-09-16,1.577,1.448,1.28
2024-09-17,1.562,1.443,1.277
2024-09-18,1.551,1.44,1.278
2024-09-19,1.554,1.451,1.279
2024-09-20,1.559,1.449,1.281
2024-09-23,1.552,1.442,1.279
2024-09-24,1.568,1.457,1.292
2024-09-25,1.567,1.453,1.293
2024-09-26,1.561,1.447,1.296
2024-09-27,1.564,1.442,1.268
2024-09-30,1.565,1.444,1.27
2024-10-01,1.58,1.461,1.258
2024-10-02,1.586,1.455,1.26
2024-10-03,1.589,1.46,1.268
2024-10-04,1.59,1.46,1.262
2024-10-07,1.598,1.46,1.267
2024-10-08,1.608,1.467,1.277
2024-10-09,1.615,1.478,1.284
2024-10-10,1.636,1.485,1.318
2024-10-11,1.646,1.498,1.332
2024-10-14,1.654,1.502,1.335
2024-10-15,1.653,1.506,1.351
2024-10-16,1.657,1.516,1.368
2024-10-17,1.656,1.51,1.363
2024-10-18,1.639,1.528,1.365
2024-10-21,1.65,1.529,1.359
2024-10-22,1.648,1.532,1.349
2024-10-23,1.651,1.531,1.35
2024-10-24,1.659,1.531,1.353
2024-10-25,1.657,1.538,1.366
2024-10-28,1.66,1.527,1.375
2024-10-29,1.672,1.515,1.374
2024-10-30,1.665,1.514,1.372
2024-10-31,1.681,1.491,1.38
2024-11-01,1.66,1.49,1.343
2024-11-04,1.656,1.483,1.364
2024-11-05,1.659,1.485,1.368
2024-11-06,1.67,1.485,1.371
2024-11-07,1.631,1.486,1.377
2024-11-08,1.636,1.481,1.343
2024-11-11,1.637,1.473,1.346
2024-11-12,1.639,1.467,1.355
2024-11-13,1.636,1.461,1.352
2024-11-14,1.638,1.46,1.353
2024-11-18,1.625,1.459,1.35
2024-11-19,1.616,1.46,1.346
2024-11-21,1.615,1.451,1.35
2024-11-22,1.619,1.454,1.347
2024-11-25,1.612,1.448,1.34
2024-11-26,1.619,1.444,1.34
2024-11-27,1.654,1.453,1.373
2024-11-28,1.639,1.439,1.376
2024-11-29,1.639,1.439,1.376
2024-12-02,1.66,1.441,1.393
2024-12-03,1.673,1.449,1.391
2024-12-04,1.678,1.44,1.392
2024-12-05,1.696,1.454,1.392
2024-12-06,1.717,1.443,1.419
2024-12-09,1.714,1.445,1.421
2024-12-10,1.727,1.452,1.41
2024-12-11,1.727,1.455,1.408
2024-12-12,1.761,1.434,1.43
2024-12-13,1.751,1.448,1.419
2024-12-16,1.75,1.474,1.358
2024-12-17,1.831,1.509,1.371
2024-12-18,1.877,1.533,1.27
2024-12-19,2.016,1.645,1.383
2024-12-20,2.357,1.828,1.543
2024-12-23,2.302,1.847,1.485
2024-12-24,2.276,1.838,1.483
2024-12-26,2.287,1.89,1.55
2024-12-27,2.287,1.893,1.54
2024-12-30,2.281,1.892,1.547
2024-12-31,2.281,1.892,1.547
2025-01-02,2.243,1.873,1.559
2025-01-03,2.359,1.898,1.583
2025-01-06,2.332,1.878,1.581
2025-01-07,2.337,1.864,1.565
2025-01-08,2.31,1.86,1.542
2025-01-09,2.288,1.841,1.538
2025-01-10,2.279,1.828,1.514
2025-01-13,2.28,1.834,1.511
2025-01-14,2.252,1.816,1.504
2025-01-15,2.243,1.811,1.488
2025-01-16,2.235,1.776,1.46
2025-01-17,2.286,1.803,1.481
2025-01-20,2.236,1.759,1.437
2025-01-21,2.255,1.729,1.43
2025-01-22,2.254,1.715,1.425
2025-01-23,2.233,1.699,1.4
2025-01-24,2.236,1.689,1.37
2025-01-27,2.263,1.655,1.375
2025-01-28,2.251,1.644,1.363
2025-01-29,2.232,1.64,1.342
2025-01-30,2.248,1.639,1.341
2025-01-31,2.279,1.628,1.317
2025-02-03,2.392,1.627,1.518
2025-02-04,2.388,1.61,1.51
2025-02-05,2.351,1.608,1.516
2025-02-06,2.373,1.591,1.517
2025-02-07,2.366,1.594,1.501
2025-02-10,2.358,1.587,1.496
2025-02-11,2.355,1.579,1.49
2025-02-12,2.35,1.578,1.5
2025-02-13,2.337,1.584,1.498
2025-02-14,2.333,1.616,1.5
2025-02-17,2.336,1.577,1.482
2025-02-18,2.32,1.567,1.483
2025-02-19,2.252,1.567,1.474
2025-02-20,2.254,1.565,1.459
2025-02-21,2.247,1.539,1.454
2025-02-24,2.232,1.566,1.421
2025-02-25,2.239,1.522,1.407
2025-02-26,2.24,1.518,1.425
2025-02-27,2.234,1.514,1.41
2025-02-28,2.258,1.511,1.381
2025-03-05,2.318,1.553,1.405
2025-03-06,2.31,1.537,1.409
2025-03-07,2.306,1.528,1.409
2025-03-10,2.268,1.522,1.401
2025-03-11,2.287,1.503,1.438
2025-03-12,2.271,1.495,1.416
2025-03-13,2.254,1.498,1.396
2025-03-14,2.264,1.497,1.4
2025-03-17,2.242,1.498,1.402
2025-03-18,2.226,1.49,1.405
2025-03-19,2.218,1.483,1.404
2025-03-20,2.232,1.484,1.387
2025-03-21,2.19,1.484,1.326
2025-03-24,2.222,1.469,1.314
2025-03-25,2.237,1.454,1.342
2025-03-26,2.222,1.457,1.268
2025-03-27,2.186,1.443,1.332
2025-03-28,2.215,1.467,1.287
2025-03-31,2.2,1.438,1.342
2025-04-01,2.205,1.386,1.334
2025-04-02,2.195,1.381,1.319
2025-04-03,2.187,1.381,1.316
2025-04-04,2.185,1.38,1.317
2025-04-07,2.175,1.388,1.318
2025-04-08,2.165,1.388,1.317
2025-04-09,2.191,1.4,1.328
2025-04-10,2.201,1.392,1.339
2025-04-11,2.197,1.392,1.335
2025-04-14,2.199,1.407,1.333
2025-04-15,2.181,1.405,1.386
2025-04-16,2.16,1.398,1.381
2025-04-17,2.165,1.4,1.378
2025-04-22,2.142,1.414,1.38
2025-04-23,2.141,1.42,1.376
2025-04-24,2.117,1.421,1.376
2025-04-25,2.098,1.426,1.369
2025-04-28,2.094,1.431,1.374
2025-04-29,2.088,1.427,1.375
2025-04-30,2.083,1.409,1.456
2025-05-02,1.936,1.393,1.406
2025-05-05,1.931,1.395,1.431
2025-05-06,1.929,1.391,1.425
2025-05-07,1.916,1.396,1.434
2025-05-08,1.897,1.384,1.422
2025-05-09,1.858,1.378,1.424
2025-05-12,1.847,1.375,1.423
2025-05-13,1.843,1.381,1.371
2025-05-14,1.838,1.376,1.385
2025-05-15,1.839,1.368,1.374
2025-05-16,1.833,1.374,1.374
2025-05-19,1.824,1.37,1.365
2025-05-20,1.826,1.371,1.366
2025-05-21,1.834,1.407,1.362
2025-05-22,1.806,1.423,1.361
2025-05-23,1.827,1.43,1.374
2025-05-26,1.786,1.393,1.358
2025-05-27,1.791,1.398,1.35
2025-05-28,1.798,1.396,1.353
2025-05-29,1.825,1.393,1.352
2025-05-30,1.827,1.406,1.35
2025-06-02,1.914,1.394,1.331
2025-06-03,1.904,1.39,1.331
2025-06-04,1.882,1.393,1.316
2025-06-05,1.891,1.378,1.302
2025-06-06,1.872,1.413,1.275
2025-06-09,1.863,1.415,1.28
2025-06-10,1.857,1.409,1.27
2025-06-11,1.826,1.409,1.262
2025-06-12,1.827,1.404,1.262
2025-06-13,1.804,1.406,1.262
2025-06-16,1.82,1.403,1.255
2025-06-17,1.807,1.348,1.247
2025-06-18,1.812,1.35,1.244
2025-06-20,1.817,1.388,1.19
2025-06-23,1.805,1.344,1.239
2025-06-24,1.805,1.343,1.267
2025-06-25,1.807,1.331,1.236
2025-06-26,1.792,1.335,1.254
2025-06-27,1.786,1.337,1.229
2025-06-30,1.78,1.34,1.247
2025-07-01,1.784,1.382,1.233
2025-07-02,1.782,1.383,1.236
2025-07-03,1.781,1.312,1.235
2025-07-04,1.775,1.359,1.17
2025-07-07,1.777,1.317,1.189
2025-07-08,1.773,1.316,1.189
2025-07-09,1.753,1.324,1.182
2025-07-10,1.752,1.324,1.184
2025-07-11,1.756,1.325,1.192
2025-07-14,1.753,1.318,1.195
2025-07-15,1.751,1.318,1.184
2025-07-16,1.744,1.32,1.179
2025-07-17,1.747,1.317,1.184
2025-07-18,1.761,1.311,1.185
2025-07-21,1.761,1.311,1.19
2025-07-22,1.78,1.313,1.186
2025-07-23,1.775,1.309,1.186
2025-07-24,1.794,1.337,1.128
2025-07-25,1.809,1.338,1.117
2025-07-28,1.802,1.317,1.084
2025-07-29,1.798,1.321,1.126
2025-07-30,1.788,1.321,1.109
2025-07-31,1.784,1.317,1.114
2025-08-01,1.873,1.318,1.089
2025-08-04,1.865,1.317,1.092
2025-08-05,1.862,1.314,1.097
2025-08-06,1.86,1.314,1.093
2025-08-07,1.859,1.315,1.096
2025-08-08,1.861,1.323,1.096
2025-08-11,1.835,1.321,1.094
2025-08-12,1.861,1.323,1.09
2025-08-13,1.867,1.323,1.095
2025-08-14,1.867,1.324,1.094
2025-08-15,1.88,1.285,1.111
2025-08-18,1.852,1.287,1.122
2025-08-19,1.839,1.286,1.134
2025-08-20,1.852,1.345,1.128
2025-08-21,1.778,1.286,1.161
2025-08-22,1.777,1.292,1.129
2025-08-25,1.776,1.291,1.129
2025-08-26,1.791,1.334,1.24
2025-08-27,1.793,1.329,1.239
2025-08-28,1.785,1.345,1.232
2025-08-29,1.779,1.332,1.218
2025-09-01,1.812,1.343,1.24
2025-09-02,1.799,1.318,1.239
2025-09-03,1.8,1.334,1.246
2025-09-04,1.713,1.36,1.245
2025-09-05,1.796,1.378,1.233
2025-09-08,1.779,1.383,1.229
2025-09-09,1.822,1.337,1.21
2025-09-10,1.83,1.328,1.208
2025-09-11,1.818,1.375,1.26
2025-09-12,1.816,1.373,1.262
2025-09-15,1.823,1.388,1.171
2025-09-16,1.831,1.395,1.18
2025-09-17,1.802,1.382,1.171
2025-09-18,1.782,1.38,1.117
2025-09-19,1.687,1.36,1.122
2025-09-22,1.625,1.263,1.074
2025-09-23,1.631,1.328,1.068
2025-09-24,1.633,1.328,1.069
2025-09-25,1.631,1.324,1.078
2025-09-26,1.63,1.248,1.075
2025-09-29,1.653,1.276,1.159
2025-09-30,1.636,1.345,1.103
2025-10-01,1.647,1.252,1.09
2025-10-02,1.648,1.256,1.087
2025-10-03,1.647,1.259,1.083
2025-10-06,1.642,1.259,1.087
2025-10-07,1.644,1.262,1.107
2025-10-08,1.617,1.268,1.108
2025-10-09,1.635,1.335,1.09
2025-10-10,1.66,1.345,1.108
2025-10-13,1.74,1.263,1.164
2025-10-14,1.829,1.243,1.108
2025-10-15,1.868,1.232,1.157
2025-10-16,1.852,1.235,1.176
2025-10-17,1.556,1.257,1.226
2025-10-20,1.531,1.246,1.18
2025-10-21,1.556,1.265,1.196
2025-10-22,1.665,1.278,1.235
2025-10-23,1.63,1.302,1.238
2025-10-24,1.637,1.338,1.253
2025-10-27,1.648,1.35,1.233
2025-10-28,1.653,1.349,1.246
2025-10-29,1.694,1.372,1.275
2025-10-30,1.689,1.332,1.335
2025-10-31,1.644,1.354,1.327
2025-11-03,1.677,1.373,1.315
2025-11-04,1.68,1.386,1.323
2025-11-05,1.676,1.345,1.313
2025-11-06,1.684,1.414,1.316
2025-11-07,1.62,1.336,1.302
2025-11-10,1.636,1.348,1.31
2025-11-11,1.637,1.433,1.29
2025-11-12,1.625,1.492,1.311
2025-11-13,1.619,1.42,1.318
2025-11-14,1.624,1.415,1.341
2025-11-17,1.771,1.489,1.332
2025-11-18,1.78,1.47,1.346
2025-11-19,1.597,1.438,1.343
2025-11-21,1.601,1.45,1.292
2025-11-24,1.609,1.451,1.344
2025-11-25,1.644,1.455,1.361
2025-11-26,1.612,1.452,1.36
2025-11-27,1.536,1.473,1.329
2025-11-28,1.606,1.463,1.265
2025-12-01,1.506,1.424,1.184
2025-12-02,1.579,1.437,1.209
2025-12-03,1.517,1.416,1.201
2025-12-04,1.514,1.413,1.2
2025-12-05,1.517,1.433,1.201
2025-12-08,1.514,1.43,1.177
2025-12-09,1.514,1.422,1.21
2025-12-10,1.498,1.42,1.215
2025-12-11,1.507,1.421,1.215
2025-12-12,1.514,1.419,1.215
2025-12-15,1.495,1.424,1.213
2025-12-16,1.492,1.438,1.197
2025-12-17,1.486,1.429,1.191
2025-12-18,1.49,1.425,1.187
2025-12-19,1.485,1.423,1.186
2025-12-22,1.522,1.422,1.192
2025-12-23,1.5,1.423,1.194
2025-12-24,1.502,1.419,1.195
2025-12-26,1.509,1.44,1.197
2025-12-29,1.518,1.434,1.189
2025-12-30,1.525,1.433,1.188
2025-12-31,1.57,1.432,1.188
2026-01-02,1.573,1.418,1.309
2026-01-05,1.48,1.395,1.304
2026-01-06,1.481,1.387,1.299
2026-01-07,1.468,1.392,1.318
2026-01-08,1.477,1.387,1.312
2026-01-09,1.464,1.389,1.332
2026-01-12,1.454,1.373,1.33
2026-01-13,1.449,1.362,1.339
2026-01-14,1.431,1.361,1.334
2026-01-15,1.608,1.37,1.313
2026-01-16,1.676,1.38,1.313
2026-01-19,1.65,1.359,1.304
2026-01-20,1.657,1.345,1.293
2026-01-21,1.613,1.353,1.296
2026-01-22,1.62,1.355,1.292
2026-01-23,1.624,1.348,1.302
2026-01-26,1.622,1.356,1.301
2026-01-27,1.611,1.348,1.301
2026-01-28,1.624,1.34,1.293
2026-01-29,1.613,1.338,1.293
2026-01-30,1.612,1.337,1.3
2026-02-02,1.623,1.312,1.282
2026-02-03,1.63,1.309,1.28
2026-02-04,1.646,1.305,1.28
2026-02-05,1.643,1.295,1.309
2026-02-06,1.646,1.297,1.322
2026-02-09,1.629,1.294,1.325
2026-02-10,1.656,1.281,1.334
2026-02-11,1.381,1.294,1.35
2026-02-12,1.374,1.303,1.507
2026-02-13,1.377,1.31,1.447
2026-02-18,1.377,1.311,1.442
2026-02-19,1.389,1.315,1.426
2026-02-20,1.384,1.317,1.427
2026-02-23,1.358,1.326,1.425
2026-02-24,1.356,1.325,1.42
2026-02-25,1.364,1.34,1.556
2026-02-26,1.364,1.387,1.604
2026-02-27,1.394,1.39,1.605
2026-03-02,1.42,1.353,1.525
2026-03-03,1.423,1.367,1.473
2026-03-04,1.425,1.368,1.478
2026-03-05,1.432,1.356,1.534
2026-03-06,1.383,1.348,1.543
2026-03-09,1.391,1.353,1.53
2026-03-10,1.396,1.354,1.545
2026-03-11,1.4,1.357,1.535
2026-03-12,1.399,1.363,1.532
2026-03-13,1.412,1.44,1.232
2026-03-16,1.442,1.437,1.564
2026-03-17,1.397,1.421,1.222
2026-03-18,1.541,1.454,1.283
2026-03-19,1.532,1.459,1.298
2026-03-20,1.54,1.487,1.321
2026-03-23,1.554,1.566,1.368
2026-03-24,1.563,1.568,1.37
2026-03-25,1.546,1.605,1.413
2026-03-26,1.528,1.606,1.438
2026-03-27,1.542,1.619,1.456
2026-03-30,1.54,1.545,1.44
2026-03-31,1.581,1.553,1.384
2026-04-01,1.543,1.584,1.398
2026-04-02,1.795,2.068,1.565
2026-04-06,1.788,1.853,1.514
2026-04-07,1.809,1.87,1.501
2026-04-08,1.825,2.153,1.471
2026-04-09,1.86,2.122,1.45
2026-04-10,1.791,2.234,1.492
2026-04-13,1.815,1.993,1.446
2026-04-14,1.796,1.996,1.422
2026-04-15,1.825,1.82,1.898
2026-04-16,1.736,1.845,1.77
2026-04-17,1.684,1.917,1.886
2026-04-20,1.756,2.016,1.901
2026-04-22,1.727,1.861,1.86
2026-04-23,1.65,1.852,1.677
2026-04-24,1.647,1.842,1.664
2026-04-27,1.753,1.863,1.649
2026-04-28,1.64,1.803,1.617
2026-04-29,1.617,1.776,1.621
2026-04-30,1.597,1.748,1.56
