data,spread_exdist,spread_mediana,spread_p25,spread_p75,spread_bruto,duration_pond,n_ativos,n_distressed,peso_distressed_pct,indice,seg_Bioenergia,seg_Consumo,seg_Distribuidores,seg_Educação,seg_Energia,seg_Financeiro,seg_Imobiliário,seg_Industrial,seg_Insumos,seg_Locação,seg_Logística,seg_Metais e Mineração,seg_Outros,seg_Papel e Celulose,seg_Saneamento,seg_Saúde,seg_Securitizadora,seg_Telecom,seg_Transporte,seg_Óleo e Gás,dur_ate2a,dur_2a4a,dur_acima4a
2017-08-31,0.743,0.75,0.521,1.0,0.743,2.079,48,0,0.0,1.009,0.381,0.954,,,0.922,0.331,1.194,,,0.871,0.709,,,,0.462,0.643,,0.547,1.547,,0.759,0.725,
2017-09-30,0.716,0.73,0.5,1.0,0.716,2.031,48,0,0.0,1.016,0.4,0.913,,,0.908,0.315,1.123,,,0.855,0.726,,,,0.462,0.601,,0.449,1.545,,0.758,0.67,
2017-10-31,0.695,0.707,0.49,0.962,0.695,2.021,48,0,0.0,1.023,0.381,1.003,,,0.863,0.295,1.124,,,0.884,0.636,,,,0.462,0.637,,0.469,1.438,,0.678,0.714,
2017-11-30,0.671,0.767,0.491,0.968,0.671,1.957,56,0,0.0,1.029,0.38,0.969,,,0.907,0.317,1.03,1.4,,0.913,0.643,,,,0.462,0.662,,0.519,1.426,,0.643,0.737,0.449
2017-12-31,0.918,0.8,0.491,1.2,0.918,1.943,68,0,0.0,1.037,0.38,0.967,,,1.848,0.341,0.875,1.2,,0.88,0.97,,,,0.42,0.63,,0.545,1.028,,1.088,0.729,0.435
2018-01-31,0.749,0.75,0.5,1.19,0.749,2.201,49,0,0.0,1.044,0.35,1.036,,,1.132,0.368,0.814,,,1.047,0.944,,,,0.699,0.612,,0.535,0.9,,0.754,0.786,0.423
2018-02-28,0.785,0.75,0.575,1.1,0.785,2.342,45,0,0.0,1.05,0.3,1.142,,,1.087,0.336,0.806,,,1.038,0.8,,,,0.674,0.814,,0.51,1.122,0.646,0.712,0.827,
2018-03-31,0.866,0.804,0.55,1.2,0.866,2.394,56,0,0.0,1.057,0.3,1.027,,1.472,1.053,0.276,0.854,1.0,,1.109,1.3,,,,0.658,0.749,,0.467,1.038,0.619,0.802,0.901,
2018-04-30,0.79,0.788,0.542,1.087,0.79,2.2,70,0,0.0,1.064,0.3,0.957,,1.118,1.158,0.37,0.771,0.75,,0.957,1.25,,,,0.574,0.698,,0.484,1.029,0.629,0.651,0.893,
2018-05-31,0.997,0.878,0.612,1.155,0.997,2.148,58,0,0.0,1.071,0.25,1.078,,1.09,1.248,0.85,0.804,0.75,,1.001,1.2,,,,0.997,0.904,,0.532,1.025,,1.055,0.956,
2018-06-30,1.135,0.965,0.747,1.272,1.135,2.322,64,0,0.0,1.077,0.25,1.095,,1.018,1.217,0.85,0.829,0.75,,1.096,1.2,,,,1.007,0.945,,0.554,1.652,,1.068,1.157,1.8
2018-07-31,1.053,0.9,0.693,1.2,1.053,2.245,71,0,0.0,1.085,0.25,1.124,,1.018,1.034,0.414,0.742,0.75,,1.033,,,2.7,,0.965,0.862,,0.85,1.522,,0.938,1.111,1.6
2018-08-31,1.012,0.905,0.655,1.173,1.012,2.269,76,0,0.0,1.092,0.25,1.118,,1.0,0.971,0.373,0.727,0.6,,0.95,,,2.4,,0.935,0.783,,0.85,1.548,,0.899,1.055,1.5
2018-09-30,0.942,0.85,0.647,1.153,0.942,2.042,84,0,0.0,1.099,0.25,1.044,,1.088,0.943,0.3,0.739,1.048,,0.963,0.555,,1.94,,0.927,0.712,,0.8,1.532,1.041,0.725,1.07,
2018-10-31,0.914,0.85,0.657,1.1,0.914,2.099,85,0,0.0,1.106,,1.063,,1.029,0.845,0.297,0.681,0.97,,0.972,0.8,,1.707,,0.875,0.677,,0.831,1.65,0.961,0.621,1.162,
2018-11-30,0.874,0.85,0.637,1.0,0.874,2.321,81,0,0.0,1.114,,0.998,,0.827,0.79,0.347,0.718,0.899,,0.985,0.8,,1.707,,0.986,0.671,,0.816,1.727,0.571,0.673,0.999,0.697
2018-12-31,0.873,0.8,0.66,1.0,0.873,2.274,88,0,0.0,1.12,,0.973,,0.751,0.801,0.436,0.717,0.9,,1.021,0.8,,1.942,,0.962,0.64,,0.8,1.637,0.54,0.803,0.934,0.707
2019-01-31,0.817,0.8,0.558,1.0,0.817,2.116,87,0,0.0,1.127,,0.863,,0.729,0.824,0.326,0.644,0.6,,0.98,0.585,,1.734,,0.658,0.553,,0.8,1.733,0.43,0.701,0.943,0.742
2019-02-28,0.793,0.757,0.592,0.95,0.793,2.194,84,0,0.0,1.135,,0.825,,0.871,0.723,0.321,0.642,,,0.927,,,1.746,,0.635,0.576,,0.6,1.44,0.377,0.682,0.894,0.75
2019-03-31,0.797,0.72,0.57,0.9,0.797,2.244,90,0,0.0,1.142,,0.748,,0.828,0.955,0.293,0.66,,,0.882,,,2.1,,0.739,0.581,,0.65,1.523,0.377,0.567,0.966,0.695
2019-04-30,0.779,0.75,0.558,0.85,0.779,2.257,99,0,0.0,1.149,,0.715,,0.776,0.998,0.291,0.694,0.8,,0.784,,,2.05,,0.765,0.53,,0.716,1.554,0.371,0.72,0.826,0.706
2019-05-31,0.739,0.685,0.543,0.859,0.739,2.276,104,0,0.0,1.156,,0.661,,0.756,0.95,0.274,0.72,0.85,,0.76,,,,,0.869,0.496,,0.716,1.508,0.385,0.661,0.799,0.669
2019-06-30,0.72,0.65,0.481,0.85,0.72,2.303,99,0,0.0,1.162,,0.651,,0.74,0.915,0.274,0.714,0.85,,0.791,,,,,0.768,0.533,,0.705,1.555,0.339,0.642,0.791,0.612
2019-07-31,0.664,0.628,0.484,0.85,0.664,2.343,105,0,0.0,1.169,,0.662,,0.731,0.67,0.299,0.711,0.85,,0.839,,0.396,,,0.743,0.566,,0.694,1.45,0.396,0.513,0.775,0.728
2019-08-31,0.778,0.75,0.642,0.95,0.778,2.528,85,0,0.0,1.174,,0.748,,0.776,0.784,0.9,0.789,0.813,,0.888,,0.409,0.376,,0.804,0.681,,0.788,1.986,0.412,0.674,0.826,0.864
2019-09-30,0.84,0.8,0.647,1.009,0.84,2.644,78,0,0.0,1.18,,0.762,,0.761,0.793,,0.832,0.919,,1.041,,0.377,0.34,1.013,0.784,0.703,,0.736,2.036,0.645,0.7,0.904,0.914
2019-10-31,1.086,1.0,0.927,1.25,1.086,2.815,86,0,0.0,1.178,,1.042,,1.01,1.098,,0.965,1.17,,1.21,,,1.085,1.244,1.019,1.027,,1.024,1.284,0.898,0.876,1.134,1.257
2019-11-30,1.333,1.3,1.2,1.492,1.333,3.106,94,0,0.0,1.176,,1.369,,1.176,1.377,,1.193,1.27,,1.419,,1.614,2.052,1.763,1.23,1.352,,1.166,2.216,0.911,1.19,1.305,1.52
2019-12-31,1.309,1.3,1.2,1.413,1.309,3.137,96,0,0.0,1.183,,1.308,,1.211,1.323,,1.227,1.279,,1.357,,1.401,2.013,1.669,1.237,1.332,,1.216,2.068,0.974,1.093,1.299,1.487
2020-01-31,1.26,1.242,1.1,1.379,1.26,3.029,106,0,0.0,1.191,,1.182,,1.235,1.236,,1.181,1.118,,1.257,,1.364,1.878,1.607,1.685,1.292,,1.151,2.006,0.851,1.057,1.27,1.41
2020-02-29,1.301,1.279,1.1,1.45,1.301,2.971,120,0,0.0,1.194,,1.191,,1.2,1.288,1.209,1.225,1.5,,1.238,,1.423,1.909,2.639,1.569,1.304,,1.207,1.728,0.832,1.079,1.314,1.477
2020-03-31,4.149,4.803,2.875,5.5,4.149,2.864,135,0,0.0,1.102,,4.791,,1.537,4.457,1.602,4.177,6.5,,5.006,,5.181,5.57,4.885,4.624,4.363,,4.927,4.581,2.1,3.539,3.941,5.371
2020-04-30,3.932,3.75,3.485,4.404,4.004,3.013,107,2,0.896,1.147,,4.306,,3.11,3.654,4.203,3.771,7.0,,4.257,8.0,4.645,,3.214,4.211,4.725,,2.985,4.205,3.406,4.015,3.981,3.74
2020-05-31,3.778,3.393,3.1,4.0,3.778,3.126,93,0,0.0,1.159,,3.876,,3.944,3.353,,3.382,5.2,,4.252,8.7,5.009,,3.332,3.918,4.158,,2.604,3.951,3.141,4.036,3.77,3.575
2020-06-30,3.129,3.0,2.749,3.283,3.129,3.167,102,0,0.0,1.183,,3.376,,3.085,2.85,,2.98,5.15,,3.085,7.2,4.301,3.8,3.153,2.949,3.347,,2.34,3.277,2.684,3.294,3.078,3.117
2020-07-31,2.624,2.451,2.25,2.871,2.663,2.999,127,1,0.522,1.206,,2.792,,2.742,2.376,,2.362,4.5,,2.844,4.45,2.774,3.308,2.533,2.649,2.827,,2.198,2.793,2.244,2.668,2.591,2.634
2020-08-31,2.335,2.25,2.05,2.56,2.38,2.919,131,1,0.527,1.22,,2.249,,2.52,2.188,,2.191,,,2.523,3.62,2.478,3.038,2.469,2.421,2.534,,1.956,2.295,2.253,2.201,2.375,2.413
2020-09-30,2.233,2.2,1.955,2.535,2.273,2.75,146,1,0.479,1.229,,2.084,,2.608,2.141,,2.265,,,2.555,3.23,2.411,2.956,2.719,2.105,2.429,,1.51,2.158,2.111,2.035,2.331,2.336
2020-10-31,2.106,2.25,2.0,2.5,2.169,2.436,159,2,0.633,1.231,,2.096,,2.608,2.188,0.348,2.204,3.5,,2.53,3.25,2.472,2.972,2.744,2.086,2.42,,1.579,2.056,1.686,1.743,2.347,2.445
2020-11-30,2.168,2.176,1.998,2.45,2.221,2.517,166,2,0.623,1.239,,1.858,,2.547,2.106,,2.12,3.754,,2.267,3.25,2.411,2.784,2.712,2.077,2.222,,1.505,2.191,1.832,1.924,2.307,2.353
2020-12-31,2.085,2.1,1.9,2.4,2.085,2.61,149,0,0.0,1.244,,1.834,,2.552,2.017,,2.038,2.87,,2.201,3.25,2.358,3.095,2.741,2.048,2.009,,1.408,2.369,1.524,1.748,2.241,2.292
2021-01-31,2.048,2.029,1.85,2.27,2.048,2.575,149,0,0.0,1.251,,2.053,,2.361,1.934,,1.942,2.62,,2.272,3.0,2.321,2.887,2.556,2.063,2.148,,1.537,2.14,1.539,1.87,2.125,2.249
2021-02-28,1.971,1.95,1.75,2.183,1.971,2.545,154,0,0.0,1.26,,2.626,,2.257,1.873,1.4,1.889,2.5,,2.086,2.45,1.954,2.37,2.374,1.895,2.13,,1.363,1.988,1.678,1.886,2.001,2.101
2021-03-31,1.959,1.895,1.707,2.1,1.959,2.541,155,0,0.0,1.268,,2.774,,2.257,1.772,1.35,1.848,2.5,,1.976,2.45,1.846,2.539,2.264,2.082,1.96,,1.519,1.969,1.782,1.908,1.985,2.011
2021-04-30,1.847,1.8,1.638,2.0,1.906,2.395,176,2,0.638,1.274,,1.865,,2.257,1.69,1.54,1.705,2.228,,1.881,2.281,1.794,2.512,2.12,2.195,1.775,,1.511,1.932,1.714,1.742,1.92,1.915
2021-05-31,1.848,1.79,1.6,2.0,1.848,2.309,186,0,0.0,1.281,,2.148,,2.243,1.663,1.425,1.684,2.077,,1.828,2.05,1.803,2.289,2.108,2.194,1.771,,1.554,1.901,1.775,1.766,1.921,1.888
2021-06-30,1.75,1.74,1.55,1.939,1.75,2.317,200,0,0.0,1.289,,1.896,,2.43,1.625,1.43,1.634,1.928,,1.838,1.735,1.739,2.161,2.029,1.961,1.71,,1.583,1.875,1.471,1.67,1.837,1.778
2021-07-31,1.702,1.7,1.5,1.911,1.702,2.23,204,0,0.0,1.297,,1.831,,2.376,1.584,1.407,1.582,1.819,,1.828,1.592,1.72,2.172,1.97,1.9,1.673,,1.324,1.833,1.333,1.623,1.79,1.729
2021-08-31,1.636,1.6,1.4,1.848,1.636,2.192,206,0,0.0,1.308,,2.087,,2.367,1.463,1.42,1.546,1.798,,1.804,1.541,1.624,2.001,1.83,1.883,1.583,,1.346,1.741,1.109,1.531,1.748,1.634
2021-09-30,1.573,1.55,1.342,1.8,1.573,2.14,215,0,0.0,1.317,,1.93,,2.367,1.414,1.371,1.509,1.713,,1.749,1.408,1.551,2.017,1.813,1.819,1.49,,1.291,1.652,1.077,1.457,1.69,1.637
2021-10-31,1.657,1.566,1.4,1.85,1.657,2.051,230,0,0.0,1.326,,2.176,,2.359,1.461,1.465,1.529,1.885,,1.842,1.658,1.605,2.047,1.795,1.807,1.561,,1.222,1.773,1.268,1.554,1.783,1.593
2021-11-30,1.71,1.55,1.4,2.0,1.71,2.18,237,0,0.0,1.335,,2.057,,2.404,1.486,1.612,1.567,1.734,,1.859,1.616,1.607,2.282,1.786,1.844,1.499,,1.195,2.004,1.289,1.642,1.758,1.838
2021-12-31,1.77,1.629,1.427,2.0,1.77,2.157,230,0,0.0,1.347,,2.04,,2.678,1.524,1.679,1.593,1.634,,1.977,1.759,1.623,2.231,1.929,1.876,1.585,,1.254,2.035,1.33,1.698,1.813,1.932
2022-01-31,1.798,1.6,1.4,2.0,1.798,2.035,236,0,0.0,1.359,,1.923,,2.769,1.448,1.576,1.578,1.618,,1.952,1.711,1.626,2.29,1.973,2.538,1.54,,1.193,2.061,1.227,1.761,1.825,1.929
2022-02-28,1.759,1.55,1.3,2.0,1.759,2.106,247,0,0.0,1.372,,1.927,,2.81,1.364,1.532,1.514,1.55,,1.969,1.733,1.681,2.207,1.881,2.511,1.584,,1.269,2.02,1.131,1.7,1.801,1.918
2022-03-31,1.754,1.533,1.3,2.0,1.754,2.125,248,0,0.0,1.388,,1.935,,2.81,1.384,1.317,1.557,1.497,,2.13,1.656,1.62,2.254,1.693,2.507,1.559,,1.254,2.045,1.088,1.705,1.758,1.99
2022-04-30,1.68,1.6,1.3,2.05,1.68,2.239,269,0,0.0,1.402,,1.843,,2.582,1.391,1.312,1.679,1.413,,2.179,1.58,1.614,2.105,1.883,1.809,1.624,,1.277,1.946,1.094,1.51,1.8,1.961
2022-05-31,1.625,1.55,1.3,1.962,1.625,2.284,284,0,0.0,1.42,,1.794,1.45,2.382,1.368,1.322,1.655,1.425,,2.138,1.232,1.296,2.337,1.835,1.699,1.603,,1.277,1.865,1.004,1.443,1.748,1.921
2022-06-30,1.652,1.55,1.35,2.0,1.652,2.294,292,0,0.0,1.436,,1.844,1.45,2.009,1.412,1.379,1.698,1.442,,2.125,1.25,1.572,2.418,1.886,1.699,1.644,,1.511,1.775,1.075,1.462,1.765,1.98
2022-07-31,1.737,1.55,1.36,2.0,1.737,2.297,308,0,0.0,1.452,,1.908,1.45,2.023,1.425,1.435,1.675,1.527,,2.15,1.256,1.583,2.42,1.873,2.219,1.686,,1.512,1.762,1.445,1.619,1.797,2.014
2022-08-31,1.808,1.55,1.35,2.05,1.808,2.429,298,0,0.0,1.472,,1.887,1.417,1.946,1.394,1.641,1.637,1.395,,2.142,1.834,1.627,2.437,1.811,2.467,1.684,,2.102,1.745,1.49,1.797,1.769,2.042
2022-09-30,1.811,1.55,1.33,1.95,1.811,2.45,307,0,0.0,1.491,,1.851,1.45,1.9,1.388,1.431,1.59,1.439,,2.098,1.811,1.594,2.295,1.828,2.544,1.65,,2.158,1.708,1.426,1.776,1.806,1.951
2022-10-31,1.791,1.55,1.306,2.0,1.791,2.476,327,0,0.0,1.51,,1.855,1.433,1.829,1.39,1.317,1.766,1.425,,1.955,1.911,1.887,2.267,1.798,2.449,1.643,,2.154,1.726,1.437,1.748,1.791,1.927
2022-11-30,1.802,1.6,1.35,2.05,1.802,2.459,315,0,0.0,1.528,,1.875,1.433,1.825,1.396,1.504,1.841,1.538,,2.08,1.98,1.938,2.297,1.807,2.276,1.746,,2.342,1.728,1.446,1.787,1.777,1.953
2022-12-31,1.866,1.65,1.35,2.05,1.866,2.473,317,0,0.0,1.547,,2.074,1.433,1.678,1.457,1.635,1.451,1.568,,2.061,2.016,2.193,2.32,1.811,2.496,1.777,,2.336,1.708,1.423,1.919,1.768,2.115
2023-01-31,2.105,1.9,1.59,2.325,2.105,2.406,319,0,0.0,1.513,,2.243,1.667,1.839,1.721,1.803,1.725,1.88,,2.332,2.202,2.709,2.658,1.995,2.821,2.024,,2.426,1.833,1.739,2.17,2.031,2.324
2023-02-28,2.859,2.6,2.2,3.15,3.945,2.543,225,4,0.972,1.494,,3.532,2.417,2.336,2.21,2.16,2.508,2.332,,3.067,3.444,3.137,3.547,2.337,3.365,2.981,,2.262,2.376,2.376,2.928,2.833,2.799
2023-03-31,2.867,2.55,2.05,3.15,2.867,2.582,201,0,0.0,1.512,,3.553,1.995,2.283,2.138,2.048,2.226,2.284,,3.035,2.8,3.208,3.327,2.204,3.28,3.467,,2.275,2.475,2.33,2.834,2.885,2.853
2023-04-30,2.927,2.65,2.166,3.262,2.927,2.626,204,0,0.0,1.523,,3.565,2.2,2.415,2.244,2.009,2.289,2.362,,3.089,2.781,3.443,3.37,2.279,3.373,3.578,,2.355,2.568,2.887,2.801,2.966,3.019
2023-05-31,2.73,2.45,2.0,3.2,2.763,2.611,249,1,0.314,1.551,,4.059,2.2,2.509,2.195,1.812,2.107,2.191,,2.944,3.001,3.596,3.585,2.196,2.999,2.995,,2.422,2.402,2.591,2.708,2.765,2.628
2023-06-30,2.684,2.4,1.9,3.2,2.747,2.505,298,2,0.598,1.57,,4.427,2.243,2.913,2.04,1.621,2.125,2.153,,2.789,2.553,3.557,3.682,2.165,3.258,2.931,,2.387,2.236,2.735,2.667,2.717,2.561
2023-07-31,2.433,2.15,1.65,3.0,2.596,2.539,293,4,1.182,1.596,,4.178,1.8,2.609,1.794,1.501,1.901,1.77,,2.505,2.399,3.576,3.085,1.956,2.861,2.951,,2.181,2.039,2.727,2.242,2.542,2.397
2023-08-31,2.217,1.95,1.45,2.7,2.372,2.477,316,3,0.86,1.626,,3.792,1.64,2.132,1.568,1.493,1.677,1.638,,2.288,1.956,3.503,2.979,1.889,2.644,2.642,,2.034,1.843,2.317,2.094,2.259,2.351
2023-09-30,2.125,1.9,1.4,2.625,2.25,2.451,319,3,0.802,1.649,,3.591,1.6,2.042,1.489,1.384,1.828,1.607,,2.296,1.887,3.307,2.736,1.527,2.601,2.588,,2.768,1.708,1.892,2.028,2.172,2.207
2023-10-31,2.005,1.83,1.35,2.55,2.221,2.494,325,5,1.778,1.67,,2.517,1.618,2.021,1.448,1.272,1.731,2.043,,2.288,1.779,3.703,2.815,1.5,2.241,2.453,,2.435,1.627,1.748,1.845,2.109,2.007
2023-11-30,1.939,1.75,1.25,2.432,2.174,2.55,328,6,1.85,1.692,,2.46,1.568,1.951,1.328,1.296,1.691,1.988,,2.273,1.747,3.819,2.728,1.336,2.157,2.334,,2.236,1.573,1.639,1.862,1.959,2.084
2023-12-31,2.042,1.8,1.3,2.65,2.274,2.517,342,5,1.671,1.705,,2.703,1.547,1.959,1.413,1.281,1.696,2.267,,2.322,1.959,3.939,3.018,1.277,2.304,2.502,,2.213,1.689,1.968,1.921,2.094,2.193
2024-01-31,1.97,1.65,1.122,2.5,2.001,2.467,330,1,0.361,1.731,,3.118,1.547,1.914,1.25,1.119,1.411,2.138,,2.251,1.908,3.837,3.171,1.219,2.371,2.449,,2.021,1.636,1.821,1.966,1.943,2.127
2024-02-29,1.899,1.6,1.1,2.45,1.923,2.479,325,1,0.272,1.751,,3.198,1.514,1.878,1.236,1.015,1.379,2.177,,2.249,1.841,3.494,2.326,1.142,2.259,2.518,,1.802,1.569,1.647,1.912,1.864,2.045
2024-03-31,1.825,1.6,1.049,2.275,1.875,2.415,336,2,0.403,1.773,,2.983,1.45,1.951,1.17,1.002,1.457,2.16,,2.247,1.766,3.059,2.191,1.005,2.014,2.531,,1.662,1.532,1.343,1.763,1.877,1.798
2024-04-30,1.823,1.55,1.05,2.215,1.931,2.444,355,3,0.558,1.791,,2.625,1.264,1.825,1.132,1.11,1.491,2.308,,2.256,1.663,2.939,2.16,1.034,1.964,2.891,,1.631,1.445,1.343,1.799,1.878,1.633
2024-05-31,1.766,1.5,0.95,2.1,1.967,2.495,365,5,0.846,1.807,,2.758,1.023,1.975,1.074,1.088,1.464,2.457,,2.222,1.613,3.208,1.938,1.016,1.796,2.703,,1.513,1.445,1.379,1.832,1.77,1.549
2024-06-30,1.645,1.4,0.9,2.1,1.891,2.521,360,7,1.702,1.828,,2.061,1.013,2.35,1.0,1.06,1.435,1.616,,2.203,1.467,3.143,1.856,0.968,1.887,2.522,,1.404,1.422,1.226,1.669,1.668,1.52
2024-07-31,1.602,1.3,0.88,2.048,1.785,2.497,373,7,1.177,1.853,,2.609,1.099,2.42,0.968,1.064,1.32,1.715,,2.193,1.338,3.037,1.822,0.857,1.821,2.168,,1.381,1.394,1.111,1.739,1.536,1.455
2024-08-31,1.53,1.25,0.845,1.963,1.681,2.559,384,6,0.958,1.875,,2.197,1.038,1.031,0.918,1.081,1.153,1.6,,2.225,1.145,3.022,1.878,0.926,1.704,2.134,,1.341,1.402,1.118,1.584,1.529,1.385
2024-09-30,1.46,1.2,0.85,2.0,1.678,2.605,393,10,1.486,1.894,,2.012,1.0,1.442,0.959,1.006,1.174,1.53,1.7,2.144,1.066,3.015,1.742,0.796,1.586,1.898,,1.326,1.332,1.1,1.565,1.444,1.27
2024-10-31,1.542,1.3,0.9,2.0,1.74,2.556,400,8,1.104,1.91,,2.196,1.063,1.419,1.017,1.009,1.252,1.507,1.55,2.238,1.21,2.976,1.83,0.867,1.605,2.028,,1.404,1.38,1.374,1.681,1.491,1.38
2024-11-30,1.497,1.25,0.9,1.85,1.821,2.571,400,9,1.044,1.925,,1.979,1.066,1.362,0.966,1.035,1.139,1.538,1.5,2.181,1.216,3.384,1.878,0.888,1.599,2.024,,1.216,1.342,1.159,1.639,1.439,1.376
2024-12-31,1.996,1.65,1.25,2.25,7.305,2.505,400,12,1.848,1.917,,3.122,1.578,1.599,1.327,1.241,1.386,1.973,1.9,2.984,1.577,4.861,2.583,1.081,1.828,2.527,,1.584,1.691,1.524,2.281,1.892,1.547
2025-01-31,1.817,1.45,1.0,2.1,2.055,2.53,420,8,0.689,1.951,,2.748,1.249,1.488,1.08,1.046,1.158,1.622,1.8,2.908,1.257,3.06,2.098,1.001,1.655,2.613,,1.49,1.595,1.193,2.279,1.628,1.317
2025-02-28,1.734,1.4,1.0,2.0,2.044,2.544,410,10,0.989,1.979,,2.209,1.179,1.46,1.007,0.973,1.081,1.544,1.75,3.022,1.21,2.714,2.223,0.896,1.736,2.047,,2.375,1.592,1.297,2.258,1.511,1.381
2025-03-31,1.653,1.3,0.95,1.95,2.012,2.58,436,13,1.613,2.005,,1.933,1.342,1.419,0.977,1.21,1.032,1.417,1.4,2.768,1.187,2.211,2.333,0.878,1.698,1.897,,2.244,1.337,1.222,2.2,1.438,1.342
2025-04-30,1.609,1.3,0.91,1.8,1.948,2.616,426,11,1.469,2.029,,1.843,1.559,1.386,0.963,0.866,1.01,1.544,1.3,2.815,1.186,2.228,2.208,0.853,1.567,1.846,,2.376,1.239,1.301,2.083,1.409,1.456
2025-05-31,1.515,1.3,0.9,1.7,1.814,2.638,426,9,0.894,2.059,,1.577,1.339,1.315,0.917,0.849,1.066,1.544,1.3,2.442,1.061,2.233,2.724,0.844,1.529,2.011,,1.525,1.181,1.194,1.827,1.406,1.35
2025-06-30,1.446,1.2,0.85,1.7,1.777,2.668,424,11,1.254,2.086,,1.508,1.232,1.262,0.889,0.788,1.038,1.556,1.2,2.423,1.042,2.315,2.196,0.71,1.486,1.868,,1.578,1.187,1.291,1.78,1.34,1.247
2025-07-31,1.421,1.2,0.85,1.7,1.828,2.609,417,12,1.772,2.115,,1.517,1.198,1.27,0.882,0.697,0.892,1.585,1.2,2.378,1.052,2.506,1.899,0.705,1.454,1.842,,1.918,1.197,1.245,1.784,1.317,1.114
2025-08-31,1.439,1.2,0.81,1.8,1.977,2.648,401,13,2.274,2.137,,1.485,1.325,1.269,0.846,0.75,0.886,1.569,1.2,2.352,1.054,3.078,2.796,0.701,1.452,1.52,4.5,1.817,1.107,1.154,1.779,1.332,1.218
2025-09-30,1.394,1.2,0.85,1.65,1.638,2.607,397,7,0.709,2.159,,1.43,1.299,1.206,0.841,1.149,0.9,1.355,1.2,2.042,1.067,2.968,1.631,0.715,1.532,1.904,4.0,1.287,1.043,1.032,1.636,1.345,1.103
2025-10-31,1.421,1.3,0.9,1.8,1.826,2.679,405,11,1.949,2.178,,1.711,1.411,1.143,0.923,1.149,0.882,1.423,1.3,2.485,1.134,1.277,1.92,0.795,1.598,1.626,4.0,1.063,1.105,1.169,1.644,1.354,1.327
2025-11-30,1.47,1.3,0.9,1.9,2.156,2.75,380,14,2.016,2.209,,1.759,1.406,1.134,0.927,0.908,0.82,1.582,1.3,2.261,1.115,2.775,1.916,0.735,1.602,1.592,4.0,1.414,1.058,1.642,1.606,1.463,1.265
2025-12-31,1.432,1.3,0.858,2.0,2.463,2.765,398,17,2.348,2.233,,1.888,1.386,1.216,0.907,0.743,0.861,1.59,1.33,2.358,1.263,1.206,1.992,0.725,1.561,1.543,3.696,1.385,1.077,1.629,1.57,1.432,1.188
2026-01-31,1.399,1.25,0.85,1.85,2.151,2.743,441,13,1.115,2.267,,1.61,1.218,1.104,0.848,0.719,0.842,1.749,1.25,2.124,1.133,3.204,1.836,0.698,1.583,1.557,3.591,1.152,1.021,1.562,1.612,1.337,1.3
2026-02-28,1.42,1.25,0.828,1.9,2.398,2.754,464,21,2.041,2.274,,1.723,1.204,1.136,0.868,0.676,0.865,1.707,1.3,2.102,1.155,1.076,2.064,0.65,1.607,2.434,3.627,1.199,1.024,1.263,1.394,1.39,1.605
2026-03-31,1.541,1.4,1.0,2.2,2.906,2.687,490,24,3.3,2.274,,2.697,1.42,1.35,1.056,0.832,1.036,2.03,1.5,2.259,1.216,1.374,2.442,0.808,1.948,1.597,3.005,1.468,1.22,1.362,1.581,1.553,1.384
2026-04-30,1.687,1.375,0.9,2.2,20.648,2.706,486,14,1.667,2.312,,2.068,1.337,1.355,0.973,0.803,0.969,1.83,1.6,2.393,1.19,1.159,2.883,0.664,3.007,2.936,0.986,1.206,1.145,1.238,1.597,1.748,1.56
