mes,beg,nna,mkt,end,chk,src
2020-06,4009.0,24.6,76.5,4110.1,0.0,2021-07-16
2020-07,4110.1,11.2,156.7,4278.0,0.0,2021-07-16
2020-08,4278.0,20.0,191.7,4489.7,0.0,2021-07-16
2020-09,4489.7,20.0,-114.4,4395.3,0.0,2021-07-16
2020-10,4395.3,1596.9,-113.7,5878.5,0.0,2021-07-16
2020-11,5878.5,32.1,510.4,6421.0,0.0,2021-07-16
2020-12,6421.0,61.7,209.0,6691.7,0.0,2021-07-16
2021-01,6691.7,34.2,33.7,6759.6,0.0,2021-07-16
2021-02,6759.6,37.0,103.9,6900.5,0.0,2021-07-16
2021-03,6900.5,62.6,106.0,7069.1,0.0,2021-07-16
2021-04,7069.1,37.2,229.8,7336.1,0.0,2021-07-16
2021-05,7336.1,28.1,31.5,7395.7,0.0,2021-07-16
2021-06,7395.7,43.5,135.6,7574.8,0.0,2022-07-18
2021-07,7574.8,44.3,23.6,7642.7,0.0,2022-07-18
2021-08,7642.7,51.8,143.7,7838.2,0.0,2022-07-18
2021-09,7838.2,42.9,-267.1,7614.0,0.0,2022-10-17
2021-10,7614.0,22.9,345.4,7982.3,0.0,2022-10-17
2021-11,7982.3,31.4,-95.4,7918.3,0.0,2022-10-17
2021-12,7918.3,80.3,139.4,8138.0,0.0,2023-01-18
2022-01,8138.0,33.6,-367.8,7803.8,0.0,2023-01-18
2022-02,7803.8,40.6,-157.8,7686.6,0.0,2023-01-18
2022-03,7686.6,46.3,129.2,7862.1,0.0,2023-04-17
2022-04,7862.1,-9.2,-568.5,7284.4,0.0,2023-04-17
2022-05,7284.4,32.8,-15.5,7301.7,0.0,2023-04-17
2022-06,7301.7,19.8,-489.0,6832.5,0.0,2023-07-18
2022-07,6832.5,31.5,440.8,7304.8,0.0,2023-07-18
2022-08,7304.8,43.3,-220.5,7127.6,0.0,2023-07-18
2022-09,7127.6,39.8,-523.2,6644.2,0.0,2023-10-16
2022-10,6644.2,42.0,318.4,7004.6,0.0,2023-10-16
2022-11,7004.6,33.1,282.9,7320.6,0.0,2023-10-16
2022-12,7320.6,53.3,-324.1,7049.8,0.0,2024-01-17
2023-01,7049.8,36.1,394.7,7480.6,0.0,2024-01-17
2023-02,7480.6,41.7,-142.1,7380.2,0.0,2024-01-17
2023-03,7380.2,72.9,126.9,7580.0,0.0,2024-04-15
2023-04,7580.0,13.6,37.9,7631.5,0.0,2024-04-15
2023-05,7631.5,24.6,-5.9,7650.2,0.0,2024-04-15
2023-06,7650.2,33.8,331.8,8015.8,0.0,2024-07-16
2023-07,8015.8,12.9,212.3,8241.0,0.0,2024-07-16
2023-08,8241.0,8.1,-154.4,8094.7,0.0,2024-07-16
2023-09,8094.7,27.2,-297.4,7824.5,0.0,2024-10-15
2023-10,7824.5,5.0,-176.1,7653.4,0.0,2024-10-15
2023-11,7653.4,19.2,508.0,8180.6,0.0,2024-10-15
2023-12,8180.6,42.1,293.9,8516.6,0.0,2025-01-21
2024-01,8516.6,14.8,26.7,8558.1,0.0,2025-01-21
2024-02,8558.1,31.7,289.7,8879.5,0.0,2025-01-21
2024-03,8879.5,41.7,197.2,9118.4,0.0,2025-04-17
2024-04,9118.4,10.0,-280.9,8847.5,0.0,2025-04-17
2024-05,8847.5,31.0,327.8,9206.3,0.0,2025-04-17
2024-06,9206.3,33.2,168.0,9407.5,0.0,2025-07-18
2024-07,9407.5,29.0,135.6,9572.1,0.0,2025-07-18
2024-08,9572.1,31.5,134.1,9737.7,0.0,2025-07-18
2024-09,9737.7,30.3,152.5,9920.5,0.0,2025-10-16
2024-10,9920.5,22.7,-91.2,9852.0,0.0,2025-10-16
2024-11,9852.0,25.5,427.9,10305.4,0.0,2025-10-16
2024-12,10305.4,60.2,-264.3,10101.3,0.0,2026-01-21
2025-01,10101.3,30.5,201.3,10333.1,0.0,2026-01-21
2025-02,10333.1,46.6,-99.5,10280.2,0.0,2026-01-21
2025-03,10280.2,55.3,-405.8,9929.7,0.0,2026-04-16
2025-04,9929.7,1.1,-38.6,9892.2,0.0,2026-04-16
2025-05,9892.2,33.6,423.2,10349.0,0.0,2026-04-16
2025-06,10349.0,38.9,369.4,10757.3,0.0,2026-07-21
2025-07,10757.3,45.7,160.5,10963.5,0.0,2026-07-21
2025-08,10963.5,43.3,221.3,11228.1,0.0,2026-07-21
2025-09,11228.1,45.4,320.4,11593.9,0.0,2026-07-21
2025-10,11593.9,41.6,192.5,11828.0,0.0,2026-07-21
2025-11,11828.0,38.7,-32.4,11834.3,0.0,2026-07-21
2025-12,11834.3,77.9,-9.2,11903.0,0.0,2026-07-21
2026-01,11903.0,27.6,217.9,12148.5,0.0,2026-07-21
2026-02,12148.5,32.5,39.3,12220.3,0.0,2026-07-21
2026-03,12220.3,79.8,-532.2,11767.9,0.0,2026-07-21
2026-04,11767.9,6.7,830.7,12605.3,0.0,2026-07-21
2026-05,12605.3,49.9,480.1,13135.3,0.0,2026-07-21
2026-06,13135.3,62.1,-112.5,13084.9,0.0,2026-07-21
2026-07,13084.9,60.1,-102.5,13042.5,0.0,smar
