,auc,auc_ret,nnm,nnm_ret,eq,rf,fd,aprec,aprec_pct,aprec_ret,aprec_ret_pct,cdi_pct
1Q18,144471.01,144471.013,14665.61,,28452.8664,54058.5589,47105.4438,,,,,1.59
2Q18,158441.23,158441.2341,16535.45,,28842.1438,58101.4274,53876.5904,-2565.2299999999996,-1.78,,,1.56
3Q18,180816.87,180816.8664,17296.41,,33064.37,64662.3917,61746.6631,5079.229999999985,3.21,,,1.59
4Q18,202050.32,202050.3172,17254.3,,40696.7913,67629.499,70182.7133,3979.1500000000124,2.2,,,1.54
1Q19,231950.02,228172.3214,21801.6899,21713.0689,49629.2,71330.0,79646.5,8098.010099999981,4.01,4408.935299999997,2.18,1.51
2Q19,273715.37,259595.4497,33452.5667,23147.9624,59006.7468,76042.3188,92611.1606,8312.783300000003,3.58,8275.16590000001,3.63,1.54
3Q19,350359.07,297430.4568,67606.9103,31116.868,74177.5526,78014.3868,107163.6395,9036.789700000008,3.3,6718.139099999989,2.59,1.54
4Q19,409458.27,348386.0761,32408.567,30012.0272,101655.119,82373.8537,119255.3788,26690.633000000013,7.62,20943.59210000002,7.04,1.24
1Q20,365709.71,329434.5296,14900.4236,33371.6907,83192.3902,83042.5459,110999.2881,-58648.9836,-14.32,-52323.237199999996,-15.02,1.01
2Q20,435680.66,392047.4904,29401.2378,28434.1771,119560.4388,93103.7531,117951.7972,40569.71219999995,11.09,34178.7837,10.37,0.73
3Q20,563297.71,513688.3129,116579.1026,117386.7857,218467.1357,96830.6888,130295.1761,11037.94739999999,2.53,4254.036800000016,1.09,0.51
4Q20,659833.26,591036.6877,37038.9507,35275.1401,262040.548,106111.2285,143060.4541,59496.599300000045,10.56,42073.23469999999,8.19,0.47
1Q21,715113.57,650843.8459,69065.7138,82020.7399,306448.5163,113693.4213,145194.0402,-13785.403800000058,-2.09,-22213.581700000053,-3.76,0.49
2Q21,817318.58,723319.3165,75378.5126,57256.1044,343148.1104,129810.3172,160101.2395,26826.497400000007,3.75,15219.366200000004,2.34,0.79
3Q21,789433.0,709207.6089,37277.1711,37800.9675,300153.524,152930.4783,165076.6666,-65162.75109999996,-7.97,-51912.675099999964,-7.18,1.23
4Q21,814752.69,724322.9244,48200.9655,41208.3478,275381.3414,180530.1434,170881.146,-22881.275500000054,-2.9,-26093.032299999977,-3.68,1.85
1Q22,873075.49,771351.0916,46127.8251,46389.7532,296605.7592,205050.6958,171832.6528,12194.974900000045,1.5,638.4140000000261,0.09,2.43
2Q22,846189.9,757423.6228,42772.8494,40433.6637,247185.3222,232918.7207,175018.6028,-69658.43939999997,-7.98,-54361.13250000003,-7.05,2.91
3Q22,924632.3935,829376.3357,34814.6561,32234.3348,277987.1741,252658.6204,192314.8466,43627.83739999998,5.16,39718.378100000045,5.24,3.31
4Q22,945942.3873,843135.0242,31012.2922,28778.9614,257513.1285,265919.2336,206978.111,-9702.298400000062,-1.05,-15020.272900000069,-1.81,3.2
1Q23,954248.8527,853963.2305,16209.4496,15543.1302,244945.53,283745.7413,208049.0071,-7902.984199999897,-0.84,-4714.923900000038,-0.56,3.25
2Q23,1023625.0048,922389.6,22026.4494,18369.0773,280428.6909,306325.4237,221780.3009,47349.70269999995,4.96,50057.292200000025,5.86,3.15
3Q23,1080196.5541,978611.7956,48103.2609,48071.9494,286883.4418,328507.7561,242393.3212,8468.28840000007,0.83,8150.24619999998,0.88,3.22
4Q23,1122419.088,1011489.3922,18533.4165,11534.8613,310253.6088,334289.4604,237594.732,23689.117399999923,2.19,21342.735300000048,2.18,2.83
1Q24,1176873.4927,1014858.7661,13176.1367,12859.3889,307879.0156,337064.6129,242717.3554,41278.26800000007,3.68,-9490.014999999994,-0.94,2.62
2Q24,1203945.1652,1032239.4466,32498.8588,23516.7722,294439.6232,353400.0494,248483.1252,-5427.186300000132,-0.46,-6136.091699999983,-0.6,2.53
3Q24,1269782.3219,1067435.8421,34042.6156,24838.038,302759.7064,362632.3211,259511.9031,31794.54110000017,2.64,10358.357499999984,1.0,2.63
4Q24,1285922.2356,1080856.1683,29055.8166,19545.9429,284954.6682,387063.2769,259037.5421,-12915.902900000081,-1.02,-6125.616699999988,-0.57,2.68
1Q25,1328105.2883,1117821.3712,23548.2194,19681.8031,294651.9837,404580.6979,260109.1199,18634.833299999882,1.45,17283.399799999916,1.6,2.99
2Q25,1371902.8917,1170564.5535,9592.1371,15616.1865,307483.354,428547.8124,271624.4742,34205.46630000014,2.58,37126.99579999999,3.32,3.33
3Q25,1424548.8614,1211105.9057,29152.7861,20345.5242,307679.4592,441288.2279,287578.971,23493.183600000015,1.71,20195.82800000008,1.73,3.7
4Q25,1491439.0,1260148.0,31970.9588,19922.2393,312935.0,453195.0,304596.0,34919.17979999995,2.45,29119.854999999996,2.4,3.59
1Q26,1529031.8925,1295696.5066,14262.0,18739.0,325920.9397,446724.5062,331287.4022,23330.892500000075,1.56,16809.506599999964,1.33,3.41
2Q26,1534791.9846,1299958.3978,27604.1412,19980.0,304717.4172,455012.0835,342322.222,-21844.04909999999,-1.43,-15718.108800000045,-1.21,3.32
