,admin XP ex-tes,gestoras XP (Gestão/Vista/Advisory),admin XP exclusivos,indústria ex-FIC,Renda Fixa,Ações,Multimercado,w_eq,w_rf,w_fd,w_ot,bottom-up,AuC varejo,CDI,gap
3Q18,1.922,1.49,1.948,2.637,1.749,7.289,2.903,0.182,0.367,0.34,0.111,2.816,,1.59,
4Q18,2.179,4.692,1.333,2.688,2.2,14.68,2.477,0.183,0.358,0.341,0.118,4.475,,1.54,
1Q19,3.352,3.201,3.249,2.419,2.003,8.294,3.505,0.201,0.335,0.347,0.117,3.739,2.18,1.51,-1.559
2Q19,4.553,3.889,4.15,2.81,2.34,7.67,3.212,0.218,0.313,0.349,0.121,4.272,3.63,1.54,-0.642
3Q19,3.138,2.772,3.222,2.552,1.718,6.105,3.88,0.227,0.293,0.357,0.123,3.222,2.59,1.54,-0.632
4Q19,-4.423,4.006,3.024,3.057,1.854,12.821,3.168,0.249,0.262,0.36,0.128,2.327,7.04,1.24,4.713
1Q20,-1.921,-9.17,0.549,-4.184,0.267,-32.848,-1.5,0.292,0.236,0.342,0.129,-10.144,-15.02,1.01,-4.876
2Q20,6.361,7.259,6.681,4.792,1.388,29.515,5.217,0.253,0.252,0.337,0.158,10.167,10.37,0.73,0.203
3Q20,1.531,2.334,1.798,1.585,0.781,3.51,2.05,0.305,0.237,0.301,0.157,1.839,1.09,0.51,-0.749
4Q20,4.11,4.46,5.129,4.421,1.695,20.488,4.832,0.425,0.189,0.254,0.133,10.3,8.19,0.47,-2.11
1Q21,0.986,0.653,2.038,1.318,0.431,6.807,3.063,0.443,0.18,0.242,0.135,3.392,-3.76,0.49,-7.152
2Q21,1.705,2.339,1.421,2.472,1.263,9.731,2.217,0.471,0.175,0.223,0.131,5.349,2.34,0.79,-3.009
3Q21,-1.045,-0.443,-0.543,-0.494,1.151,-9.254,0.858,0.474,0.179,0.221,0.125,-4.271,-7.18,1.23,-2.909
4Q21,0.952,1.601,2.167,0.34,2.019,-7.671,1.488,0.423,0.216,0.233,0.128,-2.33,-3.68,1.85,-1.35
1Q22,2.403,0.137,2.466,2.797,2.882,5.125,2.081,0.38,0.249,0.236,0.135,3.622,0.09,2.43,-3.532
2Q22,0.155,0.16,-0.391,0.499,2.981,-16.054,1.676,0.385,0.266,0.223,0.127,-4.968,-7.05,2.91,-2.082
3Q22,4.225,3.143,6.093,3.931,2.992,10.488,4.074,0.326,0.308,0.231,0.135,5.723,5.24,3.31,-0.483
4Q22,0.924,1.527,0.9,1.836,2.875,4.404,1.335,0.335,0.305,0.232,0.128,2.935,-1.81,3.2,-4.745
1Q23,0.941,1.625,0.561,1.849,3.093,-4.356,1.646,0.305,0.315,0.245,0.134,0.29,-0.56,3.25,-0.85
2Q23,3.618,3.414,3.279,4.842,3.343,16.066,6.011,0.287,0.332,0.244,0.137,7.06,5.86,3.15,-1.2
3Q23,3.033,2.158,4.206,2.188,2.918,-1.285,1.56,0.304,0.332,0.24,0.123,1.667,0.88,3.22,-0.787
4Q23,3.266,3.556,3.164,3.941,3.069,10.482,4.711,0.293,0.336,0.248,0.123,5.291,2.18,2.83,-3.111
1Q24,1.868,2.211,1.749,1.991,2.567,-0.836,-0.663,0.307,0.33,0.235,0.128,1.359,-0.94,2.62,-2.299
2Q24,0.774,1.691,0.387,1.681,2.211,-2.207,0.091,0.303,0.332,0.239,0.125,0.527,-0.6,2.53,-1.127
3Q24,0.833,3.213,-1.832,2.732,2.738,3.798,4.903,0.285,0.342,0.241,0.132,2.582,1.0,2.63,-1.582
4Q24,1.296,1.661,1.533,1.888,2.301,-4.949,3.301,0.284,0.34,0.243,0.134,0.0,-0.57,2.68,-0.57
1Q25,3.379,3.217,3.253,2.806,3.092,3.075,2.781,0.264,0.358,0.24,0.139,3.156,1.6,2.99,-1.556
2Q25,5.578,4.347,7.143,3.788,3.062,9.913,3.744,0.264,0.362,0.233,0.142,5.453,3.32,3.33,-2.133
3Q25,3.213,3.868,2.988,3.128,3.51,1.881,2.852,0.263,0.366,0.232,0.139,3.013,1.73,3.7,-1.283
4Q25,3.729,4.177,3.759,3.446,3.353,5.871,-2.692,0.254,0.364,0.237,0.144,4.082,2.4,3.59,-1.682
1Q26,4.022,2.992,5.015,3.354,3.754,5.304,0.671,0.248,0.36,0.242,0.15,4.204,1.33,3.41,-2.874
2Q26,1.799,2.339,1.677,2.379,2.939,-1.605,2.283,0.252,0.345,0.256,0.148,1.505,-1.21,3.32,-2.715
3Q26,2.581,2.922,2.795,2.976,3.191,4.919,1.367,,,,,,,,
4Q26,2.716,2.04,4.703,1.154,0.324,7.283,-6.45,,,,,,,,
