,auc_xp,cdi,bottom_up,acoes_cvm,rf_cvm,adm_xp,w_eq,w_rf,w_fd,w_ot,pf_count,ibov,ex_petr_vale,equal,bottom_up_pf,gap_cvm,gap_pf
1Q20,-15.02,1.01,-10.144,-32.848,0.267,-1.921,0.292,0.236,0.342,0.129,-38.128,-37.965,-37.335,-39.246,-11.693,-4.876,-3.327
2Q20,10.37,0.73,10.167,29.515,1.388,6.361,0.253,0.252,0.337,0.158,25.874,30.178,27.792,33.721,9.259,0.203,1.111
3Q20,1.09,0.51,1.839,3.51,0.781,1.531,0.305,0.237,0.301,0.157,0.063,-0.476,-0.697,0.903,0.788,-0.749,0.302
4Q20,8.19,0.47,10.3,20.488,1.695,4.11,0.425,0.189,0.254,0.133,31.563,26.111,20.926,25.632,15.004,-2.11,-6.814
1Q21,-3.76,0.49,3.392,6.807,0.431,0.986,0.443,0.18,0.242,0.135,-5.137,-2.24,-3.278,0.378,-1.901,-7.152,-1.859
2Q21,2.34,0.79,5.349,9.731,1.263,1.705,0.471,0.175,0.223,0.131,5.862,8.719,4.899,7.497,3.528,-3.009,-1.188
3Q21,-7.18,1.23,-4.271,-9.254,1.151,-1.045,0.474,0.179,0.221,0.125,-9.404,-12.479,-11.128,-10.807,-4.338,-2.909,-2.842
4Q21,-3.68,1.85,-2.33,-7.671,2.019,0.952,0.423,0.216,0.233,0.128,-3.931,-5.548,-10.181,-5.312,-0.747,-1.35,-2.933
1Q22,0.09,2.43,3.622,5.125,2.882,2.403,0.38,0.249,0.236,0.135,14.014,14.479,11.768,10.282,6.999,-3.532,-6.909
2Q22,-7.05,2.91,-4.968,-16.054,2.981,0.155,0.385,0.266,0.223,0.127,-19.431,-17.881,-20.934,-23.696,-6.275,-2.082,-0.775
3Q22,5.24,3.31,5.723,10.488,2.992,4.225,0.326,0.308,0.231,0.135,12.273,11.665,9.661,11.181,6.303,-0.483,-1.063
4Q22,-1.81,3.2,2.935,4.404,2.875,0.924,0.335,0.305,0.232,0.128,-5.196,-0.005,-3.808,-6.332,-0.281,-4.745,-1.529
1Q23,-0.56,3.25,0.29,-4.356,3.093,0.941,0.305,0.315,0.245,0.134,-1.322,-7.406,-7.729,-6.385,1.216,-0.85,-1.776
2Q23,5.86,3.15,7.06,16.066,3.343,3.618,0.287,0.332,0.244,0.137,20.042,15.905,18.909,23.157,8.203,-1.2,-2.343
3Q23,0.88,3.22,1.667,-1.285,2.918,3.033,0.304,0.332,0.24,0.123,-5.291,-1.289,-6.051,-7.902,0.447,-0.787,0.433
4Q23,2.18,2.83,5.291,10.482,3.069,3.266,0.293,0.336,0.248,0.123,18.877,15.116,15.642,17.166,7.75,-3.111,-5.57
1Q24,-0.94,2.62,1.359,-0.836,2.567,1.868,0.307,0.33,0.235,0.128,-5.463,-4.53,-2.653,-6.184,-0.063,-2.299,-0.877
2Q24,-0.6,2.53,0.527,-2.207,2.211,0.774,0.303,0.332,0.239,0.125,-6.273,-3.278,-6.857,-8.106,-0.705,-1.127,0.105
3Q24,1.0,2.63,2.582,3.798,2.738,0.833,0.285,0.342,0.241,0.132,8.251,6.384,7.975,5.323,3.85,-1.582,-2.85
4Q24,-0.57,2.68,0.0,-4.949,2.301,1.296,0.284,0.34,0.243,0.134,-12.284,-8.75,-10.628,-13.584,-2.083,-0.57,1.513
1Q25,1.6,2.99,3.156,3.075,3.092,3.379,0.264,0.358,0.24,0.139,10.844,8.295,9.231,7.97,5.21,-1.556,-3.61
2Q25,3.32,3.33,5.453,9.913,3.062,5.578,0.264,0.362,0.233,0.142,7.259,6.598,11.551,8.894,4.759,-2.133,-1.439
3Q25,1.73,3.7,3.013,1.881,3.51,3.213,0.263,0.366,0.232,0.139,4.148,5.316,4.711,2.303,3.609,-1.283,-1.879
4Q25,2.4,3.59,4.082,5.871,3.353,3.729,0.254,0.364,0.237,0.144,7.516,10.181,8.276,5.221,4.496,-1.682,-2.096
1Q26,1.33,3.41,4.204,5.304,3.754,4.022,0.248,0.36,0.242,0.15,12.772,16.346,10.976,8.63,6.055,-2.874,-4.725
2Q26,-1.21,3.32,1.505,-1.605,2.939,1.799,0.252,0.345,0.256,0.148,-9.039,-8.235,-6.69,-9.233,-0.368,-2.715,-0.842
