,rev_eq,rev_eq_new,auc_eq,dats_mi,auc_ret,ord,yield_anual_pct,rev_por_dat_rs,rev_por_dia_mi
1Q18,,,28452.8664,,144471.013,181,,,
2Q18,,,28842.1438,,158441.2341,182,,,
3Q18,,,33064.37,,180816.8664,183,,,
4Q18,,,40696.7913,,202050.3172,184,,,
1Q19,,,49629.2,,228172.3214,191,,,
2Q19,,,59006.7468,,259595.4497,192,,,
3Q19,,,74177.5526,,297430.4568,193,,,
4Q19,,,101655.119,,348386.0761,194,,,
1Q20,,,83192.3902,1.74,329434.5296,201,,,
2Q20,,,119560.4388,2.66,392047.4904,202,,,
3Q20,,,218467.1357,2.75,513688.3129,203,,,
4Q20,,,262040.548,2.64,591036.6877,204,,,
1Q21,1252.2119,1252.2119,306448.5163,3.25,650843.8459,211,1.762161460807541,6.115809035409035,19.876379365079366
2Q21,1398.4098,1398.4098,343148.1104,2.67,723319.3165,212,1.7221884997821217,8.313476012127698,22.19698095238095
3Q21,1443.0481,1443.0481,300153.524,2.63,709207.6089,213,1.79455238144503,8.709325245941216,22.905525396825396
4Q21,1296.1912,1296.1912,275381.3414,2.5,724322.9244,214,1.8017204905202602,8.229785396825397,20.57446349206349
1Q22,1097.5689,1097.5689,296605.7592,2.32,771351.0916,221,1.535096017163573,7.509365763546798,17.42172857142857
2Q22,1062.6877,1062.6877,247185.3222,2.27,757423.6228,222,1.5633764309103286,7.430862876721908,16.86805873015873
3Q22,1120.1566,1120.1566,277987.1741,2.34,829376.3357,223,1.706344651164094,7.598403201736535,17.780263492063494
4Q22,995.0972,995.0972,257513.1285,2.708,843135.0242,224,1.4866056212010066,5.832789383601791,15.795193650793651
1Q23,1069.2653,1069.2653,244945.53,2.374,853963.2305,231,1.7024529790245417,7.149311322394726,16.97246507936508
2Q23,1064.2894,1064.2894,280428.6909,2.186,922389.6,232,1.620619143705686,7.728034098665388,16.893482539682537
3Q23,1130.6251,1130.6251,286883.4418,2.136,978611.7956,233,1.5943605431021308,8.401886778431722,17.94643015873016
4Q23,1180.1218,1180.1218,310253.6088,2.1936,1011489.3922,234,1.5810397948869126,8.53942927766779,18.73209206349206
1Q24,1128.1535,1128.1535,307879.0156,2.1539,1014858.7661,241,1.4600795434087428,8.3138485596817,17.90719841269841
2Q24,1115.319,1115.319,294439.6232,2.4096,1032239.4466,242,1.4813674067560667,7.347060172010371,17.70347619047619
3Q24,1058.7078,1058.7078,302759.7064,2.267,1067435.8421,243,1.4182303931374003,7.412830046001638,16.804885714285714
4Q24,1000.8186,1000.8186,284954.6682,2.3849,1080856.1683,244,1.362319716180037,6.661079929476927,15.886009523809523
1Q25,958.9948,958.9948,294651.9837,2.2208,1117821.3712,251,1.3236491290861945,6.854349640913042,15.222139682539684
2Q25,1029.6227,1029.6227,307483.354,2.3152,1170564.5535,252,1.367961832544677,7.059095309397658,16.343217460317458
3Q25,1043.3628,1043.3628,307679.4592,2.123,1211105.9057,253,1.3568606913315289,7.800901688984592,16.56131428571429
4Q25,1035.0751,1035.0751,312935.0,2.2111,1260148.0,254,1.33425843972022,7.430583642559582,16.429763492063493
1Q26,1167.1773,1167.1773,325920.9397,2.7235,1295696.5066,261,1.4615843447248458,6.802505529474503,18.52662380952381
2Q26,1138.271,1138.271,304717.4172,2.3734,1299958.3978,262,1.4439603776660161,7.6126205657679495,18.06779365079365
