CNPJ_FUNDO,ini,fim,pl_max
08.278.917/0001-64,2007-03,2016-07,23097743.92
09.463.421/0001-23,2008-06,2013-09,7853538.78
12.982.338/0001-75,2011-01,2015-06,261943964.96
17.858.592/0001-80,2013-05,2015-06,5048340.22
21.964.737/0001-02,2015-06,2016-07,104634121.17
22.975.153/0001-97,2016-02,2026-09,15206781720.94
23.720.458/0001-10,2016-05,2026-10,4276061640.79
24.018.842/0001-39,2016-05,2026-10,12244406332.93
25.285.078/0001-20,2016-09,2020-07,721655298.26
28.122.124/0001-69,2017-09,2026-10,2095321389.93
29.054.803/0001-00,2018-02,2020-07,967777143.5
33.784.256/0001-96,2019-07,2020-07,429300283.35
35.410.929/0001-73,2019-12,2026-10,12425718257.07
35.819.455/0001-18,2021-01,2026-10,4778734598.41
37.553.253/0001-00,2020-09,2026-09,37602555393.36
54.514.592/0001-99,2024-04,2025-12,564157964.72
60.349.942/0001-01,2025-04,2026-10,5982685241.26
61.414.981/0001-08,2025-07,2026-09,3407089983.85
63.918.341/0001-60,2025-12,2026-09,695266167.35
66.061.993/0001-10,2026-04,2026-09,768603246.77
68.151.028/0001-63,2026-09,2026-09,253756665.27
68.369.181/0001-61,2026-09,2026-10,11080380.18
