DT_COMPTC,pl,pnl,r,cdi,x_cdi
2019-01-31,2933407146.7999997,44903525.03501504,0.013220730500776101,0.0054304249443855035,2.4345664724534983
2019-02-28,2223459259.83,46190433.91657072,0.01779831468711146,0.004935533773950285,3.6061580170012917
2019-03-31,2376998267.9300003,37104105.48972991,0.015867172753626813,0.004688179544146465,3.3845062042127076
2019-04-30,3020973256.6499996,56107504.89044453,0.026592621857827403,0.005182948902365592,5.130789895630661
2019-05-31,2824542035.7000003,68124668.40654813,0.023014434195117284,0.0054304249443855035,4.238054006972663
2019-06-30,3507271802.52,1764303.9363025539,-0.0009560879340353434,0.004688179544146465,-0.20393586146441195
2019-07-31,3414246462.39,35256135.54896099,0.009204407789146662,0.005677961915006913,1.6210759999674031
2019-08-31,3436907401.25,82566591.02198264,0.02310691324129932,0.005017194899630484,4.60554427395299
2019-09-30,2946368136.98,35084209.31596879,0.010990340520137254,0.004637599908109413,2.3698336936999014
2019-10-31,4885290598.24,14515196.430161042,0.004438311900869296,0.004792640983502183,0.9260680940106714
2019-11-30,3425608818.85,55885767.54778274,0.016279131151007542,0.0038038559813271533,4.2796391953114385
2019-12-31,6176237816.059999,107582735.07413094,0.024287168178659613,0.0037470387078872847,6.4816966335406745
2020-01-31,6920151016.14,155861119.19429016,0.02427712761847256,0.0037663336752904453,6.445824961751537
2020-02-29,6866770133.38,176940078.79411662,0.026323662939061077,0.00293728631555501,8.961898879131615
2020-03-31,7555004378.38,223173827.76013997,0.03244700640664511,0.0033836914846629984,9.589233106420957
2020-04-30,7011994560.75,220128409.75568098,0.030199185325894273,0.0028492490278402283,10.598998202970588
2020-05-31,7597885716.33,192391176.2875036,0.027075052798848143,0.0023580961930711464,11.481742296350529
2020-06-30,10225689686.21,436237436.42751294,0.05453493424535405,0.0021233217736713605,25.683782327093848
2020-07-31,10576669595.560001,388722628.2913292,0.038554508858637426,0.0019434641302638056,19.838034702191308
2020-08-31,11420767496.14,312940638.76324433,0.028823796346137298,0.001598895978929482,18.027311798880035
2020-09-30,11074773600.49,277548936.68081313,0.02525257207834075,0.0015696620595304633,16.08790371469806
2020-10-31,12020632713.51,440835101.35365117,0.03961522416290153,0.0015696620595304633,25.238059314978745
2020-11-30,11817605935.23,287903537.8379869,0.024081030094716516,0.0014948604084066286,16.109216592594407
2020-12-31,13313087600.82,419304536.84051037,0.0335448155018403,0.0016444692975896569,20.398565999990296
2021-01-31,13551432136.92,632779982.5874444,0.04911769591649473,0.0014948604084066286,32.85771409843497
2021-02-28,14142798556.16,273483508.86197114,0.01979114124041792,0.0013452738652959262,14.711607614605946
2021-03-31,14842557588.269999,455998358.2687842,0.03271850373716556,0.0020107988327939808,16.271395827151736
2021-04-30,15607167976.529999,518025166.2869491,0.03426737517255973,0.0020778480243350828,16.491762039971807
2021-05-31,15833148144.53,687430874.9746077,0.04418757665607398,0.0027032626398217907,16.346016848361796
2021-06-30,19727253303.309998,779123352.784882,0.04976556170361146,0.003077789683316512,16.169253530665532
2021-07-31,19930247261.64,677233048.9406867,0.03953506226421566,0.003556161780191802,11.117340747665121
2021-08-31,19785828496.03,755582351.5430158,0.039110246078463584,0.004279524773424859,9.13892269565344
2021-09-30,20190449081.53,1064069091.7202817,0.056214502227215135,0.0044199933223521,12.718232388030074
2021-10-31,21689270118.18,511726170.3550184,0.024164838080832807,0.004859961025168724,4.972228780372548
2021-11-30,23102342189.96,720746128.7525443,0.033114600954426976,0.005867490939004627,5.643741302486716
2021-12-31,23325871583.78,837029393.851661,0.0375893485627985,0.007690830818633421,4.88755369208313
2022-01-31,24391419528.170002,467547972.21739763,0.019005086813940864,0.007322703246089635,2.595364877593488
2022-02-28,24804910508.43,846490964.1488659,0.03612564198241319,0.007550409870388908,4.784593499233761
2022-03-31,25011027112.520004,1140105766.0455108,0.046683285467433944,0.009270538628930902,5.0356605302034705
2022-04-30,26070457060.050003,457589954.6198863,0.01790145435785684,0.00834320523721388,2.1456327453158552
2022-05-31,25474327093.72,1092931089.9008617,0.042627547351012485,0.010345923015313563,4.120226613702531
2022-06-30,25380873897.22,783572038.6334627,0.031204664159724338,0.010153156089369508,3.0733954925007057
2022-07-31,26579248486.84,933929896.1124825,0.036092953239100556,0.010348424349291951,3.487772826166533
2022-08-31,28575070269.47,912255997.1237978,0.032600597027656164,0.011693612800063313,2.7878977682140844
2022-09-30,28166008650.54,912068635.6738609,0.032669630418777906,0.010719822473548524,3.0475906200304324
2022-10-31,29910516226.35,772938102.1646317,0.02684132207380774,0.010206758664957682,2.6297596479831165
2022-11-30,28841501049.26,906336002.7419705,0.032069545028184265,0.010206758664957682,3.1419911140141794
2022-12-31,27429434674.45,1011858198.379565,0.036944291247367644,0.011233146856986398,3.288863905877838
2023-01-31,28172159479.45,298351922.4268037,0.011322435620657156,0.011233146856986398,1.007948686579774
2023-02-28,27936778650.31,465221573.35455394,0.015380834106369479,0.009181412243290277,1.6752144113352174
2023-03-31,24660997255.85,1041734800.9519912,0.03977528695699517,0.01174673194761211,3.3860725803895386
2023-04-30,23716173435.78,408176191.85764086,0.017764155693469785,0.009181412243290277,1.9347955655135438
2023-05-31,23475565564.85,1025144175.7689508,0.047295113913172315,0.011233146856986398,4.210317421761237
2023-06-30,23436131930.440002,504985621.9860971,0.0223779802120585,0.010719822473548524,2.0875327242850172
2023-07-31,23413302031.41,794170108.3224417,0.03422703305815822,0.010719822473548524,3.192873122909864
2023-08-31,23750059676.12,1016757627.0912662,0.045450918504158055,0.011374956476198017,3.9957004318446097
2023-09-30,23449999135.53,413939458.3879215,0.018354256752699305,0.009729017544111374,1.8865478111722063
2023-10-31,23671732767.86,949733648.4593747,0.04199805652651345,0.009975672238483169,4.210047756430637
2023-11-30,23293250338.82,-88247620.49319172,-0.0030880764926952686,0.009159878255821985,-0.33713073541479643
2023-12-31,25919194309.35,1551656221.415636,0.062492777796242516,0.008945247967375058,6.98614258924571
2024-01-31,26921944094.75,458636033.63894,0.01614777775926468,0.00966690174365814,1.670419146430059
2024-02-29,26691538746.739998,-42237693.01514557,-0.0009306778014951389,0.008002004357681836,-0.1163055854376908
2024-03-31,23808544942.11,-351908439.8729708,-0.011028792338391491,0.008316737660555074,-1.3260959751922017
2024-04-30,23965091694.95,505623931.160238,0.019947865869077708,0.008874331113757794,2.2478162706992886
2024-05-31,24837178252.309998,438996377.0013714,0.01787342623867505,0.008324420253383646,2.1471076296766727
2024-06-30,28075256210.870003,433602686.27653074,0.017704473348329364,0.007883369678362895,2.2458002187721804
2024-07-31,27728211822.870003,680956152.4677075,0.02562026402844486,0.009071223424248709,2.8243449455735092
2024-08-31,30482318172.0,1015273609.6075823,0.035179369898527435,0.008675116705918473,4.0552042227313
2024-09-30,31729809512.37,823986562.7372673,0.026524499139112256,0.00835157409379228,3.175988004324586
2024-10-31,32816763936.39,915954457.7857735,0.028734418879506007,0.009279575755079428,3.0965229055625136
2024-11-30,34117335429.53,836547368.9608121,0.02652074492883738,0.007929903920274706,3.344396753790512
2024-12-31,35705201410.8,1333130290.673961,0.04235752628517364,0.0093143107189948,4.547574969642505
2025-01-31,33245030212.7,945164632.7176121,0.027065012423826085,0.010132013564148279,2.6712372868897982
2025-02-28,35336106548.509995,1295939522.3454733,0.03939445619489046,0.009853222624513602,3.998129109240048
2025-03-31,37603067360.91,450960810.1182612,0.013175075454226581,0.009640295622482142,1.366667161482162
2025-04-30,38225257459.06,200067471.42471796,0.005203505725789093,0.010558796236773471,0.49281240106392715
2025-05-31,39511130623.67,902005015.6067235,0.022959155380300578,0.011387758548166316,2.0161259376189986
2025-06-30,46049956673.020004,1229120112.637095,0.029940612218684715,0.010970512720405834,2.7291898730488064
2025-07-31,52099073462.67999,1028521654.7314585,0.02128248248282949,0.01275732508747951,1.668255871578978
2025-08-31,51638086030.43001,910365741.3825955,0.01802386189596783,0.011641561387977895,1.548234063738294
2025-09-30,53092157505.149994,1659866234.5220666,0.0323017352103796,0.012199289497186738,2.647837418550372
2025-10-31,55379303827.17999,1162529215.8773704,0.021422767711254842,0.01275732508747951,1.679252316951608
2025-11-30,60410179218.49,427883028.2331644,0.007378084946889851,0.010527026935209127,0.7008707199382956
2025-12-31,64430415559.96001,760913769.2063035,0.011880962921214211,0.012199289497186738,0.9739061380545206
2026-01-31,69620049469.48,980480669.0737513,0.014049326948296637,0.011641561387977895,1.2068249678952183
2026-02-28,69847180714.73,376376531.0481557,0.0055950358633021224,0.009970220253081363,0.5611747505350184
2026-03-31,70234574295.83,1189428815.262472,0.016895762227779443,0.012120535925043807,1.39397814851313
2026-04-30,69716319589.76,765771127.887371,0.011296660623248522,0.010900584045334005,1.0363353538000615
2026-05-31,70285756501.24,374813091.99446595,0.005396239076966847,0.010734353626207227,0.502707406973465
2026-06-30,70169398571.45999,2331010927.3137784,0.03437785044713326,0.011195038983485839,3.0708111421358275
2026-07-31,72985106633.43001,831717129.8523984,0.011794433950166994,0.012152202899923692,0.9705593337518299
2026-08-31,70469979191.46,863873612.2533321,0.012857159341687074,0.010931229193014591,1.1761860550781622
2026-09-30,69643422147.66,1104763326.5096087,0.02030994002074027,0.010816725728604037,1.8776421377711485
